
BuckBoost.elf:     file format elf32-littleriscv
BuckBoost.elf
architecture: riscv:rv32, flags 0x00000112:
EXEC_P, HAS_SYMS, D_PAGED
start address 0x00000000

Program Header:
    LOAD off    0x00001000 vaddr 0x00000000 paddr 0x00000000 align 2**12
         filesz 0x0000b214 memsz 0x0000b214 flags r-x
    LOAD off    0x0000d000 vaddr 0x20000000 paddr 0x0000b214 align 2**12
         filesz 0x00000210 memsz 0x0000031c flags rw-
    LOAD off    0x0000d800 vaddr 0x20007800 paddr 0x20007800 align 2**12
         filesz 0x00000000 memsz 0x00000800 flags rw-

Sections:
Idx Name          Size      VMA       LMA       File off  Algn
  0 .init         00000004  00000000  00000000  00001000  2**1
                  CONTENTS, ALLOC, LOAD, READONLY, CODE
  1 .vector       000001bc  00000004  00000004  00001004  2**1
                  CONTENTS, ALLOC, LOAD, READONLY, CODE
  2 .text         0000b054  000001c0  000001c0  000011c0  2**3
                  CONTENTS, ALLOC, LOAD, READONLY, CODE
  3 .fini         00000000  0000b214  0000b214  0000d210  2**0
                  CONTENTS, ALLOC, LOAD, CODE
  4 .dalign       00000000  20000000  20000000  0000d210  2**0
                  CONTENTS
  5 .dlalign      00000000  0000b214  0000b214  0000d210  2**0
                  CONTENTS
  6 .data         00000210  20000000  0000b214  0000d000  2**2
                  CONTENTS, ALLOC, LOAD, DATA
  7 .bss          0000010c  20000210  0000b424  0000d210  2**2
                  ALLOC
  8 .stack        00000800  20007800  20007800  0000d800  2**0
                  ALLOC
  9 .debug_info   00011160  00000000  00000000  0000d210  2**0
                  CONTENTS, READONLY, DEBUGGING
 10 .debug_abbrev 00002ca7  00000000  00000000  0001e370  2**0
                  CONTENTS, READONLY, DEBUGGING
 11 .debug_loc    0000447a  00000000  00000000  00021017  2**0
                  CONTENTS, READONLY, DEBUGGING
 12 .debug_aranges 000009f0  00000000  00000000  00025498  2**3
                  CONTENTS, READONLY, DEBUGGING
 13 .debug_ranges 00000970  00000000  00000000  00025e88  2**3
                  CONTENTS, READONLY, DEBUGGING
 14 .debug_line   0000db3a  00000000  00000000  000267f8  2**0
                  CONTENTS, READONLY, DEBUGGING
 15 .debug_str    0000341f  00000000  00000000  00034332  2**0
                  CONTENTS, READONLY, DEBUGGING
 16 .comment      00000033  00000000  00000000  00037751  2**0
                  CONTENTS, READONLY
 17 .debug_frame  00002ff8  00000000  00000000  00037784  2**2
                  CONTENTS, READONLY, DEBUGGING
 18 .stab         00000084  00000000  00000000  0003a77c  2**2
                  CONTENTS, READONLY, DEBUGGING
 19 .stabstr      00000117  00000000  00000000  0003a800  2**0
                  CONTENTS, READONLY, DEBUGGING
SYMBOL TABLE:
00000000 l    d  .init	00000000 .init
00000004 l    d  .vector	00000000 .vector
000001c0 l    d  .text	00000000 .text
0000b214 l    d  .fini	00000000 .fini
20000000 l    d  .dalign	00000000 .dalign
0000b214 l    d  .dlalign	00000000 .dlalign
20000000 l    d  .data	00000000 .data
20000210 l    d  .bss	00000000 .bss
20007800 l    d  .stack	00000000 .stack
00000000 l    d  .debug_info	00000000 .debug_info
00000000 l    d  .debug_abbrev	00000000 .debug_abbrev
00000000 l    d  .debug_loc	00000000 .debug_loc
00000000 l    d  .debug_aranges	00000000 .debug_aranges
00000000 l    d  .debug_ranges	00000000 .debug_ranges
00000000 l    d  .debug_line	00000000 .debug_line
00000000 l    d  .debug_str	00000000 .debug_str
00000000 l    d  .comment	00000000 .comment
00000000 l    d  .debug_frame	00000000 .debug_frame
00000000 l    d  .stab	00000000 .stab
00000000 l    d  .stabstr	00000000 .stabstr
00000000 l    df *ABS*	00000000 ./Startup/startup_ch32v30x_D8C.o
00000004 l       .vector	00000000 _vector_base
00000000 l    df *ABS*	00000000 adc.c
20000234 l     O .bss	00000010 digtal_param
00000000 l    df *ABS*	00000000 lead.c
00000000 l    df *ABS*	00000000 pid.c
00000000 l    df *ABS*	00000000 pwm.c
00000000 l    df *ABS*	00000000 ch32v30x_it.c
00000000 l    df *ABS*	00000000 main.c
0000ac20 l     O .text	0000000c mode_name.5943
20000214 l     O .bss	00000004 log_cnt
20000218 l     O .bss	00000004 loop_cnt
2000021c l     O .bss	00000004 prev_mode
200001f4 l     O .data	00000004 vref
00000000 l    df *ABS*	00000000 system_ch32v30x.c
00000000 l    df *ABS*	00000000 ch32v30x_adc.c
00000000 l    df *ABS*	00000000 ch32v30x_dbgmcu.c
00000000 l    df *ABS*	00000000 ch32v30x_dma.c
00000000 l    df *ABS*	00000000 ch32v30x_gpio.c
00000000 l    df *ABS*	00000000 ch32v30x_misc.c
00000000 l    df *ABS*	00000000 ch32v30x_rcc.c
20000010 l     O .data	00000010 APBAHBPrescTable
200001fc l     O .data	00000004 ADCPrescTable
00000000 l    df *ABS*	00000000 ch32v30x_tim.c
00000000 l    df *ABS*	00000000 ch32v30x_usart.c
00000000 l    df *ABS*	00000000 debug.c
200002d8 l     O .bss	00000040 usart_rx_dma_buf
20000224 l     O .bss	00000002 p_ms
20000226 l     O .bss	00000001 p_us
20000227 l     O .bss	00000001 usart_rx_dma_done
20000228 l     O .bss	00000002 usart_rx_dma_len
20000200 l     O .data	00000004 curbrk.5886
00000000 l    df *ABS*	00000000 divdf3.c
00000000 l    df *ABS*	00000000 muldf3.c
00000000 l    df *ABS*	00000000 floatsidf.c
00000000 l    df *ABS*	00000000 addsf3.c
00000000 l    df *ABS*	00000000 gesf2.c
00000000 l    df *ABS*	00000000 lesf2.c
00000000 l    df *ABS*	00000000 mulsf3.c
00000000 l    df *ABS*	00000000 subsf3.c
00000000 l    df *ABS*	00000000 fixunssfsi.c
00000000 l    df *ABS*	00000000 floatsisf.c
00000000 l    df *ABS*	00000000 floatunsisf.c
00000000 l    df *ABS*	00000000 extendsfdf2.c
00000000 l    df *ABS*	00000000 libgcc2.c
00000000 l    df *ABS*	00000000 nano-vfprintf_float.c
00000000 l    df *ABS*	00000000 nano-vfprintf_i.c
00000000 l    df *ABS*	00000000 nano-vfscanf_float.c
00000000 l    df *ABS*	00000000 printf.c
00000000 l    df *ABS*	00000000 puts.c
00000000 l    df *ABS*	00000000 sf_nan.c
00000000 l    df *ABS*	00000000 sprintf.c
00000000 l    df *ABS*	00000000 strlen.c
00000000 l    df *ABS*	00000000 strtod.c
00004a44 l     F .text	0000004e sulp
0000aee0 l     O .text	00000014 fpi.3395
0000aef4 l     O .text	00000014 fpinan.3431
0000af08 l     O .text	00000028 tinytens
00000000 l    df *ABS*	00000000 strtol.c
00005712 l     F .text	0000013a _strtol_l.isra.0
00000000 l    df *ABS*	00000000 vsscanf.c
00000000 l    df *ABS*	00000000 wbuf.c
00000000 l    df *ABS*	00000000 wsetup.c
00000000 l    df *ABS*	00000000 dtoa.c
00005a7c l     F .text	0000013a quorem
00000000 l    df *ABS*	00000000 fflush.c
00000000 l    df *ABS*	00000000 findfp.c
00006964 l     F .text	00000066 std
00000000 l    df *ABS*	00000000 fwalk.c
00000000 l    df *ABS*	00000000 gdtoa-gethex.c
00006b92 l     F .text	00000076 rshift
00000000 l    df *ABS*	00000000 gdtoa-hexnan.c
00007112 l     F .text	0000002c L_shift
00000000 l    df *ABS*	00000000 locale.c
00000000 l    df *ABS*	00000000 localeconv.c
00000000 l    df *ABS*	00000000 makebuf.c
00000000 l    df *ABS*	00000000 malloc.c
00000000 l    df *ABS*	00000000 mbtowc_r.c
00000000 l    df *ABS*	00000000 memchr.c
00000000 l    df *ABS*	00000000 memcpy.c
00000000 l    df *ABS*	00000000 mprec.c
0000b0d0 l     O .text	0000000c p05.3319
00000000 l    df *ABS*	00000000 nano-mallocr.c
00000000 l    df *ABS*	00000000 nano-mallocr.c
00000000 l    df *ABS*	00000000 nano-mallocr.c
00000000 l    df *ABS*	00000000 nano-vfprintf.c
00000000 l    df *ABS*	00000000 nano-vfscanf.c
00000000 l    df *ABS*	00000000 nano-vfprintf.c
000087f0 l     F .text	00000028 __sfputc_r
00000000 l    df *ABS*	00000000 nano-vfscanf_i.c
00000000 l    df *ABS*	00000000 sbrkr.c
00000000 l    df *ABS*	00000000 sccl.c
00000000 l    df *ABS*	00000000 stdio.c
00000000 l    df *ABS*	00000000 strncmp.c
00000000 l    df *ABS*	00000000 strtoul.c
00008fa2 l     F .text	00000130 _strtoul_l.isra.0
00000000 l    df *ABS*	00000000 ungetc.c
00000000 l    df *ABS*	00000000 wctomb_r.c
00000000 l    df *ABS*	00000000 writer.c
00000000 l    df *ABS*	00000000 closer.c
00000000 l    df *ABS*	00000000 fstatr.c
00000000 l    df *ABS*	00000000 isattyr.c
00000000 l    df *ABS*	00000000 lseekr.c
00000000 l    df *ABS*	00000000 memmove.c
00000000 l    df *ABS*	00000000 mlock.c
00000000 l    df *ABS*	00000000 nano-mallocr.c
00000000 l    df *ABS*	00000000 readr.c
00000000 l    df *ABS*	00000000 nano-mallocr.c
00000000 l    df *ABS*	00000000 adddf3.c
00000000 l    df *ABS*	00000000 eqdf2.c
00000000 l    df *ABS*	00000000 gedf2.c
00000000 l    df *ABS*	00000000 ledf2.c
00000000 l    df *ABS*	00000000 subdf3.c
00000000 l    df *ABS*	00000000 unorddf2.c
00000000 l    df *ABS*	00000000 fixdfsi.c
00000000 l    df *ABS*	00000000 fixunsdfsi.c
00000000 l    df *ABS*	00000000 floatunsidf.c
00000000 l    df *ABS*	00000000 extenddftf2.c
00000000 l    df *ABS*	00000000 truncdfsf2.c
00000000 l    df *ABS*	00000000 trunctfdf2.c
00000000 l    df *ABS*	00000000 close.c
00000000 l    df *ABS*	00000000 fstat.c
00000000 l    df *ABS*	00000000 isatty.c
00000000 l    df *ABS*	00000000 lseek.c
00000000 l    df *ABS*	00000000 read.c
00000000 l    df *ABS*	00000000 libgcc2.c
00000000 l    df *ABS*	00000000 ctype_.c
00000000 l    df *ABS*	00000000 impure.c
20000020 l     O .data	00000060 impure_data
00000000 l    df *ABS*	00000000 reent.c
00009336 g     F .text	00000014 _malloc_usable_size_r
00003a6e g     F .text	000000ea __cvt
0000118a  w      .text	00000000 EXTI2_IRQHandler
00008ae6 g     F .text	000000e2 _scanf_chars
0000118a  w      .text	00000000 TIM8_TRG_COM_IRQHandler
0000118a  w      .text	00000000 TIM8_CC_IRQHandler
00007e3e g     F .text	00000046 __any_on
0000920e g     F .text	0000002a _isatty_r
000048f8 g     F .text	000000de _puts_r
00009238 g     F .text	0000002e _lseek_r
000016e4 g     F .text	00000014 DMA_Cmd
00001e16 g     F .text	00000004 TIM_SetCompare2
0000118a  w      .text	00000000 UART8_IRQHandler
00009a7a g     F .text	0000006a .hidden __eqdf2
000048b6 g     F .text	00000042 printf
200009f0 g       .data	00000000 __global_pointer$
000001c8 g     F .text	00000028 .hidden __riscv_save_8
0000118a  w      .text	00000000 TIM1_CC_IRQHandler
00008f44 g     F .text	00000030 __sseek
00006a1c g     F .text	0000006c __sinit
000058b8 g     F .text	000000c2 __swbuf_r
000009c6 g     F .text	00000010 HardFault_Handler
000069d4 g     F .text	00000048 __sfmoreglue
0000208c g     F .text	00000078 USART1_DMA_Idle_Init
00005860 g     F .text	0000004a _vsiscanf_r
000092ae g     F .text	00000002 __malloc_unlock
00000850 g     F .text	00000174 TIM1_Dead_Time_Init
00000214 g     F .text	0000000c .hidden __riscv_restore_3
0000118a  w      .text	00000000 TIM6_IRQHandler
000056fc g     F .text	00000016 _strtod_r
00001dec g     F .text	0000000e TIM_OC1PreloadConfig
00000744 g     F .text	00000044 lead_ctrl
0000118a  w      .text	00000000 SysTick_Handler
00006c08 g     F .text	00000040 __hexdig_fun
000012ea g     F .text	0000000a ADC_StartCalibration
000018a0 g     F .text	0000005c NVIC_Init
0000118a  w      .text	00000000 PVD_IRQHandler
0000118a  w      .text	00000000 SDIO_IRQHandler
000013c8 g     F .text	0000001c ADC_GetITStatus
00001f9c g     F .text	00000090 USART_Debug_Init
00009266 g     F .text	00000046 memmove
20000290 g     O .bss	0000001c vlead
0000118a  w      .text	00000000 TIM9_BRK_IRQHandler
00000200 g     F .text	00000020 .hidden __riscv_restore_10
000072d0 g     F .text	00000018 __locale_ctype_ptr
0000118a  w      .text	00000000 DMA2_Channel8_IRQHandler
000009c4 g     F .text	00000002 NMI_Handler
000074fa g     F .text	0000008c _Balloc
0000118a  w      .text	00000000 CAN2_RX1_IRQHandler
0000118a  w      .text	00000000 EXTI3_IRQHandler
000001c8 g     F .text	00000028 .hidden __riscv_save_11
00001536 g     F .text	0000000a DBGMCU_GetCHIPID
00009ae4 g     F .text	000000ae .hidden __gtdf2
000072e8 g     F .text	00000006 __localeconv_l
0000118a  w      .text	00000000 USBHS_IRQHandler
00001f24 g     F .text	0000000a USART_GetFlagStatus
0000118a  w      .text	00000000 DMA2_Channel9_IRQHandler
000091e2 g     F .text	0000002c _fstat_r
0000118a  w      .text	00000000 TIM10_CC_IRQHandler
20000318 g     O .bss	00000004 errno
00008bc8 g     F .text	00000258 _scanf_i
00008ef8 g     F .text	00000004 __seofread
20000210 g       .bss	00000000 _sbss
00000800 g       *ABS*	00000000 __stack_size
000016ac g     F .text	00000038 DMA_Init
000033e2 g     F .text	00000388 .hidden __subsf3
000058aa g     F .text	0000000e vsscanf
0000118a  w      .text	00000000 USBFS_IRQHandler
000016fc g     F .text	00000008 DMA_GetCurrDataCounter
00000214 g     F .text	0000000c .hidden __riscv_restore_2
00001dbc g     F .text	00000016 TIM_CtrlPWMOutputs
00007448 g     F .text	000000b2 memcpy
0000716c g     F .text	0000015e __hexnan
000012b2 g     F .text	00000010 ADC_Cmd
000069ca g     F .text	0000000a _cleanup_r
000017c4 g     F .text	000000d6 GPIO_PinRemapConfig
00008110 g     F .text	00000268 _svfprintf_r
00002c64 g     F .text	00000072 .hidden __floatsidf
00009b92 g     F .text	000000b6 .hidden __ltdf2
0000118a  w      .text	00000000 EXTI0_IRQHandler
0000118a  w      .text	00000000 I2C2_EV_IRQHandler
0000118a  w      .text	00000000 TIM10_TRG_COM_IRQHandler
00001da4 g     F .text	00000018 TIM_Cmd
000049d6 g     F .text	0000000a puts
200001f8 g     O .data	00000004 SystemCoreClock
000013e4 g     F .text	0000000a ADC_ClearITPendingBit
00007d94 g     F .text	00000074 __ratio
000073f2 g     F .text	0000000c malloc
0000aa22 g     F .text	0000000c _fstat
0000b008 g     O .text	000000c8 __mprec_tens
00000004 g       .init	00000000 _einit
000016f8 g     F .text	00000004 DMA_SetCurrDataCounter
000030c6 g     F .text	0000008c .hidden __lesf2
00001aa2 g     F .text	0000001e RCC_APB2PeriphClockCmd
0000a42a g     F .text	0000005c .hidden __fixunsdfsi
000001c0 g     F .text	00000030 .hidden __riscv_save_12
0000118a  w      .text	00000000 CAN2_SCE_IRQHandler
0000068e g     F .text	0000009a ADC1_2_IRQHandler
0000840e g     F .text	00000044 __ssrefill_r
00001704 g     F .text	000000c0 GPIO_Init
000018fc g     F .text	00000012 RCC_ADCCLKConfig
0000118a  w      .text	00000000 Break_Point_Handler
20000244 g     O .bss	00000014 physical_param
000072ee g     F .text	00000018 _localeconv_r
000077b6 g     F .text	0000001c __i2b
00000200 g     F .text	00000020 .hidden __riscv_restore_11
20000220 g     O .bss	00000004 NVIC_Priority_Group
0000118a  w      .text	00000000 SPI1_IRQHandler
000012d8 g     F .text	0000000a ADC_ResetCalibration
00001ebe g     F .text	00000016 USART_Cmd
00008e20 g     F .text	0000002a _sbrk_r
000001f0 g     F .text	0000000c .hidden __riscv_save_1
0000118a  w      .text	00000000 TAMPER_IRQHandler
00000214 g     F .text	0000000c .hidden __riscv_restore_0
00009308 g     F .text	0000002e _read_r
000001d6 g     F .text	0000001a .hidden __riscv_save_7
0000118a  w      .text	00000000 CAN2_RX0_IRQHandler
0000131e g     F .text	0000007a ADC_InjectedChannelConfig
00003954 g     F .text	000000ac .hidden __extendsfdf2
00008452 g     F .text	0000039e __ssvfscanf_r
0000118a  w      .text	00000000 TIM8_UP_IRQHandler
000003e2 g     F .text	000000a6 sample_run
0000934a g     F .text	00000730 .hidden __adddf3
0000118a  w      .text	00000000 Ecall_M_Mode_Handler
20007800 g       .stack	00000000 _heap_end
00007c0c g     F .text	000000b4 __b2d
00000728 g     F .text	0000001c lead_init
0000aa2e g     F .text	0000000c _isatty
200001f0 g     O .data	00000004 il_ref
20000208 g     O .data	00000004 _global_impure_ptr
0000020a g     F .text	00000016 .hidden __riscv_restore_5
000092b0 g     F .text	00000058 _realloc_r
0000118a  w      .text	00000000 DMA2_Channel2_IRQHandler
00001a84 g     F .text	0000001e RCC_AHBPeriphClockCmd
0000118a  w      .text	00000000 DMA1_Channel4_IRQHandler
0000afe0 g     O .text	00000028 __mprec_bigtens
00007662 g     F .text	000000a4 __s2b
0000a486 g     F .text	00000068 .hidden __floatunsidf
00002066 g     F .text	00000026 _sbrk
00007aa2 g     F .text	00000032 __mcmp
0000118a  w      .text	00000000 TIM9_UP_IRQHandler
0000020a g     F .text	00000016 .hidden __riscv_restore_6
0000118a  w      .text	00000000 USART3_IRQHandler
0000118a  w      .text	00000000 RTC_IRQHandler
00004a92 g     F .text	00000c6a _strtod_l
0000713e g     F .text	0000002e __match
000012f4 g     F .text	00000008 ADC_GetCalibrationStatus
2000031c g       .bss	00000000 _ebss
00001f3a g     F .text	0000003c USART_GetITStatus
0000118a  w      .text	00000000 DMA1_Channel7_IRQHandler
00001bcc g     F .text	00000082 TIM_OC1Init
000012e2 g     F .text	00000008 ADC_GetResetCalibrationStatus
00007706 g     F .text	00000046 __hi0bits
0000118a  w      .text	00000000 CAN1_RX1_IRQHandler
0000a3c2 g     F .text	00000068 .hidden __fixdfsi
00001f76 g     F .text	00000026 Delay_Init
0000118a  w      .text	00000000 DVP_IRQHandler
0000118a  w      .text	00000000 UART5_IRQHandler
00003040 g     F .text	00000086 .hidden __gtsf2
0000118a  w      .text	00000000 TIM4_IRQHandler
000012fc g     F .text	0000000e ADC_ExternalTrigInjectedConvConfig
00009b92 g     F .text	000000b6 .hidden __ledf2
00001dd2 g     F .text	0000001a TIM_ARRPreloadConfig
000001c8 g     F .text	00000028 .hidden __riscv_save_9
0000118a  w      .text	00000000 DMA2_Channel1_IRQHandler
00007916 g     F .text	000000be __pow5mult
20000210 g     O .bss	00000004 conv_mode
0000af70 g     O .text	00000020 __sf_fake_stderr
000001d6 g     F .text	0000001a .hidden __riscv_save_4
0000118a  w      .text	00000000 I2C1_EV_IRQHandler
0000802c g     F .text	000000e4 __ssputs_r
0000190e g     F .text	00000176 RCC_GetClocksFreq
200002ac g     O .bss	0000002c vpid
0000118a  w      .text	00000000 DMA1_Channel6_IRQHandler
00003a00 g     F .text	0000006e .hidden __clzsi2
00008818 g     F .text	00000042 __sfputs_r
0000118a  w      .text	00000000 UART4_IRQHandler
0000118a  w      .text	00000000 DMA2_Channel4_IRQHandler
00007430 g     F .text	00000018 memchr
00003bdc  w    F .text	000004c0 _printf_float
000009d6 g     F .text	00000058 conv_mode_select
00001e20 g     F .text	0000009e USART_Init
00007eaa g     F .text	000000a8 _free_r
0000118a  w      .text	00000000 TIM3_IRQHandler
0000118a  w      .text	00000000 RCC_IRQHandler
000001f0 g     F .text	0000000c .hidden __riscv_save_3
0000118a  w      .text	00000000 TIM1_TRG_COM_IRQHandler
0000118a  w      .text	00000000 DMA1_Channel1_IRQHandler
00008378 g     F .text	00000096 _sungetc_r
00000000 g       .init	00000000 _start
0000118a  w      .text	00000000 DMA2_Channel7_IRQHandler
20000000 g     O .data	00000010 AHBPrescTable
0000aa3a g     F .text	0000000c _lseek
000079d4 g     F .text	000000ce __lshift
000037c0 g     F .text	000000c6 .hidden __floatsisf
0000118a  w      .text	00000000 EXTI15_10_IRQHandler
00001c4e g     F .text	000000ae TIM_OC2Init
00008f7a g     F .text	00000028 strncmp
00002188 g     F .text	00000070 debug_scanf
00001ed4 g     F .text	00000036 USART_ITConfig
000077d2 g     F .text	00000144 __multiply
20000264 g     O .bss	0000002c ipid
00007cc0 g     F .text	000000d4 __d2b
000090d2 g     F .text	00000016 _strtoul_r
00001dfa g     F .text	00000018 TIM_SelectOutputTrigger
0000118a  w      .text	00000000 TIM7_IRQHandler
0000a4ee g     F .text	000001a0 .hidden __extenddftf2
000091b8 g     F .text	0000002a _close_r
0000118a  w      .text	00000000 CAN2_TX_IRQHandler
20000000 g       .dalign	00000000 _data_vma
0000118a  w      .text	00000000 TIM5_IRQHandler
00001cfc g     F .text	00000088 TIM_OC4Init
0000597a g     F .text	00000102 __swsetup_r
0000118a  w      .text	00000000 EXTI9_5_IRQHandler
000021f8 g     F .text	000005b4 .hidden __divdf3
00006a88 g     F .text	000000a0 __sfp
00007e08 g     F .text	00000036 __copybits
000027ac g     F .text	000004b8 .hidden __muldf3
000001c8 g     F .text	00000028 .hidden __riscv_save_10
00008ecc g     F .text	0000002c __sread
0000118a  w      .text	00000000 ETH_WKUP_IRQHandler
000092ac g     F .text	00000002 __malloc_lock
0000020a g     F .text	00000016 .hidden __riscv_restore_4
00000200 g     F .text	00000020 .hidden __riscv_restore_8
000068fe g     F .text	00000066 _fflush_r
000001d6 g     F .text	0000001a .hidden __riscv_save_6
00007e84 g     F .text	00000026 _calloc_r
0000118a  w      .text	00000000 SPI2_IRQHandler
0000af90 g     O .text	00000020 __sf_fake_stdin
00000220 g     F .text	000000a8 memset
00000200 g     F .text	00000020 .hidden __riscv_restore_9
0000020a g     F .text	00000016 .hidden __riscv_restore_7
00000b3a g     F .text	0000042e main
0000118a  w      .text	00000000 TIM10_BRK_IRQHandler
0000118a  w      .text	00000000 TIM9_CC_IRQHandler
000030c6 g     F .text	0000008c .hidden __ltsf2
00008f74 g     F .text	00000006 __sclose
0000118a  w      .text	00000000 DMA2_Channel5_IRQHandler
0000584c g     F .text	00000014 _strtol_r
0000a68e g     F .text	0000016a .hidden __truncdfsf2
00005bb6 g     F .text	00000c16 _dtoa_r
00007f52 g     F .text	000000da _malloc_r
0000916c g     F .text	0000001e __ascii_wctomb
000090e8 g     F .text	00000084 __submore
00001406 g     F .text	00000130 Get_CalibrationValue
0000118a  w      .text	00000000 DMA1_Channel5_IRQHandler
0000118a  w      .text	00000000 EXTI4_IRQHandler
0000118a  w      .text	00000000 USB_LP_CAN1_RX0_IRQHandler
00003152 g     F .text	00000290 .hidden __mulsf3
00001e1a g     F .text	00000006 TIM_SetCompare4
000013ee g     F .text	00000018 ADC_BufferCmd
000002c8 g     F .text	0000011a strcmp
00001f2e g     F .text	0000000c USART_ClearFlag
00000f68 g     F .text	000000f8 SystemInit
0000118a  w      .text	00000000 RNG_IRQHandler
00009a7a g     F .text	0000006a .hidden __nedf2
000048b6 g     F .text	00000042 iprintf
00001398 g     F .text	00000014 ADC_InjectedSequencerLengthConfig
0000118a  w      .text	00000000 USB_HP_CAN1_TX_IRQHandler
000049ec g     F .text	00000046 sprintf
0000ad30 g     O .text	00000100 .hidden __clz_tab
00003b58 g     F .text	00000084 __exponent
00000000 g       .init	00000000 _sinit
00003040 g     F .text	00000086 .hidden __gesf2
0000918a g     F .text	0000002e _write_r
0000118a  w      .text	00000000 DMA1_Channel3_IRQHandler
000012c2 g     F .text	00000016 ADC_ITConfig
0000118a  w      .text	00000000 ETH_IRQHandler
000049e0 g     F .text	0000000c nanf
0000409c g     F .text	0000010c _printf_common
20000204 g     O .data	00000004 _impure_ptr
00000488 g     F .text	00000206 ADC_Function_Init
0000118a  w      .text	00000000 TIM1_UP_IRQHandler
000067cc g     F .text	00000132 __sflush_r
000007bc g     F .text	00000094 pid_ctrl
00008110 g     F .text	00000268 _svfiprintf_r
0000118a  w      .text	00000000 WWDG_IRQHandler
0000118a  w      .text	00000000 USBHSWakeup_IRQHandler
0000118a  w      .text	00000000 DMA2_Channel11_IRQHandler
000073fe g     F .text	00000032 __ascii_mbtowc
0000118a  w      .text	00000000 Ecall_U_Mode_Handler
00007bc6 g     F .text	00000046 __ulp
0000118a  w      .text	00000000 DMA2_Channel6_IRQHandler
0000118a  w      .text	00000000 TIM2_IRQHandler
20008000 g       .stack	00000000 _eusrstack
000001f0 g     F .text	0000000c .hidden __riscv_save_2
0000118a  w      .text	00000000 SW_Handler
00008452 g     F .text	0000039e __ssvfiscanf_r
00001216 g     F .text	00000046 ADC_DeInit
0000118a  w      .text	00000000 TIM1_BRK_IRQHandler
0000130a g     F .text	00000014 ADC_ExternalTrigInjectedConvCmd
00007306 g     F .text	00000058 __swhatbuf_r
0000125c g     F .text	00000056 ADC_Init
00001f1c g     F .text	00000008 USART_SendData
0000118a  w      .text	00000000 DMA2_Channel10_IRQHandler
0000118a  w      .text	00000000 EXTI1_IRQHandler
000001d6 g     F .text	0000001a .hidden __riscv_save_5
0000202c g     F .text	0000003a _write
20000210 g       .data	00000000 _edata
2000031c g       .bss	00000000 _end
00001ade g     F .text	000000ee TIM_TimeBaseInit
0000118a  w      .text	00000000 RTCAlarm_IRQHandler
000013ac g     F .text	0000001c ADC_GetInjectedConversionValue
00005860 g     F .text	0000004a _vsscanf_r
0000b214 g       .dlalign	00000000 _data_lma
0000118a  w      .text	00000000 TIM10_UP_IRQHandler
00000788 g     F .text	00000034 pid_init
0000118a  w      .text	00000000 TIM9_TRG_COM_IRQHandler
0000118a  w      .text	00000000 UART7_IRQHandler
0000118a  w      .text	00000000 USART2_IRQHandler
0000118a  w      .text	00000000 UART6_IRQHandler
00008efc g     F .text	00000048 __swrite
0000885a g     F .text	0000028c _vfiprintf_r
00006b28 g     F .text	0000006a _fwalk_reent
00001060 g     F .text	0000012a SystemCoreClockUpdate
00003886 g     F .text	000000ce .hidden __floatunsisf
00007ad4 g     F .text	000000f2 __mdiff
000058aa g     F .text	0000000e vsiscanf
0000118a  w      .text	00000000 I2C2_ER_IRQHandler
0000118a  w      .text	00000000 DMA1_Channel2_IRQHandler
0000afb0 g     O .text	00000020 __sf_fake_stdout
000049ec g     F .text	00000046 siprintf
00008e4a g     F .text	00000082 __sccl
000001fc g     F .text	00000024 .hidden __riscv_restore_12
0000118a  w      .text	00000000 TIM8_BRK_IRQHandler
0000b110 g     O .text	00000101 _ctype_
0000aa46 g     F .text	0000000c _read
00001d84 g     F .text	00000020 TIM_BDTRConfig
0000a386 g     F .text	0000003c .hidden __unorddf2
0000118c  w      .text	00000000 handle_reset
0000118a  w      .text	00000000 CAN1_SCE_IRQHandler
0000376a g     F .text	00000056 .hidden __fixunssfsi
000001f0 g     F .text	0000000c .hidden __riscv_save_0
0000118a  w      .text	00000000 FLASH_IRQHandler
00000ac2 g     F .text	00000078 pwm_update
00002104 g     F .text	00000084 USART1_IRQHandler
0000735e g     F .text	00000094 __smakebuf_r
00004a32 g     F .text	00000012 strlen
00000a2e g     F .text	00000094 pid_switch_params
000041a8 g     F .text	000002a2 _printf_i
0000118a  w      .text	00000000 SPI3_IRQHandler
000072ca g     F .text	00000006 __locale_ctype_ptr_l
00009ae4 g     F .text	000000ae .hidden __gedf2
00006c48 g     F .text	000004ca __gethex
20000230 g     O .bss	00000004 __malloc_sbrk_start
00001ac0 g     F .text	0000001e RCC_APB2PeriphResetCmd
0000118a  w      .text	00000000 I2C1_ER_IRQHandler
20000258 g     O .bss	0000000c pwm_cfg
0000189a g     F .text	00000006 NVIC_PriorityGroupConfig
00001540 g     F .text	0000016c DMA_DeInit
2000022c g     O .bss	00000004 __malloc_free_list
00000214 g     F .text	0000000c .hidden __riscv_restore_1
00009c48 g     F .text	0000073e .hidden __subdf3
0000885a g     F .text	0000028c _vfprintf_r
00001e12 g     F .text	00000004 TIM_SetCompare1
0000774c g     F .text	0000006a __lo0bits
00001f0a g     F .text	00000012 USART_DMACmd
00002cd6 g     F .text	0000036a .hidden __addsf3
20000080 g     O .data	0000016c __global_locale
0000118a  w      .text	00000000 USBWakeUp_IRQHandler
0000a7f8 g     F .text	0000021e .hidden __trunctfdf2
0000aa16 g     F .text	0000000c _close
0000444a  w    F .text	0000046c _scanf_float
0000118a  w      .text	00000000 DMA2_Channel3_IRQHandler
000075ca g     F .text	00000098 __multadd
00007586 g     F .text	00000044 _Bfree



Disassembly of section .init:

00000000 <_sinit>:
   0:	18c0106f          	j	118c <handle_reset>

Disassembly of section .vector:

00000004 <_vector_base>:
	...
   c:	09c4                	addi	s1,sp,212
   e:	0000                	unimp
  10:	09c6                	slli	s3,s3,0x11
  12:	0000                	unimp
  14:	0000                	unimp
  16:	0000                	unimp
  18:	118a                	slli	gp,gp,0x22
	...
  22:	0000                	unimp
  24:	118a                	slli	gp,gp,0x22
  26:	0000                	unimp
  28:	118a                	slli	gp,gp,0x22
	...
  32:	0000                	unimp
  34:	118a                	slli	gp,gp,0x22
  36:	0000                	unimp
  38:	0000                	unimp
  3a:	0000                	unimp
  3c:	118a                	slli	gp,gp,0x22
  3e:	0000                	unimp
  40:	0000                	unimp
  42:	0000                	unimp
  44:	118a                	slli	gp,gp,0x22
  46:	0000                	unimp
  48:	118a                	slli	gp,gp,0x22
  4a:	0000                	unimp
  4c:	118a                	slli	gp,gp,0x22
  4e:	0000                	unimp
  50:	118a                	slli	gp,gp,0x22
  52:	0000                	unimp
  54:	118a                	slli	gp,gp,0x22
  56:	0000                	unimp
  58:	118a                	slli	gp,gp,0x22
  5a:	0000                	unimp
  5c:	118a                	slli	gp,gp,0x22
  5e:	0000                	unimp
  60:	118a                	slli	gp,gp,0x22
  62:	0000                	unimp
  64:	118a                	slli	gp,gp,0x22
  66:	0000                	unimp
  68:	118a                	slli	gp,gp,0x22
  6a:	0000                	unimp
  6c:	118a                	slli	gp,gp,0x22
  6e:	0000                	unimp
  70:	118a                	slli	gp,gp,0x22
  72:	0000                	unimp
  74:	118a                	slli	gp,gp,0x22
  76:	0000                	unimp
  78:	118a                	slli	gp,gp,0x22
  7a:	0000                	unimp
  7c:	118a                	slli	gp,gp,0x22
  7e:	0000                	unimp
  80:	118a                	slli	gp,gp,0x22
  82:	0000                	unimp
  84:	118a                	slli	gp,gp,0x22
  86:	0000                	unimp
  88:	118a                	slli	gp,gp,0x22
  8a:	0000                	unimp
  8c:	068e                	slli	a3,a3,0x3
  8e:	0000                	unimp
  90:	118a                	slli	gp,gp,0x22
  92:	0000                	unimp
  94:	118a                	slli	gp,gp,0x22
  96:	0000                	unimp
  98:	118a                	slli	gp,gp,0x22
  9a:	0000                	unimp
  9c:	118a                	slli	gp,gp,0x22
  9e:	0000                	unimp
  a0:	118a                	slli	gp,gp,0x22
  a2:	0000                	unimp
  a4:	118a                	slli	gp,gp,0x22
  a6:	0000                	unimp
  a8:	118a                	slli	gp,gp,0x22
  aa:	0000                	unimp
  ac:	118a                	slli	gp,gp,0x22
  ae:	0000                	unimp
  b0:	118a                	slli	gp,gp,0x22
  b2:	0000                	unimp
  b4:	118a                	slli	gp,gp,0x22
  b6:	0000                	unimp
  b8:	118a                	slli	gp,gp,0x22
  ba:	0000                	unimp
  bc:	118a                	slli	gp,gp,0x22
  be:	0000                	unimp
  c0:	118a                	slli	gp,gp,0x22
  c2:	0000                	unimp
  c4:	118a                	slli	gp,gp,0x22
  c6:	0000                	unimp
  c8:	118a                	slli	gp,gp,0x22
  ca:	0000                	unimp
  cc:	118a                	slli	gp,gp,0x22
  ce:	0000                	unimp
  d0:	118a                	slli	gp,gp,0x22
  d2:	0000                	unimp
  d4:	118a                	slli	gp,gp,0x22
  d6:	0000                	unimp
  d8:	2104                	lbu	s1,0(a0)
  da:	0000                	unimp
  dc:	118a                	slli	gp,gp,0x22
  de:	0000                	unimp
  e0:	118a                	slli	gp,gp,0x22
  e2:	0000                	unimp
  e4:	118a                	slli	gp,gp,0x22
  e6:	0000                	unimp
  e8:	118a                	slli	gp,gp,0x22
  ea:	0000                	unimp
  ec:	118a                	slli	gp,gp,0x22
  ee:	0000                	unimp
  f0:	118a                	slli	gp,gp,0x22
  f2:	0000                	unimp
  f4:	118a                	slli	gp,gp,0x22
  f6:	0000                	unimp
  f8:	118a                	slli	gp,gp,0x22
  fa:	0000                	unimp
  fc:	118a                	slli	gp,gp,0x22
  fe:	0000                	unimp
 100:	118a                	slli	gp,gp,0x22
 102:	0000                	unimp
 104:	0000                	unimp
 106:	0000                	unimp
 108:	118a                	slli	gp,gp,0x22
 10a:	0000                	unimp
 10c:	118a                	slli	gp,gp,0x22
 10e:	0000                	unimp
 110:	118a                	slli	gp,gp,0x22
 112:	0000                	unimp
 114:	118a                	slli	gp,gp,0x22
 116:	0000                	unimp
 118:	118a                	slli	gp,gp,0x22
 11a:	0000                	unimp
 11c:	118a                	slli	gp,gp,0x22
 11e:	0000                	unimp
 120:	118a                	slli	gp,gp,0x22
 122:	0000                	unimp
 124:	118a                	slli	gp,gp,0x22
 126:	0000                	unimp
 128:	118a                	slli	gp,gp,0x22
 12a:	0000                	unimp
 12c:	118a                	slli	gp,gp,0x22
 12e:	0000                	unimp
 130:	118a                	slli	gp,gp,0x22
 132:	0000                	unimp
 134:	118a                	slli	gp,gp,0x22
 136:	0000                	unimp
 138:	118a                	slli	gp,gp,0x22
 13a:	0000                	unimp
 13c:	118a                	slli	gp,gp,0x22
 13e:	0000                	unimp
 140:	118a                	slli	gp,gp,0x22
 142:	0000                	unimp
 144:	118a                	slli	gp,gp,0x22
 146:	0000                	unimp
 148:	118a                	slli	gp,gp,0x22
 14a:	0000                	unimp
 14c:	118a                	slli	gp,gp,0x22
 14e:	0000                	unimp
 150:	118a                	slli	gp,gp,0x22
 152:	0000                	unimp
 154:	118a                	slli	gp,gp,0x22
 156:	0000                	unimp
 158:	118a                	slli	gp,gp,0x22
 15a:	0000                	unimp
 15c:	118a                	slli	gp,gp,0x22
 15e:	0000                	unimp
 160:	118a                	slli	gp,gp,0x22
 162:	0000                	unimp
 164:	118a                	slli	gp,gp,0x22
 166:	0000                	unimp
 168:	118a                	slli	gp,gp,0x22
 16a:	0000                	unimp
 16c:	118a                	slli	gp,gp,0x22
 16e:	0000                	unimp
 170:	118a                	slli	gp,gp,0x22
 172:	0000                	unimp
 174:	118a                	slli	gp,gp,0x22
 176:	0000                	unimp
 178:	118a                	slli	gp,gp,0x22
 17a:	0000                	unimp
 17c:	118a                	slli	gp,gp,0x22
 17e:	0000                	unimp
 180:	118a                	slli	gp,gp,0x22
 182:	0000                	unimp
 184:	118a                	slli	gp,gp,0x22
 186:	0000                	unimp
 188:	118a                	slli	gp,gp,0x22
 18a:	0000                	unimp
 18c:	118a                	slli	gp,gp,0x22
 18e:	0000                	unimp
 190:	118a                	slli	gp,gp,0x22
 192:	0000                	unimp
 194:	118a                	slli	gp,gp,0x22
 196:	0000                	unimp
 198:	118a                	slli	gp,gp,0x22
 19a:	0000                	unimp
 19c:	118a                	slli	gp,gp,0x22
 19e:	0000                	unimp
 1a0:	118a                	slli	gp,gp,0x22
	...

Disassembly of section .text:

000001c0 <__riscv_save_12>:
     1c0:	7139                	addi	sp,sp,-64
     1c2:	4301                	li	t1,0
     1c4:	c66e                	sw	s11,12(sp)
     1c6:	a019                	j	1cc <__riscv_save_10+0x4>

000001c8 <__riscv_save_10>:
     1c8:	7139                	addi	sp,sp,-64
     1ca:	5341                	li	t1,-16
     1cc:	c86a                	sw	s10,16(sp)
     1ce:	ca66                	sw	s9,20(sp)
     1d0:	cc62                	sw	s8,24(sp)
     1d2:	ce5e                	sw	s7,28(sp)
     1d4:	a019                	j	1da <__riscv_save_4+0x4>

000001d6 <__riscv_save_4>:
     1d6:	7139                	addi	sp,sp,-64
     1d8:	5301                	li	t1,-32
     1da:	d05a                	sw	s6,32(sp)
     1dc:	d256                	sw	s5,36(sp)
     1de:	d452                	sw	s4,40(sp)
     1e0:	d64e                	sw	s3,44(sp)
     1e2:	d84a                	sw	s2,48(sp)
     1e4:	da26                	sw	s1,52(sp)
     1e6:	dc22                	sw	s0,56(sp)
     1e8:	de06                	sw	ra,60(sp)
     1ea:	40610133          	sub	sp,sp,t1
     1ee:	8282                	jr	t0

000001f0 <__riscv_save_0>:
     1f0:	1141                	addi	sp,sp,-16
     1f2:	c04a                	sw	s2,0(sp)
     1f4:	c226                	sw	s1,4(sp)
     1f6:	c422                	sw	s0,8(sp)
     1f8:	c606                	sw	ra,12(sp)
     1fa:	8282                	jr	t0

000001fc <__riscv_restore_12>:
     1fc:	4db2                	lw	s11,12(sp)
     1fe:	0141                	addi	sp,sp,16

00000200 <__riscv_restore_10>:
     200:	4d02                	lw	s10,0(sp)
     202:	4c92                	lw	s9,4(sp)
     204:	4c22                	lw	s8,8(sp)
     206:	4bb2                	lw	s7,12(sp)
     208:	0141                	addi	sp,sp,16

0000020a <__riscv_restore_4>:
     20a:	4b02                	lw	s6,0(sp)
     20c:	4a92                	lw	s5,4(sp)
     20e:	4a22                	lw	s4,8(sp)
     210:	49b2                	lw	s3,12(sp)
     212:	0141                	addi	sp,sp,16

00000214 <__riscv_restore_0>:
     214:	4902                	lw	s2,0(sp)
     216:	4492                	lw	s1,4(sp)
     218:	4422                	lw	s0,8(sp)
     21a:	40b2                	lw	ra,12(sp)
     21c:	0141                	addi	sp,sp,16
     21e:	8082                	ret

00000220 <memset>:
     220:	433d                	li	t1,15
     222:	872a                	mv	a4,a0
     224:	02c37363          	bgeu	t1,a2,24a <memset+0x2a>
     228:	00f77793          	andi	a5,a4,15
     22c:	efbd                	bnez	a5,2aa <memset+0x8a>
     22e:	e5ad                	bnez	a1,298 <memset+0x78>
     230:	ff067693          	andi	a3,a2,-16
     234:	8a3d                	andi	a2,a2,15
     236:	96ba                	add	a3,a3,a4
     238:	c30c                	sw	a1,0(a4)
     23a:	c34c                	sw	a1,4(a4)
     23c:	c70c                	sw	a1,8(a4)
     23e:	c74c                	sw	a1,12(a4)
     240:	0741                	addi	a4,a4,16
     242:	fed76be3          	bltu	a4,a3,238 <memset+0x18>
     246:	e211                	bnez	a2,24a <memset+0x2a>
     248:	8082                	ret
     24a:	40c306b3          	sub	a3,t1,a2
     24e:	068a                	slli	a3,a3,0x2
     250:	00000297          	auipc	t0,0x0
     254:	9696                	add	a3,a3,t0
     256:	00a68067          	jr	10(a3)
     25a:	00b70723          	sb	a1,14(a4)
     25e:	00b706a3          	sb	a1,13(a4)
     262:	00b70623          	sb	a1,12(a4)
     266:	00b705a3          	sb	a1,11(a4)
     26a:	00b70523          	sb	a1,10(a4)
     26e:	00b704a3          	sb	a1,9(a4)
     272:	00b70423          	sb	a1,8(a4)
     276:	00b703a3          	sb	a1,7(a4)
     27a:	00b70323          	sb	a1,6(a4)
     27e:	00b702a3          	sb	a1,5(a4)
     282:	00b70223          	sb	a1,4(a4)
     286:	00b701a3          	sb	a1,3(a4)
     28a:	00b70123          	sb	a1,2(a4)
     28e:	00b700a3          	sb	a1,1(a4)
     292:	00b70023          	sb	a1,0(a4)
     296:	8082                	ret
     298:	0ff5f593          	andi	a1,a1,255
     29c:	00859693          	slli	a3,a1,0x8
     2a0:	8dd5                	or	a1,a1,a3
     2a2:	01059693          	slli	a3,a1,0x10
     2a6:	8dd5                	or	a1,a1,a3
     2a8:	b761                	j	230 <memset+0x10>
     2aa:	00279693          	slli	a3,a5,0x2
     2ae:	00000297          	auipc	t0,0x0
     2b2:	9696                	add	a3,a3,t0
     2b4:	8286                	mv	t0,ra
     2b6:	fa8680e7          	jalr	-88(a3)
     2ba:	8096                	mv	ra,t0
     2bc:	17c1                	addi	a5,a5,-16
     2be:	8f1d                	sub	a4,a4,a5
     2c0:	963e                	add	a2,a2,a5
     2c2:	f8c374e3          	bgeu	t1,a2,24a <memset+0x2a>
     2c6:	b7a5                	j	22e <memset+0xe>

000002c8 <strcmp>:
     2c8:	00b56733          	or	a4,a0,a1
     2cc:	53fd                	li	t2,-1
     2ce:	8b0d                	andi	a4,a4,3
     2d0:	e779                	bnez	a4,39e <strcmp+0xd6>
     2d2:	7f7f87b7          	lui	a5,0x7f7f8
     2d6:	f7f78793          	addi	a5,a5,-129 # 7f7f7f7f <_eusrstack+0x5f7eff7f>
     2da:	4110                	lw	a2,0(a0)
     2dc:	4194                	lw	a3,0(a1)
     2de:	00f672b3          	and	t0,a2,a5
     2e2:	00f66333          	or	t1,a2,a5
     2e6:	92be                	add	t0,t0,a5
     2e8:	0062e2b3          	or	t0,t0,t1
     2ec:	0c729563          	bne	t0,t2,3b6 <strcmp+0xee>
     2f0:	06d61863          	bne	a2,a3,360 <strcmp+0x98>
     2f4:	4150                	lw	a2,4(a0)
     2f6:	41d4                	lw	a3,4(a1)
     2f8:	00f672b3          	and	t0,a2,a5
     2fc:	00f66333          	or	t1,a2,a5
     300:	92be                	add	t0,t0,a5
     302:	0062e2b3          	or	t0,t0,t1
     306:	0a729663          	bne	t0,t2,3b2 <strcmp+0xea>
     30a:	04d61b63          	bne	a2,a3,360 <strcmp+0x98>
     30e:	4510                	lw	a2,8(a0)
     310:	4594                	lw	a3,8(a1)
     312:	00f672b3          	and	t0,a2,a5
     316:	00f66333          	or	t1,a2,a5
     31a:	92be                	add	t0,t0,a5
     31c:	0062e2b3          	or	t0,t0,t1
     320:	08729f63          	bne	t0,t2,3be <strcmp+0xf6>
     324:	02d61e63          	bne	a2,a3,360 <strcmp+0x98>
     328:	4550                	lw	a2,12(a0)
     32a:	45d4                	lw	a3,12(a1)
     32c:	00f672b3          	and	t0,a2,a5
     330:	00f66333          	or	t1,a2,a5
     334:	92be                	add	t0,t0,a5
     336:	0062e2b3          	or	t0,t0,t1
     33a:	08729863          	bne	t0,t2,3ca <strcmp+0x102>
     33e:	02d61163          	bne	a2,a3,360 <strcmp+0x98>
     342:	4910                	lw	a2,16(a0)
     344:	4994                	lw	a3,16(a1)
     346:	00f672b3          	and	t0,a2,a5
     34a:	00f66333          	or	t1,a2,a5
     34e:	92be                	add	t0,t0,a5
     350:	0062e2b3          	or	t0,t0,t1
     354:	08729163          	bne	t0,t2,3d6 <strcmp+0x10e>
     358:	0551                	addi	a0,a0,20
     35a:	05d1                	addi	a1,a1,20
     35c:	f6d60fe3          	beq	a2,a3,2da <strcmp+0x12>
     360:	01061713          	slli	a4,a2,0x10
     364:	01069793          	slli	a5,a3,0x10
     368:	00f71c63          	bne	a4,a5,380 <strcmp+0xb8>
     36c:	01065713          	srli	a4,a2,0x10
     370:	0106d793          	srli	a5,a3,0x10
     374:	40f70533          	sub	a0,a4,a5
     378:	0ff57593          	andi	a1,a0,255
     37c:	e991                	bnez	a1,390 <strcmp+0xc8>
     37e:	8082                	ret
     380:	8341                	srli	a4,a4,0x10
     382:	83c1                	srli	a5,a5,0x10
     384:	40f70533          	sub	a0,a4,a5
     388:	0ff57593          	andi	a1,a0,255
     38c:	e191                	bnez	a1,390 <strcmp+0xc8>
     38e:	8082                	ret
     390:	0ff77713          	andi	a4,a4,255
     394:	0ff7f793          	andi	a5,a5,255
     398:	40f70533          	sub	a0,a4,a5
     39c:	8082                	ret
     39e:	2110                	lbu	a2,0(a0)
     3a0:	2194                	lbu	a3,0(a1)
     3a2:	0505                	addi	a0,a0,1
     3a4:	0585                	addi	a1,a1,1
     3a6:	00d61363          	bne	a2,a3,3ac <strcmp+0xe4>
     3aa:	fa75                	bnez	a2,39e <strcmp+0xd6>
     3ac:	40d60533          	sub	a0,a2,a3
     3b0:	8082                	ret
     3b2:	0511                	addi	a0,a0,4
     3b4:	0591                	addi	a1,a1,4
     3b6:	fed614e3          	bne	a2,a3,39e <strcmp+0xd6>
     3ba:	4501                	li	a0,0
     3bc:	8082                	ret
     3be:	0521                	addi	a0,a0,8
     3c0:	05a1                	addi	a1,a1,8
     3c2:	fcd61ee3          	bne	a2,a3,39e <strcmp+0xd6>
     3c6:	4501                	li	a0,0
     3c8:	8082                	ret
     3ca:	0531                	addi	a0,a0,12
     3cc:	05b1                	addi	a1,a1,12
     3ce:	fcd618e3          	bne	a2,a3,39e <strcmp+0xd6>
     3d2:	4501                	li	a0,0
     3d4:	8082                	ret
     3d6:	0541                	addi	a0,a0,16
     3d8:	05c1                	addi	a1,a1,16
     3da:	fcd612e3          	bne	a2,a3,39e <strcmp+0xd6>
     3de:	4501                	li	a0,0
     3e0:	8082                	ret

000003e2 <sample_run>:
     3e2:	df5ff2ef          	jal	t0,1d6 <__riscv_save_4>
     3e6:	84418793          	addi	a5,gp,-1980 # 20000234 <digtal_param>
     3ea:	27fc                	lbu	a5,14(a5)
     3ec:	84418413          	addi	s0,gp,-1980 # 20000234 <digtal_param>
     3f0:	4501                	li	a0,0
     3f2:	c3a5                	beqz	a5,452 <sample_run+0x70>
     3f4:	00a41903          	lh	s2,10(s0)
     3f8:	200a                	lhu	a0,0(s0)
     3fa:	00040723          	sb	zero,14(s0)
     3fe:	0000b9b7          	lui	s3,0xb
     402:	954a                	add	a0,a0,s2
     404:	3bc030ef          	jal	ra,37c0 <__floatsisf>
     408:	a549a583          	lw	a1,-1452(s3) # aa54 <_read+0xe>
     40c:	85418493          	addi	s1,gp,-1964 # 20000244 <physical_param>
     410:	543020ef          	jal	ra,3152 <__mulsf3>
     414:	c088                	sw	a0,0(s1)
     416:	202a                	lhu	a0,2(s0)
     418:	954a                	add	a0,a0,s2
     41a:	3a6030ef          	jal	ra,37c0 <__floatsisf>
     41e:	a549a583          	lw	a1,-1452(s3)
     422:	0000b9b7          	lui	s3,0xb
     426:	52d020ef          	jal	ra,3152 <__mulsf3>
     42a:	c0c8                	sw	a0,4(s1)
     42c:	206a                	lhu	a0,6(s0)
     42e:	954a                	add	a0,a0,s2
     430:	390030ef          	jal	ra,37c0 <__floatsisf>
     434:	a589a583          	lw	a1,-1448(s3) # aa58 <_read+0x12>
     438:	51b020ef          	jal	ra,3152 <__mulsf3>
     43c:	c4c8                	sw	a0,12(s1)
     43e:	240a                	lhu	a0,8(s0)
     440:	954a                	add	a0,a0,s2
     442:	37e030ef          	jal	ra,37c0 <__floatsisf>
     446:	a589a583          	lw	a1,-1448(s3)
     44a:	509020ef          	jal	ra,3152 <__mulsf3>
     44e:	c888                	sw	a0,16(s1)
     450:	4505                	li	a0,1
     452:	347c                	lbu	a5,15(s0)
     454:	cb8d                	beqz	a5,486 <sample_run+0xa4>
     456:	00c41783          	lh	a5,12(s0)
     45a:	204a                	lhu	a0,4(s0)
     45c:	000407a3          	sb	zero,15(s0)
     460:	953e                	add	a0,a0,a5
     462:	35e030ef          	jal	ra,37c0 <__floatsisf>
     466:	0000b7b7          	lui	a5,0xb
     46a:	a5c7a583          	lw	a1,-1444(a5) # aa5c <_read+0x16>
     46e:	4e5020ef          	jal	ra,3152 <__mulsf3>
     472:	0000b7b7          	lui	a5,0xb
     476:	a607a583          	lw	a1,-1440(a5) # aa60 <_read+0x1a>
     47a:	769020ef          	jal	ra,33e2 <__subsf3>
     47e:	85418793          	addi	a5,gp,-1964 # 20000244 <physical_param>
     482:	c788                	sw	a0,8(a5)
     484:	4505                	li	a0,1
     486:	b351                	j	20a <__riscv_restore_4>

00000488 <ADC_Function_Init>:
     488:	d69ff2ef          	jal	t0,1f0 <__riscv_save_0>
     48c:	7139                	addi	sp,sp,-64
     48e:	02000613          	li	a2,32
     492:	4581                	li	a1,0
     494:	1008                	addi	a0,sp,32
     496:	3369                	jal	220 <memset>
     498:	4585                	li	a1,1
     49a:	4511                	li	a0,4
     49c:	ca02                	sw	zero,20(sp)
     49e:	cc02                	sw	zero,24(sp)
     4a0:	ce02                	sw	zero,28(sp)
     4a2:	c602                	sw	zero,12(sp)
     4a4:	c802                	sw	zero,16(sp)
     4a6:	5fc010ef          	jal	ra,1aa2 <RCC_APB2PeriphClockCmd>
     4aa:	4585                	li	a1,1
     4ac:	60000513          	li	a0,1536
     4b0:	5f2010ef          	jal	ra,1aa2 <RCC_APB2PeriphClockCmd>
     4b4:	6521                	lui	a0,0x8
     4b6:	446010ef          	jal	ra,18fc <RCC_ADCCLKConfig>
     4ba:	40011437          	lui	s0,0x40011
     4be:	4789                	li	a5,2
     4c0:	80040513          	addi	a0,s0,-2048 # 40010800 <_eusrstack+0x20008800>
     4c4:	084c                	addi	a1,sp,20
     4c6:	82fc                	sh	a5,20(sp)
     4c8:	ce02                	sw	zero,28(sp)
     4ca:	23a010ef          	jal	ra,1704 <GPIO_Init>
     4ce:	4791                	li	a5,4
     4d0:	80040513          	addi	a0,s0,-2048
     4d4:	084c                	addi	a1,sp,20
     4d6:	82fc                	sh	a5,20(sp)
     4d8:	22c010ef          	jal	ra,1704 <GPIO_Init>
     4dc:	47a1                	li	a5,8
     4de:	80040513          	addi	a0,s0,-2048
     4e2:	084c                	addi	a1,sp,20
     4e4:	82fc                	sh	a5,20(sp)
     4e6:	21e010ef          	jal	ra,1704 <GPIO_Init>
     4ea:	04000793          	li	a5,64
     4ee:	084c                	addi	a1,sp,20
     4f0:	80040513          	addi	a0,s0,-2048
     4f4:	82fc                	sh	a5,20(sp)
     4f6:	40012437          	lui	s0,0x40012
     4fa:	20a010ef          	jal	ra,1704 <GPIO_Init>
     4fe:	40040513          	addi	a0,s0,1024 # 40012400 <_eusrstack+0x2000a400>
     502:	400134b7          	lui	s1,0x40013
     506:	511000ef          	jal	ra,1216 <ADC_DeInit>
     50a:	80048513          	addi	a0,s1,-2048 # 40012800 <_eusrstack+0x2000a800>
     50e:	509000ef          	jal	ra,1216 <ADC_DeInit>
     512:	000e07b7          	lui	a5,0xe0
     516:	4905                	li	s2,1
     518:	100c                	addi	a1,sp,32
     51a:	40040513          	addi	a0,s0,1024
     51e:	d63e                	sw	a5,44(sp)
     520:	d002                	sw	zero,32(sp)
     522:	d24a                	sw	s2,36(sp)
     524:	d402                	sw	zero,40(sp)
     526:	d802                	sw	zero,48(sp)
     528:	02010a23          	sb	zero,52(sp)
     52c:	531000ef          	jal	ra,125c <ADC_Init>
     530:	80048513          	addi	a0,s1,-2048
     534:	100c                	addi	a1,sp,32
     536:	527000ef          	jal	ra,125c <ADC_Init>
     53a:	4591                	li	a1,4
     53c:	40040513          	addi	a0,s0,1024
     540:	659000ef          	jal	ra,1398 <ADC_InjectedSequencerLengthConfig>
     544:	80048513          	addi	a0,s1,-2048
     548:	4585                	li	a1,1
     54a:	64f000ef          	jal	ra,1398 <ADC_InjectedSequencerLengthConfig>
     54e:	6585                	lui	a1,0x1
     550:	40040513          	addi	a0,s0,1024
     554:	5a9000ef          	jal	ra,12fc <ADC_ExternalTrigInjectedConvConfig>
     558:	80048513          	addi	a0,s1,-2048
     55c:	6585                	lui	a1,0x1
     55e:	59f000ef          	jal	ra,12fc <ADC_ExternalTrigInjectedConvConfig>
     562:	4681                	li	a3,0
     564:	4605                	li	a2,1
     566:	4589                	li	a1,2
     568:	40040513          	addi	a0,s0,1024
     56c:	5b3000ef          	jal	ra,131e <ADC_InjectedChannelConfig>
     570:	4681                	li	a3,0
     572:	4609                	li	a2,2
     574:	4585                	li	a1,1
     576:	40040513          	addi	a0,s0,1024
     57a:	5a5000ef          	jal	ra,131e <ADC_InjectedChannelConfig>
     57e:	4681                	li	a3,0
     580:	460d                	li	a2,3
     582:	458d                	li	a1,3
     584:	40040513          	addi	a0,s0,1024
     588:	597000ef          	jal	ra,131e <ADC_InjectedChannelConfig>
     58c:	4681                	li	a3,0
     58e:	4611                	li	a2,4
     590:	4599                	li	a1,6
     592:	40040513          	addi	a0,s0,1024
     596:	589000ef          	jal	ra,131e <ADC_InjectedChannelConfig>
     59a:	4681                	li	a3,0
     59c:	4605                	li	a2,1
     59e:	80048513          	addi	a0,s1,-2048
     5a2:	45b9                	li	a1,14
     5a4:	57b000ef          	jal	ra,131e <ADC_InjectedChannelConfig>
     5a8:	4585                	li	a1,1
     5aa:	40040513          	addi	a0,s0,1024
     5ae:	55d000ef          	jal	ra,130a <ADC_ExternalTrigInjectedConvCmd>
     5b2:	4585                	li	a1,1
     5b4:	80048513          	addi	a0,s1,-2048
     5b8:	553000ef          	jal	ra,130a <ADC_ExternalTrigInjectedConvCmd>
     5bc:	22200793          	li	a5,546
     5c0:	0068                	addi	a0,sp,12
     5c2:	867c                	sh	a5,12(sp)
     5c4:	00010723          	sb	zero,14(sp)
     5c8:	c84a                	sw	s2,16(sp)
     5ca:	2d6010ef          	jal	ra,18a0 <NVIC_Init>
     5ce:	4605                	li	a2,1
     5d0:	48000593          	li	a1,1152
     5d4:	40040513          	addi	a0,s0,1024
     5d8:	4eb000ef          	jal	ra,12c2 <ADC_ITConfig>
     5dc:	4585                	li	a1,1
     5de:	40040513          	addi	a0,s0,1024
     5e2:	4d1000ef          	jal	ra,12b2 <ADC_Cmd>
     5e6:	4581                	li	a1,0
     5e8:	40040513          	addi	a0,s0,1024
     5ec:	603000ef          	jal	ra,13ee <ADC_BufferCmd>
     5f0:	40040513          	addi	a0,s0,1024
     5f4:	4e5000ef          	jal	ra,12d8 <ADC_ResetCalibration>
     5f8:	40040493          	addi	s1,s0,1024
     5fc:	8526                	mv	a0,s1
     5fe:	4e5000ef          	jal	ra,12e2 <ADC_GetResetCalibrationStatus>
     602:	fd6d                	bnez	a0,5fc <ADC_Function_Init+0x174>
     604:	40040513          	addi	a0,s0,1024
     608:	40012437          	lui	s0,0x40012
     60c:	4df000ef          	jal	ra,12ea <ADC_StartCalibration>
     610:	40040493          	addi	s1,s0,1024 # 40012400 <_eusrstack+0x2000a400>
     614:	8526                	mv	a0,s1
     616:	4df000ef          	jal	ra,12f4 <ADC_GetCalibrationStatus>
     61a:	fd6d                	bnez	a0,614 <ADC_Function_Init+0x18c>
     61c:	40040513          	addi	a0,s0,1024
     620:	5e7000ef          	jal	ra,1406 <Get_CalibrationValue>
     624:	84418793          	addi	a5,gp,-1980 # 20000234 <digtal_param>
     628:	400134b7          	lui	s1,0x40013
     62c:	a7aa                	sh	a0,10(a5)
     62e:	4605                	li	a2,1
     630:	48000593          	li	a1,1152
     634:	80048513          	addi	a0,s1,-2048 # 40012800 <_eusrstack+0x2000a800>
     638:	48b000ef          	jal	ra,12c2 <ADC_ITConfig>
     63c:	4585                	li	a1,1
     63e:	80048513          	addi	a0,s1,-2048
     642:	471000ef          	jal	ra,12b2 <ADC_Cmd>
     646:	4581                	li	a1,0
     648:	80048513          	addi	a0,s1,-2048
     64c:	5a3000ef          	jal	ra,13ee <ADC_BufferCmd>
     650:	80048513          	addi	a0,s1,-2048
     654:	485000ef          	jal	ra,12d8 <ADC_ResetCalibration>
     658:	84418413          	addi	s0,gp,-1980 # 20000234 <digtal_param>
     65c:	80048913          	addi	s2,s1,-2048
     660:	854a                	mv	a0,s2
     662:	481000ef          	jal	ra,12e2 <ADC_GetResetCalibrationStatus>
     666:	fd6d                	bnez	a0,660 <ADC_Function_Init+0x1d8>
     668:	80048513          	addi	a0,s1,-2048
     66c:	400134b7          	lui	s1,0x40013
     670:	47b000ef          	jal	ra,12ea <ADC_StartCalibration>
     674:	80048913          	addi	s2,s1,-2048 # 40012800 <_eusrstack+0x2000a800>
     678:	854a                	mv	a0,s2
     67a:	47b000ef          	jal	ra,12f4 <ADC_GetCalibrationStatus>
     67e:	fd6d                	bnez	a0,678 <ADC_Function_Init+0x1f0>
     680:	80048513          	addi	a0,s1,-2048
     684:	583000ef          	jal	ra,1406 <Get_CalibrationValue>
     688:	a44a                	sh	a0,12(s0)
     68a:	6121                	addi	sp,sp,64
     68c:	b661                	j	214 <__riscv_restore_0>

0000068e <ADC1_2_IRQHandler>:
     68e:	1141                	addi	sp,sp,-16
     690:	c426                	sw	s1,8(sp)
     692:	400124b7          	lui	s1,0x40012
     696:	48000593          	li	a1,1152
     69a:	40048513          	addi	a0,s1,1024 # 40012400 <_eusrstack+0x2000a400>
     69e:	c622                	sw	s0,12(sp)
     6a0:	529000ef          	jal	ra,13c8 <ADC_GetITStatus>
     6a4:	c521                	beqz	a0,6ec <ADC1_2_IRQHandler+0x5e>
     6a6:	48000593          	li	a1,1152
     6aa:	40048513          	addi	a0,s1,1024
     6ae:	537000ef          	jal	ra,13e4 <ADC_ClearITPendingBit>
     6b2:	45d1                	li	a1,20
     6b4:	40048513          	addi	a0,s1,1024
     6b8:	4f5000ef          	jal	ra,13ac <ADC_GetInjectedConversionValue>
     6bc:	84418413          	addi	s0,gp,-1980 # 20000234 <digtal_param>
     6c0:	a02a                	sh	a0,2(s0)
     6c2:	45e1                	li	a1,24
     6c4:	40048513          	addi	a0,s1,1024
     6c8:	4e5000ef          	jal	ra,13ac <ADC_GetInjectedConversionValue>
     6cc:	a06a                	sh	a0,6(s0)
     6ce:	45f1                	li	a1,28
     6d0:	40048513          	addi	a0,s1,1024
     6d4:	4d9000ef          	jal	ra,13ac <ADC_GetInjectedConversionValue>
     6d8:	a40a                	sh	a0,8(s0)
     6da:	02000593          	li	a1,32
     6de:	40048513          	addi	a0,s1,1024
     6e2:	4cb000ef          	jal	ra,13ac <ADC_GetInjectedConversionValue>
     6e6:	4785                	li	a5,1
     6e8:	a00a                	sh	a0,0(s0)
     6ea:	a47c                	sb	a5,14(s0)
     6ec:	40013437          	lui	s0,0x40013
     6f0:	48000593          	li	a1,1152
     6f4:	80040513          	addi	a0,s0,-2048 # 40012800 <_eusrstack+0x2000a800>
     6f8:	4d1000ef          	jal	ra,13c8 <ADC_GetITStatus>
     6fc:	c10d                	beqz	a0,71e <ADC1_2_IRQHandler+0x90>
     6fe:	48000593          	li	a1,1152
     702:	80040513          	addi	a0,s0,-2048
     706:	4df000ef          	jal	ra,13e4 <ADC_ClearITPendingBit>
     70a:	45d1                	li	a1,20
     70c:	80040513          	addi	a0,s0,-2048
     710:	49d000ef          	jal	ra,13ac <ADC_GetInjectedConversionValue>
     714:	84418793          	addi	a5,gp,-1980 # 20000234 <digtal_param>
     718:	4705                	li	a4,1
     71a:	a3ca                	sh	a0,4(a5)
     71c:	b7f8                	sb	a4,15(a5)
     71e:	4432                	lw	s0,12(sp)
     720:	44a2                	lw	s1,8(sp)
     722:	0141                	addi	sp,sp,16
     724:	30200073          	mret

00000728 <lead_init>:
     728:	0000b7b7          	lui	a5,0xb
     72c:	a647a783          	lw	a5,-1436(a5) # aa64 <_read+0x1e>
     730:	00000713          	li	a4,0
     734:	c118                	sw	a4,0(a0)
     736:	c15c                	sw	a5,4(a0)
     738:	c518                	sw	a4,8(a0)
     73a:	c558                	sw	a4,12(a0)
     73c:	c918                	sw	a4,16(a0)
     73e:	c958                	sw	a4,20(a0)
     740:	cd18                	sw	a4,24(a0)
     742:	8082                	ret

00000744 <lead_ctrl>:
     744:	aadff2ef          	jal	t0,1f0 <__riscv_save_0>
     748:	842a                	mv	s0,a0
     74a:	4108                	lw	a0,0(a0)
     74c:	84ae                	mv	s1,a1
     74e:	c84c                	sw	a1,20(s0)
     750:	480c                	lw	a1,16(s0)
     752:	800007b7          	lui	a5,0x80000
     756:	8d3d                	xor	a0,a0,a5
     758:	1fb020ef          	jal	ra,3152 <__mulsf3>
     75c:	404c                	lw	a1,4(s0)
     75e:	892a                	mv	s2,a0
     760:	8526                	mv	a0,s1
     762:	1f1020ef          	jal	ra,3152 <__mulsf3>
     766:	85aa                	mv	a1,a0
     768:	854a                	mv	a0,s2
     76a:	56c020ef          	jal	ra,2cd6 <__addsf3>
     76e:	4c0c                	lw	a1,24(s0)
     770:	892a                	mv	s2,a0
     772:	4408                	lw	a0,8(s0)
     774:	1df020ef          	jal	ra,3152 <__mulsf3>
     778:	85aa                	mv	a1,a0
     77a:	854a                	mv	a0,s2
     77c:	55a020ef          	jal	ra,2cd6 <__addsf3>
     780:	c448                	sw	a0,12(s0)
     782:	c808                	sw	a0,16(s0)
     784:	cc04                	sw	s1,24(s0)
     786:	b479                	j	214 <__riscv_restore_0>

00000788 <pid_init>:
     788:	0000b7b7          	lui	a5,0xb
     78c:	a647a783          	lw	a5,-1436(a5) # aa64 <_read+0x1e>
     790:	00000713          	li	a4,0
     794:	c518                	sw	a4,8(a0)
     796:	c11c                	sw	a5,0(a0)
     798:	c15c                	sw	a5,4(a0)
     79a:	0000b7b7          	lui	a5,0xb
     79e:	a687a783          	lw	a5,-1432(a5) # aa68 <_read+0x22>
     7a2:	c958                	sw	a4,20(a0)
     7a4:	cd18                	sw	a4,24(a0)
     7a6:	c55c                	sw	a5,12(a0)
     7a8:	0000b7b7          	lui	a5,0xb
     7ac:	a6c7a783          	lw	a5,-1428(a5) # aa6c <_read+0x26>
     7b0:	cd58                	sw	a4,28(a0)
     7b2:	d118                	sw	a4,32(a0)
     7b4:	c91c                	sw	a5,16(a0)
     7b6:	d158                	sw	a4,36(a0)
     7b8:	d518                	sw	a4,40(a0)
     7ba:	8082                	ret

000007bc <pid_ctrl>:
     7bc:	a1bff2ef          	jal	t0,1d6 <__riscv_save_4>
     7c0:	842a                	mv	s0,a0
     7c2:	852e                	mv	a0,a1
     7c4:	85b2                	mv	a1,a2
     7c6:	41d020ef          	jal	ra,33e2 <__subsf3>
     7ca:	404c                	lw	a1,4(s0)
     7cc:	cc48                	sw	a0,28(s0)
     7ce:	84aa                	mv	s1,a0
     7d0:	183020ef          	jal	ra,3152 <__mulsf3>
     7d4:	480c                	lw	a1,16(s0)
     7d6:	02042903          	lw	s2,32(s0)
     7da:	179020ef          	jal	ra,3152 <__mulsf3>
     7de:	89aa                	mv	s3,a0
     7e0:	85ca                	mv	a1,s2
     7e2:	8526                	mv	a0,s1
     7e4:	3ff020ef          	jal	ra,33e2 <__subsf3>
     7e8:	400c                	lw	a1,0(s0)
     7ea:	169020ef          	jal	ra,3152 <__mulsf3>
     7ee:	85aa                	mv	a1,a0
     7f0:	854e                	mv	a0,s3
     7f2:	4e4020ef          	jal	ra,2cd6 <__addsf3>
     7f6:	89aa                	mv	s3,a0
     7f8:	85ca                	mv	a1,s2
     7fa:	854a                	mv	a0,s2
     7fc:	4da020ef          	jal	ra,2cd6 <__addsf3>
     800:	85aa                	mv	a1,a0
     802:	8526                	mv	a0,s1
     804:	3df020ef          	jal	ra,33e2 <__subsf3>
     808:	504c                	lw	a1,36(s0)
     80a:	4cc020ef          	jal	ra,2cd6 <__addsf3>
     80e:	440c                	lw	a1,8(s0)
     810:	143020ef          	jal	ra,3152 <__mulsf3>
     814:	444c                	lw	a1,12(s0)
     816:	13d020ef          	jal	ra,3152 <__mulsf3>
     81a:	85aa                	mv	a1,a0
     81c:	854e                	mv	a0,s3
     81e:	4b8020ef          	jal	ra,2cd6 <__addsf3>
     822:	540c                	lw	a1,40(s0)
     824:	4b2020ef          	jal	ra,2cd6 <__addsf3>
     828:	d004                	sw	s1,32(s0)
     82a:	4844                	lw	s1,20(s0)
     82c:	d408                	sw	a0,40(s0)
     82e:	03242223          	sw	s2,36(s0)
     832:	85a6                	mv	a1,s1
     834:	00d020ef          	jal	ra,3040 <__gesf2>
     838:	00a05363          	blez	a0,83e <__stack_size+0x3e>
     83c:	d404                	sw	s1,40(s0)
     83e:	4c04                	lw	s1,24(s0)
     840:	5408                	lw	a0,40(s0)
     842:	85a6                	mv	a1,s1
     844:	083020ef          	jal	ra,30c6 <__lesf2>
     848:	00055363          	bgez	a0,84e <__stack_size+0x4e>
     84c:	d404                	sw	s1,40(s0)
     84e:	ba75                	j	20a <__riscv_restore_4>

00000850 <TIM1_Dead_Time_Init>:
     850:	9a1ff2ef          	jal	t0,1f0 <__riscv_save_0>
     854:	059f07b7          	lui	a5,0x59f0
     858:	86818493          	addi	s1,gp,-1944 # 20000258 <pwm_cfg>
     85c:	5a078793          	addi	a5,a5,1440 # 59f05a0 <_data_lma+0x59e538c>
     860:	c09c                	sw	a5,0(s1)
     862:	054f07b7          	lui	a5,0x54f0
     866:	05d78793          	addi	a5,a5,93 # 54f005d <_data_lma+0x54e4e49>
     86a:	c0dc                	sw	a5,4(s1)
     86c:	6505                	lui	a0,0x1
     86e:	004707b7          	lui	a5,0x470
     872:	7139                	addi	sp,sp,-64
     874:	03278793          	addi	a5,a5,50 # 470032 <_data_lma+0x464e1e>
     878:	4585                	li	a1,1
     87a:	84150513          	addi	a0,a0,-1983 # 841 <__stack_size+0x41>
     87e:	c49c                	sw	a5,8(s1)
     880:	ca02                	sw	zero,20(sp)
     882:	cc02                	sw	zero,24(sp)
     884:	ce02                	sw	zero,28(sp)
     886:	d802                	sw	zero,48(sp)
     888:	da02                	sw	zero,52(sp)
     88a:	dc02                	sw	zero,56(sp)
     88c:	de02                	sw	zero,60(sp)
     88e:	c402                	sw	zero,8(sp)
     890:	c602                	sw	zero,12(sp)
     892:	00011823          	sh	zero,16(sp)
     896:	d002                	sw	zero,32(sp)
     898:	d202                	sw	zero,36(sp)
     89a:	d402                	sw	zero,40(sp)
     89c:	02011623          	sh	zero,44(sp)
     8a0:	202010ef          	jal	ra,1aa2 <RCC_APB2PeriphClockCmd>
     8a4:	00160537          	lui	a0,0x160
     8a8:	4585                	li	a1,1
     8aa:	0c050513          	addi	a0,a0,192 # 1600c0 <_data_lma+0x154eac>
     8ae:	717000ef          	jal	ra,17c4 <GPIO_PinRemapConfig>
     8b2:	47e1                	li	a5,24
     8b4:	40012437          	lui	s0,0x40012
     8b8:	ce3e                	sw	a5,28(sp)
     8ba:	478d                	li	a5,3
     8bc:	cc3e                	sw	a5,24(sp)
     8be:	084c                	addi	a1,sp,20
     8c0:	20000793          	li	a5,512
     8c4:	80040513          	addi	a0,s0,-2048 # 40011800 <_eusrstack+0x20009800>
     8c8:	82fc                	sh	a5,20(sp)
     8ca:	63b000ef          	jal	ra,1704 <GPIO_Init>
     8ce:	10000793          	li	a5,256
     8d2:	084c                	addi	a1,sp,20
     8d4:	80040513          	addi	a0,s0,-2048
     8d8:	82fc                	sh	a5,20(sp)
     8da:	62b000ef          	jal	ra,1704 <GPIO_Init>
     8de:	6785                	lui	a5,0x1
     8e0:	80078793          	addi	a5,a5,-2048 # 800 <__stack_size>
     8e4:	084c                	addi	a1,sp,20
     8e6:	80040513          	addi	a0,s0,-2048
     8ea:	82fc                	sh	a5,20(sp)
     8ec:	619000ef          	jal	ra,1704 <GPIO_Init>
     8f0:	40000793          	li	a5,1024
     8f4:	084c                	addi	a1,sp,20
     8f6:	80040513          	addi	a0,s0,-2048
     8fa:	82fc                	sh	a5,20(sp)
     8fc:	609000ef          	jal	ra,1704 <GPIO_Init>
     900:	6911                	lui	s2,0x4
     902:	084c                	addi	a1,sp,20
     904:	80040513          	addi	a0,s0,-2048
     908:	01211a23          	sh	s2,20(sp)
     90c:	5f9000ef          	jal	ra,1704 <GPIO_Init>
     910:	20be                	lhu	a5,2(s1)
     912:	40013437          	lui	s0,0x40013
     916:	002c                	addi	a1,sp,8
     918:	c0040513          	addi	a0,s0,-1024 # 40012c00 <_eusrstack+0x2000ac00>
     91c:	867c                	sh	a5,12(sp)
     91e:	00011723          	sh	zero,14(sp)
     922:	c402                	sw	zero,8(sp)
     924:	1ba010ef          	jal	ra,1ade <TIM_TimeBaseInit>
     928:	67c1                	lui	a5,0x10
     92a:	06078793          	addi	a5,a5,96 # 10060 <_data_lma+0x4e4c>
     92e:	d83e                	sw	a5,48(sp)
     930:	4791                	li	a5,4
     932:	02f11a23          	sh	a5,52(sp)
     936:	20de                	lhu	a5,4(s1)
     938:	180c                	addi	a1,sp,48
     93a:	c0040513          	addi	a0,s0,-1024
     93e:	02f11b23          	sh	a5,54(sp)
     942:	dc02                	sw	zero,56(sp)
     944:	de02                	sw	zero,60(sp)
     946:	286010ef          	jal	ra,1bcc <TIM_OC1Init>
     94a:	180c                	addi	a1,sp,48
     94c:	c0040513          	addi	a0,s0,-1024
     950:	2fe010ef          	jal	ra,1c4e <TIM_OC2Init>
     954:	4789                	li	a5,2
     956:	02f11c23          	sh	a5,56(sp)
     95a:	24be                	lhu	a5,10(s1)
     95c:	180c                	addi	a1,sp,48
     95e:	c0040513          	addi	a0,s0,-1024
     962:	02f11b23          	sh	a5,54(sp)
     966:	396010ef          	jal	ra,1cfc <TIM_OC4Init>
     96a:	c0040513          	addi	a0,s0,-1024
     96e:	07000593          	li	a1,112
     972:	488010ef          	jal	ra,1dfa <TIM_SelectOutputTrigger>
     976:	249e                	lhu	a5,8(s1)
     978:	100c                	addi	a1,sp,32
     97a:	c0040513          	addi	a0,s0,-1024
     97e:	02f11323          	sh	a5,38(sp)
     982:	200007b7          	lui	a5,0x20000
     986:	d43e                	sw	a5,40(sp)
     988:	03211623          	sh	s2,44(sp)
     98c:	d002                	sw	zero,32(sp)
     98e:	02011223          	sh	zero,36(sp)
     992:	3f2010ef          	jal	ra,1d84 <TIM_BDTRConfig>
     996:	c0040513          	addi	a0,s0,-1024
     99a:	4585                	li	a1,1
     99c:	420010ef          	jal	ra,1dbc <TIM_CtrlPWMOutputs>
     9a0:	c0040513          	addi	a0,s0,-1024
     9a4:	45a1                	li	a1,8
     9a6:	446010ef          	jal	ra,1dec <TIM_OC1PreloadConfig>
     9aa:	c0040513          	addi	a0,s0,-1024
     9ae:	4585                	li	a1,1
     9b0:	422010ef          	jal	ra,1dd2 <TIM_ARRPreloadConfig>
     9b4:	4585                	li	a1,1
     9b6:	c0040513          	addi	a0,s0,-1024
     9ba:	3ea010ef          	jal	ra,1da4 <TIM_Cmd>
     9be:	6121                	addi	sp,sp,64
     9c0:	855ff06f          	j	214 <__riscv_restore_0>

000009c4 <NMI_Handler>:
     9c4:	a001                	j	9c4 <NMI_Handler>

000009c6 <HardFault_Handler>:
     9c6:	beef07b7          	lui	a5,0xbeef0
     9ca:	e000e737          	lui	a4,0xe000e
     9ce:	08078793          	addi	a5,a5,128 # beef0080 <_eusrstack+0x9eee8080>
     9d2:	c73c                	sw	a5,72(a4)
     9d4:	a001                	j	9d4 <HardFault_Handler+0xe>

000009d6 <conv_mode_select>:
     9d6:	801ff2ef          	jal	t0,1d6 <__riscv_save_4>
     9da:	8041a903          	lw	s2,-2044(gp) # 200001f4 <vref>
     9de:	0000b9b7          	lui	s3,0xb
     9e2:	a649a583          	lw	a1,-1436(s3) # aa64 <_read+0x1e>
     9e6:	84aa                	mv	s1,a0
     9e8:	854a                	mv	a0,s2
     9ea:	2ec020ef          	jal	ra,2cd6 <__addsf3>
     9ee:	85a6                	mv	a1,s1
     9f0:	6d6020ef          	jal	ra,30c6 <__lesf2>
     9f4:	82c18413          	addi	s0,gp,-2004 # 2000021c <prev_mode>
     9f8:	00054f63          	bltz	a0,a16 <conv_mode_select+0x40>
     9fc:	a649a583          	lw	a1,-1436(s3)
     a00:	854a                	mv	a0,s2
     a02:	1e1020ef          	jal	ra,33e2 <__subsf3>
     a06:	85a6                	mv	a1,s1
     a08:	638020ef          	jal	ra,3040 <__gesf2>
     a0c:	4785                	li	a5,1
     a0e:	00a04563          	bgtz	a0,a18 <conv_mode_select+0x42>
     a12:	4789                	li	a5,2
     a14:	a031                	j	a20 <conv_mode_select+0x4a>
     a16:	4781                	li	a5,0
     a18:	4018                	lw	a4,0(s0)
     a1a:	4689                	li	a3,2
     a1c:	00d71463          	bne	a4,a3,a24 <conv_mode_select+0x4e>
     a20:	c01c                	sw	a5,0(s0)
     a22:	a019                	j	a28 <conv_mode_select+0x52>
     a24:	fef71ee3          	bne	a4,a5,a20 <conv_mode_select+0x4a>
     a28:	4008                	lw	a0,0(s0)
     a2a:	fe0ff06f          	j	20a <__riscv_restore_4>

00000a2e <pid_switch_params>:
     a2e:	4605                	li	a2,1
     a30:	8bc18693          	addi	a3,gp,-1860 # 200002ac <vpid>
     a34:	87418713          	addi	a4,gp,-1932 # 20000264 <ipid>
     a38:	8a018793          	addi	a5,gp,-1888 # 20000290 <vlead>
     a3c:	04c51663          	bne	a0,a2,a88 <pid_switch_params+0x5a>
     a40:	0000b637          	lui	a2,0xb
     a44:	c2c62603          	lw	a2,-980(a2) # ac2c <mode_name.5943+0xc>
     a48:	c290                	sw	a2,0(a3)
     a4a:	0000b637          	lui	a2,0xb
     a4e:	c3062603          	lw	a2,-976(a2) # ac30 <mode_name.5943+0x10>
     a52:	c2d0                	sw	a2,4(a3)
     a54:	0000b6b7          	lui	a3,0xb
     a58:	c346a683          	lw	a3,-972(a3) # ac34 <mode_name.5943+0x14>
     a5c:	c314                	sw	a3,0(a4)
     a5e:	0000b6b7          	lui	a3,0xb
     a62:	c386a683          	lw	a3,-968(a3) # ac38 <mode_name.5943+0x18>
     a66:	c354                	sw	a3,4(a4)
     a68:	0000b737          	lui	a4,0xb
     a6c:	c3c72703          	lw	a4,-964(a4) # ac3c <mode_name.5943+0x1c>
     a70:	c3d8                	sw	a4,4(a5)
     a72:	0000b737          	lui	a4,0xb
     a76:	c4072703          	lw	a4,-960(a4) # ac40 <mode_name.5943+0x20>
     a7a:	c798                	sw	a4,8(a5)
     a7c:	0000b737          	lui	a4,0xb
     a80:	c4472703          	lw	a4,-956(a4) # ac44 <mode_name.5943+0x24>
     a84:	c398                	sw	a4,0(a5)
     a86:	8082                	ret
     a88:	0000b637          	lui	a2,0xb
     a8c:	c4862603          	lw	a2,-952(a2) # ac48 <mode_name.5943+0x28>
     a90:	c290                	sw	a2,0(a3)
     a92:	0000b637          	lui	a2,0xb
     a96:	c4c62603          	lw	a2,-948(a2) # ac4c <mode_name.5943+0x2c>
     a9a:	c2d0                	sw	a2,4(a3)
     a9c:	0000b6b7          	lui	a3,0xb
     aa0:	c506a683          	lw	a3,-944(a3) # ac50 <mode_name.5943+0x30>
     aa4:	c314                	sw	a3,0(a4)
     aa6:	0000b6b7          	lui	a3,0xb
     aaa:	c546a683          	lw	a3,-940(a3) # ac54 <mode_name.5943+0x34>
     aae:	c354                	sw	a3,4(a4)
     ab0:	0000b737          	lui	a4,0xb
     ab4:	a6472703          	lw	a4,-1436(a4) # aa64 <_read+0x1e>
     ab8:	c3d8                	sw	a4,4(a5)
     aba:	00000713          	li	a4,0
     abe:	c798                	sw	a4,8(a5)
     ac0:	b7d1                	j	a84 <pid_switch_params+0x56>

00000ac2 <pwm_update>:
     ac2:	f2eff2ef          	jal	t0,1f0 <__riscv_save_0>
     ac6:	86818793          	addi	a5,gp,-1944 # 20000258 <pwm_cfg>
     aca:	23de                	lhu	a5,4(a5)
     acc:	86818493          	addi	s1,gp,-1944 # 20000258 <pwm_cfg>
     ad0:	00b7f363          	bgeu	a5,a1,ad6 <pwm_update+0x14>
     ad4:	87ae                	mv	a5,a1
     ad6:	20ee                	lhu	a1,6(s1)
     ad8:	01079713          	slli	a4,a5,0x10
     adc:	8341                	srli	a4,a4,0x10
     ade:	842e                	mv	s0,a1
     ae0:	00b77363          	bgeu	a4,a1,ae6 <pwm_update+0x24>
     ae4:	843e                	mv	s0,a5
     ae6:	0442                	slli	s0,s0,0x10
     ae8:	4785                	li	a5,1
     aea:	8041                	srli	s0,s0,0x10
     aec:	02f50f63          	beq	a0,a5,b2a <pwm_update+0x68>
     af0:	cd19                	beqz	a0,b0e <pwm_update+0x4c>
     af2:	4789                	li	a5,2
     af4:	02f50a63          	beq	a0,a5,b28 <pwm_update+0x66>
     af8:	248e                	lhu	a1,8(s1)
     afa:	40013537          	lui	a0,0x40013
     afe:	c0050513          	addi	a0,a0,-1024 # 40012c00 <_eusrstack+0x2000ac00>
     b02:	95a2                	add	a1,a1,s0
     b04:	8185                	srli	a1,a1,0x1
     b06:	314010ef          	jal	ra,1e1a <TIM_SetCompare4>
     b0a:	f0aff06f          	j	214 <__riscv_restore_0>
     b0e:	40013937          	lui	s2,0x40013
     b12:	85a2                	mv	a1,s0
     b14:	c0090513          	addi	a0,s2,-1024 # 40012c00 <_eusrstack+0x2000ac00>
     b18:	2fa010ef          	jal	ra,1e12 <TIM_SetCompare1>
     b1c:	20ee                	lhu	a1,6(s1)
     b1e:	c0090513          	addi	a0,s2,-1024
     b22:	2f4010ef          	jal	ra,1e16 <TIM_SetCompare2>
     b26:	bfc9                	j	af8 <pwm_update+0x36>
     b28:	85a2                	mv	a1,s0
     b2a:	40013937          	lui	s2,0x40013
     b2e:	c0090513          	addi	a0,s2,-1024 # 40012c00 <_eusrstack+0x2000ac00>
     b32:	2e0010ef          	jal	ra,1e12 <TIM_SetCompare1>
     b36:	85a2                	mv	a1,s0
     b38:	b7dd                	j	b1e <pwm_update+0x5c>

00000b3a <main>:
     b3a:	e86ff2ef          	jal	t0,1c0 <__riscv_save_12>
     b3e:	7159                	addi	sp,sp,-112
     b40:	4509                	li	a0,2
     b42:	559000ef          	jal	ra,189a <NVIC_PriorityGroupConfig>
     b46:	2b29                	jal	1060 <SystemCoreClockUpdate>
     b48:	42e010ef          	jal	ra,1f76 <Delay_Init>
     b4c:	6571                	lui	a0,0x1c
     b4e:	20050513          	addi	a0,a0,512 # 1c200 <_data_lma+0x10fec>
     b52:	44a010ef          	jal	ra,1f9c <USART_Debug_Init>
     b56:	536010ef          	jal	ra,208c <USART1_DMA_Idle_Init>
     b5a:	8081a583          	lw	a1,-2040(gp) # 200001f8 <SystemCoreClock>
     b5e:	0000b537          	lui	a0,0xb
     b62:	a9050513          	addi	a0,a0,-1392 # aa90 <_read+0x4a>
     b66:	551030ef          	jal	ra,48b6 <iprintf>
     b6a:	1cd000ef          	jal	ra,1536 <DBGMCU_GetCHIPID>
     b6e:	85aa                	mv	a1,a0
     b70:	0000b537          	lui	a0,0xb
     b74:	aa050513          	addi	a0,a0,-1376 # aaa0 <_read+0x5a>
     b78:	53f030ef          	jal	ra,48b6 <iprintf>
     b7c:	0000b537          	lui	a0,0xb
     b80:	ab050513          	addi	a0,a0,-1360 # aab0 <_read+0x6a>
     b84:	653030ef          	jal	ra,49d6 <puts>
     b88:	901ff0ef          	jal	ra,488 <ADC_Function_Init>
     b8c:	86818c93          	addi	s9,gp,-1944 # 20000258 <pwm_cfg>
     b90:	31c1                	jal	850 <TIM1_Dead_Time_Init>
     b92:	004cd683          	lhu	a3,4(s9)
     b96:	008cd603          	lhu	a2,8(s9)
     b9a:	8681d583          	lhu	a1,-1944(gp) # 20000258 <pwm_cfg>
     b9e:	006cd703          	lhu	a4,6(s9)
     ba2:	0000b537          	lui	a0,0xb
     ba6:	acc50513          	addi	a0,a0,-1332 # aacc <_read+0x86>
     baa:	50d030ef          	jal	ra,48b6 <iprintf>
     bae:	8bc18513          	addi	a0,gp,-1860 # 200002ac <vpid>
     bb2:	3ed9                	jal	788 <pid_init>
     bb4:	8a018513          	addi	a0,gp,-1888 # 20000290 <vlead>
     bb8:	3e85                	jal	728 <lead_init>
     bba:	0000b7b7          	lui	a5,0xb
     bbe:	c487a783          	lw	a5,-952(a5) # ac48 <mode_name.5943+0x28>
     bc2:	8bc18d13          	addi	s10,gp,-1860 # 200002ac <vpid>
     bc6:	20000437          	lui	s0,0x20000
     bca:	00fd2023          	sw	a5,0(s10)
     bce:	0000b7b7          	lui	a5,0xb
     bd2:	c4c7a783          	lw	a5,-948(a5) # ac4c <mode_name.5943+0x2c>
     bd6:	00000713          	li	a4,0
     bda:	00fd2223          	sw	a5,4(s10)
     bde:	0000b7b7          	lui	a5,0xb
     be2:	a707a783          	lw	a5,-1424(a5) # aa70 <_read+0x2a>
     be6:	87418513          	addi	a0,gp,-1932 # 20000264 <ipid>
     bea:	84ba                	mv	s1,a4
     bec:	00fd2623          	sw	a5,12(s10)
     bf0:	0000b7b7          	lui	a5,0xb
     bf4:	a747a783          	lw	a5,-1420(a5) # aa74 <_read+0x2e>
     bf8:	00ed2423          	sw	a4,8(s10)
     bfc:	00ed2c23          	sw	a4,24(s10)
     c00:	00fd2823          	sw	a5,16(s10)
     c04:	0000b7b7          	lui	a5,0xb
     c08:	a787ab83          	lw	s7,-1416(a5) # aa78 <_read+0x32>
     c0c:	1f042783          	lw	a5,496(s0) # 200001f0 <il_ref>
     c10:	87418c13          	addi	s8,gp,-1932 # 20000264 <ipid>
     c14:	017d2a23          	sw	s7,20(s10)
     c18:	02fd2423          	sw	a5,40(s10)
     c1c:	36b5                	jal	788 <pid_init>
     c1e:	0000b7b7          	lui	a5,0xb
     c22:	c507a783          	lw	a5,-944(a5) # ac50 <mode_name.5943+0x30>
     c26:	006cd503          	lhu	a0,6(s9)
     c2a:	009c2423          	sw	s1,8(s8)
     c2e:	00fc2023          	sw	a5,0(s8)
     c32:	0000b7b7          	lui	a5,0xb
     c36:	c547a783          	lw	a5,-940(a5) # ac54 <mode_name.5943+0x34>
     c3a:	8a018a93          	addi	s5,gp,-1888 # 20000290 <vlead>
     c3e:	00fc2223          	sw	a5,4(s8)
     c42:	0000b7b7          	lui	a5,0xb
     c46:	a687a783          	lw	a5,-1432(a5) # aa68 <_read+0x22>
     c4a:	1f040413          	addi	s0,s0,496
     c4e:	00fc2623          	sw	a5,12(s8)
     c52:	0000b7b7          	lui	a5,0xb
     c56:	a6c7a783          	lw	a5,-1428(a5) # aa6c <_read+0x26>
     c5a:	00fc2823          	sw	a5,16(s8)
     c5e:	429020ef          	jal	ra,3886 <__floatunsisf>
     c62:	004cd583          	lhu	a1,4(s9)
     c66:	00ac2a23          	sw	a0,20(s8)
     c6a:	852e                	mv	a0,a1
     c6c:	d42e                	sw	a1,40(sp)
     c6e:	419020ef          	jal	ra,3886 <__floatunsisf>
     c72:	55a2                	lw	a1,40(sp)
     c74:	00ac2c23          	sw	a0,24(s8)
     c78:	02ac2423          	sw	a0,40(s8)
     c7c:	4501                	li	a0,0
     c7e:	8201a023          	sw	zero,-2016(gp) # 20000210 <_edata>
     c82:	3581                	jal	ac2 <pwm_update>
     c84:	00cd2503          	lw	a0,12(s10)
     c88:	82018493          	addi	s1,gp,-2016 # 20000210 <_edata>
     c8c:	4c9020ef          	jal	ra,3954 <__extendsfdf2>
     c90:	d82a                	sw	a0,48(sp)
     c92:	004d2503          	lw	a0,4(s10)
     c96:	da2e                	sw	a1,52(sp)
     c98:	4bd020ef          	jal	ra,3954 <__extendsfdf2>
     c9c:	d42a                	sw	a0,40(sp)
     c9e:	000d2503          	lw	a0,0(s10)
     ca2:	d62e                	sw	a1,44(sp)
     ca4:	4b1020ef          	jal	ra,3954 <__extendsfdf2>
     ca8:	0000b6b7          	lui	a3,0xb
     cac:	a806a603          	lw	a2,-1408(a3) # aa80 <_read+0x3a>
     cb0:	a846a683          	lw	a3,-1404(a3)
     cb4:	5842                	lw	a6,48(sp)
     cb6:	58d2                	lw	a7,52(sp)
     cb8:	5722                	lw	a4,40(sp)
     cba:	57b2                	lw	a5,44(sp)
     cbc:	c032                	sw	a2,0(sp)
     cbe:	862a                	mv	a2,a0
     cc0:	0000b537          	lui	a0,0xb
     cc4:	c236                	sw	a3,4(sp)
     cc6:	af450513          	addi	a0,a0,-1292 # aaf4 <_read+0xae>
     cca:	86ae                	mv	a3,a1
     ccc:	3eb030ef          	jal	ra,48b6 <iprintf>
     cd0:	00cc2503          	lw	a0,12(s8)
     cd4:	481020ef          	jal	ra,3954 <__extendsfdf2>
     cd8:	d82a                	sw	a0,48(sp)
     cda:	004c2503          	lw	a0,4(s8)
     cde:	da2e                	sw	a1,52(sp)
     ce0:	475020ef          	jal	ra,3954 <__extendsfdf2>
     ce4:	d42a                	sw	a0,40(sp)
     ce6:	000c2503          	lw	a0,0(s8)
     cea:	d62e                	sw	a1,44(sp)
     cec:	8bc18c13          	addi	s8,gp,-1860 # 200002ac <vpid>
     cf0:	465020ef          	jal	ra,3954 <__extendsfdf2>
     cf4:	006cd683          	lhu	a3,6(s9)
     cf8:	5842                	lw	a6,48(sp)
     cfa:	58d2                	lw	a7,52(sp)
     cfc:	c236                	sw	a3,4(sp)
     cfe:	004cd683          	lhu	a3,4(s9)
     d02:	5722                	lw	a4,40(sp)
     d04:	57b2                	lw	a5,44(sp)
     d06:	862a                	mv	a2,a0
     d08:	0000b537          	lui	a0,0xb
     d0c:	c036                	sw	a3,0(sp)
     d0e:	b2450513          	addi	a0,a0,-1244 # ab24 <_read+0xde>
     d12:	86ae                	mv	a3,a1
     d14:	3a3030ef          	jal	ra,48b6 <iprintf>
     d18:	000aa503          	lw	a0,0(s5)
     d1c:	85418913          	addi	s2,gp,-1964 # 20000244 <physical_param>
     d20:	435020ef          	jal	ra,3954 <__extendsfdf2>
     d24:	d82a                	sw	a0,48(sp)
     d26:	008aa503          	lw	a0,8(s5)
     d2a:	da2e                	sw	a1,52(sp)
     d2c:	429020ef          	jal	ra,3954 <__extendsfdf2>
     d30:	d42a                	sw	a0,40(sp)
     d32:	004aa503          	lw	a0,4(s5)
     d36:	d62e                	sw	a1,44(sp)
     d38:	41d020ef          	jal	ra,3954 <__extendsfdf2>
     d3c:	5842                	lw	a6,48(sp)
     d3e:	57b2                	lw	a5,44(sp)
     d40:	58d2                	lw	a7,52(sp)
     d42:	5722                	lw	a4,40(sp)
     d44:	862a                	mv	a2,a0
     d46:	0000b537          	lui	a0,0xb
     d4a:	86ae                	mv	a3,a1
     d4c:	b5450513          	addi	a0,a0,-1196 # ab54 <_read+0x10e>
     d50:	367030ef          	jal	ra,48b6 <iprintf>
     d54:	67ad                	lui	a5,0xb
     d56:	c2078d13          	addi	s10,a5,-992 # ac20 <mode_name.5943>
     d5a:	0000b7b7          	lui	a5,0xb
     d5e:	a8c7a803          	lw	a6,-1396(a5) # aa8c <_read+0x46>
     d62:	a887a783          	lw	a5,-1400(a5)
     d66:	d84e                	sw	s3,48(sp)
     d68:	d452                	sw	s4,40(sp)
     d6a:	87418993          	addi	s3,gp,-1932 # 20000264 <ipid>
     d6e:	dc3e                	sw	a5,56(sp)
     d70:	de42                	sw	a6,60(sp)
     d72:	4a29                	li	s4,10
     d74:	e6eff0ef          	jal	ra,3e2 <sample_run>
     d78:	dd75                	beqz	a0,d74 <main+0x23a>
     d7a:	82818a93          	addi	s5,gp,-2008 # 20000218 <loop_cnt>
     d7e:	000aa783          	lw	a5,0(s5)
     d82:	00892603          	lw	a2,8(s2)
     d86:	400c                	lw	a1,0(s0)
     d88:	0785                	addi	a5,a5,1
     d8a:	87418513          	addi	a0,gp,-1932 # 20000264 <ipid>
     d8e:	00faa023          	sw	a5,0(s5)
     d92:	342d                	jal	7bc <pid_ctrl>
     d94:	0289a503          	lw	a0,40(s3)
     d98:	1d3020ef          	jal	ra,376a <__fixunssfsi>
     d9c:	01051593          	slli	a1,a0,0x10
     da0:	4088                	lw	a0,0(s1)
     da2:	81c1                	srli	a1,a1,0x10
     da4:	3b39                	jal	ac2 <pwm_update>
     da6:	000aa783          	lw	a5,0(s5)
     daa:	fd4795e3          	bne	a5,s4,d74 <main+0x23a>
     dae:	8541a503          	lw	a0,-1964(gp) # 20000244 <physical_param>
     db2:	000aa023          	sw	zero,0(s5)
     db6:	3105                	jal	9d6 <conv_mode_select>
     db8:	4098                	lw	a4,0(s1)
     dba:	00a70463          	beq	a4,a0,dc2 <main+0x288>
     dbe:	c088                	sw	a0,0(s1)
     dc0:	31bd                	jal	a2e <pid_switch_params>
     dc2:	57a2                	lw	a5,40(sp)
     dc4:	00492603          	lw	a2,4(s2)
     dc8:	8041a583          	lw	a1,-2044(gp) # 200001f4 <vref>
     dcc:	8bc18513          	addi	a0,gp,-1860 # 200002ac <vpid>
     dd0:	80418a93          	addi	s5,gp,-2044 # 200001f4 <vref>
     dd4:	9e9ff0ef          	jal	ra,7bc <pid_ctrl>
     dd8:	57c2                	lw	a5,48(sp)
     dda:	028c2583          	lw	a1,40(s8)
     dde:	8a018513          	addi	a0,gp,-1888 # 20000290 <vlead>
     de2:	963ff0ef          	jal	ra,744 <lead_ctrl>
     de6:	8a018793          	addi	a5,gp,-1888 # 20000290 <vlead>
     dea:	00c7aa03          	lw	s4,12(a5)
     dee:	85de                	mv	a1,s7
     df0:	8552                	mv	a0,s4
     df2:	24e020ef          	jal	ra,3040 <__gesf2>
     df6:	04a05e63          	blez	a0,e52 <main+0x318>
     dfa:	01742023          	sw	s7,0(s0)
     dfe:	82418793          	addi	a5,gp,-2012 # 20000214 <log_cnt>
     e02:	4398                	lw	a4,0(a5)
     e04:	6685                	lui	a3,0x1
     e06:	38768693          	addi	a3,a3,903 # 1387 <ADC_InjectedChannelConfig+0x69>
     e0a:	0705                	addi	a4,a4,1
     e0c:	06e6e163          	bltu	a3,a4,e6e <main+0x334>
     e10:	c398                	sw	a4,0(a5)
     e12:	0000b537          	lui	a0,0xb
     e16:	10d0                	addi	a2,sp,100
     e18:	10ac                	addi	a1,sp,104
     e1a:	bc850513          	addi	a0,a0,-1080 # abc8 <_read+0x182>
     e1e:	36a010ef          	jal	ra,2188 <debug_scanf>
     e22:	d921                	beqz	a0,d72 <main+0x238>
     e24:	0000b5b7          	lui	a1,0xb
     e28:	bd458593          	addi	a1,a1,-1068 # abd4 <_read+0x18e>
     e2c:	10a8                	addi	a0,sp,104
     e2e:	c9aff0ef          	jal	ra,2c8 <strcmp>
     e32:	e179                	bnez	a0,ef8 <main+0x3be>
     e34:	5516                	lw	a0,100(sp)
     e36:	00aaa023          	sw	a0,0(s5)
     e3a:	31b020ef          	jal	ra,3954 <__extendsfdf2>
     e3e:	862a                	mv	a2,a0
     e40:	0000b537          	lui	a0,0xb
     e44:	86ae                	mv	a3,a1
     e46:	bdc50513          	addi	a0,a0,-1060 # abdc <_read+0x196>
     e4a:	10ac                	addi	a1,sp,104
     e4c:	26b030ef          	jal	ra,48b6 <iprintf>
     e50:	b70d                	j	d72 <main+0x238>
     e52:	00000593          	li	a1,0
     e56:	8552                	mv	a0,s4
     e58:	26e020ef          	jal	ra,30c6 <__lesf2>
     e5c:	00054563          	bltz	a0,e66 <main+0x32c>
     e60:	01442023          	sw	s4,0(s0)
     e64:	bf69                	j	dfe <main+0x2c4>
     e66:	00000793          	li	a5,0
     e6a:	c01c                	sw	a5,0(s0)
     e6c:	bf49                	j	dfe <main+0x2c4>
     e6e:	00892503          	lw	a0,8(s2)
     e72:	0007a023          	sw	zero,0(a5)
     e76:	2df020ef          	jal	ra,3954 <__extendsfdf2>
     e7a:	ccaa                	sw	a0,88(sp)
     e7c:	00492503          	lw	a0,4(s2)
     e80:	ceae                	sw	a1,92(sp)
     e82:	2d3020ef          	jal	ra,3954 <__extendsfdf2>
     e86:	c8aa                	sw	a0,80(sp)
     e88:	8541a503          	lw	a0,-1964(gp) # 20000244 <physical_param>
     e8c:	caae                	sw	a1,84(sp)
     e8e:	2c7020ef          	jal	ra,3954 <__extendsfdf2>
     e92:	4094                	lw	a3,0(s1)
     e94:	c4aa                	sw	a0,72(sp)
     e96:	c6ae                	sw	a1,76(sp)
     e98:	068a                	slli	a3,a3,0x2
     e9a:	96ea                	add	a3,a3,s10
     e9c:	4294                	lw	a3,0(a3)
     e9e:	c836                	sw	a3,16(sp)
     ea0:	0289a503          	lw	a0,40(s3)
     ea4:	2b1020ef          	jal	ra,3954 <__extendsfdf2>
     ea8:	5662                	lw	a2,56(sp)
     eaa:	56f2                	lw	a3,60(sp)
     eac:	101010ef          	jal	ra,27ac <__muldf3>
     eb0:	c0aa                	sw	a0,64(sp)
     eb2:	8681d503          	lhu	a0,-1944(gp) # 20000258 <pwm_cfg>
     eb6:	c2ae                	sw	a1,68(sp)
     eb8:	5ad010ef          	jal	ra,2c64 <__floatsidf>
     ebc:	4e06                	lw	t3,64(sp)
     ebe:	4e96                	lw	t4,68(sp)
     ec0:	862a                	mv	a2,a0
     ec2:	86ae                	mv	a3,a1
     ec4:	8572                	mv	a0,t3
     ec6:	85f6                	mv	a1,t4
     ec8:	330010ef          	jal	ra,21f8 <__divdf3>
     ecc:	c42a                	sw	a0,8(sp)
     ece:	4008                	lw	a0,0(s0)
     ed0:	c62e                	sw	a1,12(sp)
     ed2:	283020ef          	jal	ra,3954 <__extendsfdf2>
     ed6:	4326                	lw	t1,72(sp)
     ed8:	43b6                	lw	t2,76(sp)
     eda:	4866                	lw	a6,88(sp)
     edc:	48f6                	lw	a7,92(sp)
     ede:	4746                	lw	a4,80(sp)
     ee0:	47d6                	lw	a5,84(sp)
     ee2:	c02a                	sw	a0,0(sp)
     ee4:	0000b537          	lui	a0,0xb
     ee8:	c22e                	sw	a1,4(sp)
     eea:	861a                	mv	a2,t1
     eec:	869e                	mv	a3,t2
     eee:	b8850513          	addi	a0,a0,-1144 # ab88 <_read+0x142>
     ef2:	1c5030ef          	jal	ra,48b6 <iprintf>
     ef6:	bf31                	j	e12 <main+0x2d8>
     ef8:	0000b5b7          	lui	a1,0xb
     efc:	bec58593          	addi	a1,a1,-1044 # abec <_read+0x1a6>
     f00:	10a8                	addi	a0,sp,104
     f02:	bc6ff0ef          	jal	ra,2c8 <strcmp>
     f06:	e509                	bnez	a0,f10 <main+0x3d6>
     f08:	5516                	lw	a0,100(sp)
     f0a:	00ac2023          	sw	a0,0(s8)
     f0e:	b735                	j	e3a <main+0x300>
     f10:	0000b5b7          	lui	a1,0xb
     f14:	bf458593          	addi	a1,a1,-1036 # abf4 <_read+0x1ae>
     f18:	10a8                	addi	a0,sp,104
     f1a:	baeff0ef          	jal	ra,2c8 <strcmp>
     f1e:	e509                	bnez	a0,f28 <main+0x3ee>
     f20:	5516                	lw	a0,100(sp)
     f22:	00ac2223          	sw	a0,4(s8)
     f26:	bf11                	j	e3a <main+0x300>
     f28:	0000b5b7          	lui	a1,0xb
     f2c:	bfc58593          	addi	a1,a1,-1028 # abfc <_read+0x1b6>
     f30:	10a8                	addi	a0,sp,104
     f32:	b96ff0ef          	jal	ra,2c8 <strcmp>
     f36:	e509                	bnez	a0,f40 <main+0x406>
     f38:	5516                	lw	a0,100(sp)
     f3a:	00a9a023          	sw	a0,0(s3)
     f3e:	bdf5                	j	e3a <main+0x300>
     f40:	0000b5b7          	lui	a1,0xb
     f44:	c0458593          	addi	a1,a1,-1020 # ac04 <_read+0x1be>
     f48:	10a8                	addi	a0,sp,104
     f4a:	b7eff0ef          	jal	ra,2c8 <strcmp>
     f4e:	e509                	bnez	a0,f58 <main+0x41e>
     f50:	5516                	lw	a0,100(sp)
     f52:	00a9a223          	sw	a0,4(s3)
     f56:	b5d5                	j	e3a <main+0x300>
     f58:	0000b537          	lui	a0,0xb
     f5c:	10ac                	addi	a1,sp,104
     f5e:	c0c50513          	addi	a0,a0,-1012 # ac0c <_read+0x1c6>
     f62:	155030ef          	jal	ra,48b6 <iprintf>
     f66:	b531                	j	d72 <main+0x238>

00000f68 <SystemInit>:
     f68:	400217b7          	lui	a5,0x40021
     f6c:	4398                	lw	a4,0(a5)
     f6e:	f0ff06b7          	lui	a3,0xf0ff0
     f72:	1141                	addi	sp,sp,-16
     f74:	00176713          	ori	a4,a4,1
     f78:	c398                	sw	a4,0(a5)
     f7a:	43d8                	lw	a4,4(a5)
     f7c:	00020637          	lui	a2,0x20
     f80:	8f75                	and	a4,a4,a3
     f82:	c3d8                	sw	a4,4(a5)
     f84:	4398                	lw	a4,0(a5)
     f86:	fef706b7          	lui	a3,0xfef70
     f8a:	16fd                	addi	a3,a3,-1
     f8c:	8f75                	and	a4,a4,a3
     f8e:	c398                	sw	a4,0(a5)
     f90:	4398                	lw	a4,0(a5)
     f92:	fffc06b7          	lui	a3,0xfffc0
     f96:	16fd                	addi	a3,a3,-1
     f98:	8f75                	and	a4,a4,a3
     f9a:	c398                	sw	a4,0(a5)
     f9c:	43d8                	lw	a4,4(a5)
     f9e:	ff0106b7          	lui	a3,0xff010
     fa2:	16fd                	addi	a3,a3,-1
     fa4:	8f75                	and	a4,a4,a3
     fa6:	c3d8                	sw	a4,4(a5)
     fa8:	4398                	lw	a4,0(a5)
     faa:	ec0006b7          	lui	a3,0xec000
     fae:	16fd                	addi	a3,a3,-1
     fb0:	8f75                	and	a4,a4,a3
     fb2:	c398                	sw	a4,0(a5)
     fb4:	00ff0737          	lui	a4,0xff0
     fb8:	c798                	sw	a4,8(a5)
     fba:	0207a623          	sw	zero,44(a5) # 4002102c <_eusrstack+0x2001902c>
     fbe:	c402                	sw	zero,8(sp)
     fc0:	c602                	sw	zero,12(sp)
     fc2:	4398                	lw	a4,0(a5)
     fc4:	66c1                	lui	a3,0x10
     fc6:	8f55                	or	a4,a4,a3
     fc8:	c398                	sw	a4,0(a5)
     fca:	400216b7          	lui	a3,0x40021
     fce:	6705                	lui	a4,0x1
     fd0:	429c                	lw	a5,0(a3)
     fd2:	8ff1                	and	a5,a5,a2
     fd4:	c63e                	sw	a5,12(sp)
     fd6:	47a2                	lw	a5,8(sp)
     fd8:	0785                	addi	a5,a5,1
     fda:	c43e                	sw	a5,8(sp)
     fdc:	47b2                	lw	a5,12(sp)
     fde:	e781                	bnez	a5,fe6 <SystemInit+0x7e>
     fe0:	47a2                	lw	a5,8(sp)
     fe2:	fee797e3          	bne	a5,a4,fd0 <SystemInit+0x68>
     fe6:	400217b7          	lui	a5,0x40021
     fea:	439c                	lw	a5,0(a5)
     fec:	00e79713          	slli	a4,a5,0xe
     ff0:	06075663          	bgez	a4,105c <SystemInit+0xf4>
     ff4:	4785                	li	a5,1
     ff6:	c63e                	sw	a5,12(sp)
     ff8:	4732                	lw	a4,12(sp)
     ffa:	4785                	li	a5,1
     ffc:	04f71e63          	bne	a4,a5,1058 <SystemInit+0xf0>
    1000:	400217b7          	lui	a5,0x40021
    1004:	43d8                	lw	a4,4(a5)
    1006:	ffc106b7          	lui	a3,0xffc10
    100a:	16fd                	addi	a3,a3,-1
    100c:	c3d8                	sw	a4,4(a5)
    100e:	43d8                	lw	a4,4(a5)
    1010:	c3d8                	sw	a4,4(a5)
    1012:	43d8                	lw	a4,4(a5)
    1014:	40076713          	ori	a4,a4,1024
    1018:	c3d8                	sw	a4,4(a5)
    101a:	43d8                	lw	a4,4(a5)
    101c:	8f75                	and	a4,a4,a3
    101e:	c3d8                	sw	a4,4(a5)
    1020:	43d8                	lw	a4,4(a5)
    1022:	66c1                	lui	a3,0x10
    1024:	8f55                	or	a4,a4,a3
    1026:	c3d8                	sw	a4,4(a5)
    1028:	4398                	lw	a4,0(a5)
    102a:	010006b7          	lui	a3,0x1000
    102e:	8f55                	or	a4,a4,a3
    1030:	c398                	sw	a4,0(a5)
    1032:	4398                	lw	a4,0(a5)
    1034:	00671693          	slli	a3,a4,0x6
    1038:	fe06dde3          	bgez	a3,1032 <SystemInit+0xca>
    103c:	43d8                	lw	a4,4(a5)
    103e:	400216b7          	lui	a3,0x40021
    1042:	9b71                	andi	a4,a4,-4
    1044:	c3d8                	sw	a4,4(a5)
    1046:	43d8                	lw	a4,4(a5)
    1048:	00276713          	ori	a4,a4,2
    104c:	c3d8                	sw	a4,4(a5)
    104e:	4721                	li	a4,8
    1050:	42dc                	lw	a5,4(a3)
    1052:	8bb1                	andi	a5,a5,12
    1054:	fee79ee3          	bne	a5,a4,1050 <SystemInit+0xe8>
    1058:	0141                	addi	sp,sp,16
    105a:	8082                	ret
    105c:	c602                	sw	zero,12(sp)
    105e:	bf69                	j	ff8 <SystemInit+0x90>

00001060 <SystemCoreClockUpdate>:
    1060:	400216b7          	lui	a3,0x40021
    1064:	42d8                	lw	a4,4(a3)
    1066:	4611                	li	a2,4
    1068:	8b31                	andi	a4,a4,12
    106a:	80818793          	addi	a5,gp,-2040 # 200001f8 <SystemCoreClock>
    106e:	00c70563          	beq	a4,a2,1078 <SystemCoreClockUpdate+0x18>
    1072:	4621                	li	a2,8
    1074:	02c70863          	beq	a4,a2,10a4 <SystemCoreClockUpdate+0x44>
    1078:	007a1737          	lui	a4,0x7a1
    107c:	20070713          	addi	a4,a4,512 # 7a1200 <_data_lma+0x795fec>
    1080:	c398                	sw	a4,0(a5)
    1082:	40021737          	lui	a4,0x40021
    1086:	4358                	lw	a4,4(a4)
    1088:	8311                	srli	a4,a4,0x4
    108a:	00f77693          	andi	a3,a4,15
    108e:	20000737          	lui	a4,0x20000
    1092:	00070713          	mv	a4,a4
    1096:	9736                	add	a4,a4,a3
    1098:	2314                	lbu	a3,0(a4)
    109a:	4398                	lw	a4,0(a5)
    109c:	00d75733          	srl	a4,a4,a3
    10a0:	c398                	sw	a4,0(a5)
    10a2:	8082                	ret
    10a4:	42d8                	lw	a4,4(a3)
    10a6:	42d4                	lw	a3,4(a3)
    10a8:	6641                	lui	a2,0x10
    10aa:	8349                	srli	a4,a4,0x12
    10ac:	8b3d                	andi	a4,a4,15
    10ae:	8ef1                	and	a3,a3,a2
    10b0:	00270613          	addi	a2,a4,2 # 20000002 <_data_vma+0x2>
    10b4:	cf15                	beqz	a4,10f0 <SystemCoreClockUpdate+0x90>
    10b6:	473d                	li	a4,15
    10b8:	02e60f63          	beq	a2,a4,10f6 <SystemCoreClockUpdate+0x96>
    10bc:	4741                	li	a4,16
    10be:	02e60f63          	beq	a2,a4,10fc <SystemCoreClockUpdate+0x9c>
    10c2:	4745                	li	a4,17
    10c4:	4581                	li	a1,0
    10c6:	00e61363          	bne	a2,a4,10cc <SystemCoreClockUpdate+0x6c>
    10ca:	4641                	li	a2,16
    10cc:	e2a1                	bnez	a3,110c <SystemCoreClockUpdate+0xac>
    10ce:	40024737          	lui	a4,0x40024
    10d2:	80072703          	lw	a4,-2048(a4) # 40023800 <_eusrstack+0x2001b800>
    10d6:	8b41                	andi	a4,a4,16
    10d8:	c70d                	beqz	a4,1102 <SystemCoreClockUpdate+0xa2>
    10da:	007a1737          	lui	a4,0x7a1
    10de:	20070713          	addi	a4,a4,512 # 7a1200 <_data_lma+0x795fec>
    10e2:	02c70633          	mul	a2,a4,a2
    10e6:	c390                	sw	a2,0(a5)
    10e8:	ddc9                	beqz	a1,1082 <SystemCoreClockUpdate+0x22>
    10ea:	4398                	lw	a4,0(a5)
    10ec:	8305                	srli	a4,a4,0x1
    10ee:	bf49                	j	1080 <SystemCoreClockUpdate+0x20>
    10f0:	4581                	li	a1,0
    10f2:	4649                	li	a2,18
    10f4:	bfe1                	j	10cc <SystemCoreClockUpdate+0x6c>
    10f6:	4585                	li	a1,1
    10f8:	4635                	li	a2,13
    10fa:	bfc9                	j	10cc <SystemCoreClockUpdate+0x6c>
    10fc:	4581                	li	a1,0
    10fe:	463d                	li	a2,15
    1100:	b7f1                	j	10cc <SystemCoreClockUpdate+0x6c>
    1102:	003d1737          	lui	a4,0x3d1
    1106:	90070713          	addi	a4,a4,-1792 # 3d0900 <_data_lma+0x3c56ec>
    110a:	bfe1                	j	10e2 <SystemCoreClockUpdate+0x82>
    110c:	40021537          	lui	a0,0x40021
    1110:	5558                	lw	a4,44(a0)
    1112:	00f71693          	slli	a3,a4,0xf
    1116:	5558                	lw	a4,44(a0)
    1118:	0406df63          	bgez	a3,1176 <SystemCoreClockUpdate+0x116>
    111c:	8311                	srli	a4,a4,0x4
    111e:	8b3d                	andi	a4,a4,15
    1120:	00170693          	addi	a3,a4,1
    1124:	007a1737          	lui	a4,0x7a1
    1128:	20070713          	addi	a4,a4,512 # 7a1200 <_data_lma+0x795fec>
    112c:	02d75733          	divu	a4,a4,a3
    1130:	c398                	sw	a4,0(a5)
    1132:	5554                	lw	a3,44(a0)
    1134:	82a1                	srli	a3,a3,0x8
    1136:	8abd                	andi	a3,a3,15
    1138:	e28d                	bnez	a3,115a <SystemCoreClockUpdate+0xfa>
    113a:	4695                	li	a3,5
    113c:	02d70733          	mul	a4,a4,a3
    1140:	8305                	srli	a4,a4,0x1
    1142:	c398                	sw	a4,0(a5)
    1144:	40021737          	lui	a4,0x40021
    1148:	5758                	lw	a4,44(a4)
    114a:	4394                	lw	a3,0(a5)
    114c:	8b3d                	andi	a4,a4,15
    114e:	0705                	addi	a4,a4,1
    1150:	02e6d733          	divu	a4,a3,a4
    1154:	c398                	sw	a4,0(a5)
    1156:	4398                	lw	a4,0(a5)
    1158:	b769                	j	10e2 <SystemCoreClockUpdate+0x82>
    115a:	4505                	li	a0,1
    115c:	00a69463          	bne	a3,a0,1164 <SystemCoreClockUpdate+0x104>
    1160:	46e5                	li	a3,25
    1162:	bfe9                	j	113c <SystemCoreClockUpdate+0xdc>
    1164:	453d                	li	a0,15
    1166:	00a69663          	bne	a3,a0,1172 <SystemCoreClockUpdate+0x112>
    116a:	46d1                	li	a3,20
    116c:	02e68733          	mul	a4,a3,a4
    1170:	bfc9                	j	1142 <SystemCoreClockUpdate+0xe2>
    1172:	0689                	addi	a3,a3,2
    1174:	bfe5                	j	116c <SystemCoreClockUpdate+0x10c>
    1176:	8b3d                	andi	a4,a4,15
    1178:	00170693          	addi	a3,a4,1 # 40021001 <_eusrstack+0x20019001>
    117c:	007a1737          	lui	a4,0x7a1
    1180:	20070713          	addi	a4,a4,512 # 7a1200 <_data_lma+0x795fec>
    1184:	02d75733          	divu	a4,a4,a3
    1188:	b7f1                	j	1154 <SystemCoreClockUpdate+0xf4>

0000118a <Break_Point_Handler>:
    118a:	a001                	j	118a <Break_Point_Handler>

0000118c <handle_reset>:
    118c:	20000197          	auipc	gp,0x20000
    1190:	86418193          	addi	gp,gp,-1948 # 200009f0 <__global_pointer$>
    1194:	20007117          	auipc	sp,0x20007
    1198:	e6c10113          	addi	sp,sp,-404 # 20008000 <_eusrstack>
    119c:	0000a517          	auipc	a0,0xa
    11a0:	07850513          	addi	a0,a0,120 # b214 <_data_lma>
    11a4:	1ffff597          	auipc	a1,0x1ffff
    11a8:	e5c58593          	addi	a1,a1,-420 # 20000000 <_data_vma>
    11ac:	82018613          	addi	a2,gp,-2016 # 20000210 <_edata>
    11b0:	00c5fa63          	bgeu	a1,a2,11c4 <handle_reset+0x38>
    11b4:	00052283          	lw	t0,0(a0)
    11b8:	0055a023          	sw	t0,0(a1)
    11bc:	0511                	addi	a0,a0,4
    11be:	0591                	addi	a1,a1,4
    11c0:	fec5eae3          	bltu	a1,a2,11b4 <handle_reset+0x28>
    11c4:	82018513          	addi	a0,gp,-2016 # 20000210 <_edata>
    11c8:	92c18593          	addi	a1,gp,-1748 # 2000031c <_ebss>
    11cc:	00b57763          	bgeu	a0,a1,11da <handle_reset+0x4e>
    11d0:	00052023          	sw	zero,0(a0)
    11d4:	0511                	addi	a0,a0,4
    11d6:	feb56de3          	bltu	a0,a1,11d0 <handle_reset+0x44>
    11da:	42fd                	li	t0,31
    11dc:	bc029073          	csrw	0xbc0,t0
    11e0:	42ad                	li	t0,11
    11e2:	80429073          	csrw	0x804,t0
    11e6:	000062b7          	lui	t0,0x6
    11ea:	08828293          	addi	t0,t0,136 # 6088 <_dtoa_r+0x4d2>
    11ee:	30029073          	csrw	mstatus,t0
    11f2:	fffff297          	auipc	t0,0xfffff
    11f6:	e1228293          	addi	t0,t0,-494 # 4 <_einit>
    11fa:	0032e293          	ori	t0,t0,3
    11fe:	30529073          	csrw	mtvec,t0
    1202:	d67ff0ef          	jal	ra,f68 <SystemInit>
    1206:	00000297          	auipc	t0,0x0
    120a:	93428293          	addi	t0,t0,-1740 # b3a <main>
    120e:	34129073          	csrw	mepc,t0
    1212:	30200073          	mret

00001216 <ADC_DeInit>:
    1216:	fdbfe2ef          	jal	t0,1f0 <__riscv_save_0>
    121a:	400127b7          	lui	a5,0x40012
    121e:	40078793          	addi	a5,a5,1024 # 40012400 <_eusrstack+0x2000a400>
    1222:	00f51e63          	bne	a0,a5,123e <ADC_DeInit+0x28>
    1226:	4585                	li	a1,1
    1228:	20000513          	li	a0,512
    122c:	095000ef          	jal	ra,1ac0 <RCC_APB2PeriphResetCmd>
    1230:	4581                	li	a1,0
    1232:	20000513          	li	a0,512
    1236:	08b000ef          	jal	ra,1ac0 <RCC_APB2PeriphResetCmd>
    123a:	fdbfe06f          	j	214 <__riscv_restore_0>
    123e:	400137b7          	lui	a5,0x40013
    1242:	80078793          	addi	a5,a5,-2048 # 40012800 <_eusrstack+0x2000a800>
    1246:	fef51ae3          	bne	a0,a5,123a <ADC_DeInit+0x24>
    124a:	4585                	li	a1,1
    124c:	40000513          	li	a0,1024
    1250:	071000ef          	jal	ra,1ac0 <RCC_APB2PeriphResetCmd>
    1254:	4581                	li	a1,0
    1256:	40000513          	li	a0,1024
    125a:	bff1                	j	1236 <ADC_DeInit+0x20>

0000125c <ADC_Init>:
    125c:	415c                	lw	a5,4(a0)
    125e:	e0f10737          	lui	a4,0xe0f10
    1262:	eff70713          	addi	a4,a4,-257 # e0f0feff <_eusrstack+0xc0f07eff>
    1266:	4d94                	lw	a3,24(a1)
    1268:	8f7d                	and	a4,a4,a5
    126a:	419c                	lw	a5,0(a1)
    126c:	8fd5                	or	a5,a5,a3
    126e:	4dd4                	lw	a3,28(a1)
    1270:	8fd5                	or	a5,a5,a3
    1272:	41d4                	lw	a3,4(a1)
    1274:	06a2                	slli	a3,a3,0x8
    1276:	8fd5                	or	a5,a5,a3
    1278:	8fd9                	or	a5,a5,a4
    127a:	c15c                	sw	a5,4(a0)
    127c:	451c                	lw	a5,8(a0)
    127e:	fff1f737          	lui	a4,0xfff1f
    1282:	7fd70713          	addi	a4,a4,2045 # fff1f7fd <_eusrstack+0xdff177fd>
    1286:	45d4                	lw	a3,12(a1)
    1288:	8f7d                	and	a4,a4,a5
    128a:	499c                	lw	a5,16(a1)
    128c:	8fd5                	or	a5,a5,a3
    128e:	4594                	lw	a3,8(a1)
    1290:	0686                	slli	a3,a3,0x1
    1292:	8fd5                	or	a5,a5,a3
    1294:	8fd9                	or	a5,a5,a4
    1296:	c51c                	sw	a5,8(a0)
    1298:	555c                	lw	a5,44(a0)
    129a:	ff100737          	lui	a4,0xff100
    129e:	177d                	addi	a4,a4,-1
    12a0:	8f7d                	and	a4,a4,a5
    12a2:	29dc                	lbu	a5,20(a1)
    12a4:	17fd                	addi	a5,a5,-1
    12a6:	0ff7f793          	andi	a5,a5,255
    12aa:	07d2                	slli	a5,a5,0x14
    12ac:	8fd9                	or	a5,a5,a4
    12ae:	d55c                	sw	a5,44(a0)
    12b0:	8082                	ret

000012b2 <ADC_Cmd>:
    12b2:	451c                	lw	a5,8(a0)
    12b4:	c589                	beqz	a1,12be <ADC_Cmd+0xc>
    12b6:	0017e793          	ori	a5,a5,1
    12ba:	c51c                	sw	a5,8(a0)
    12bc:	8082                	ret
    12be:	9bf9                	andi	a5,a5,-2
    12c0:	bfed                	j	12ba <ADC_Cmd+0x8>

000012c2 <ADC_ITConfig>:
    12c2:	415c                	lw	a5,4(a0)
    12c4:	0ff5f593          	andi	a1,a1,255
    12c8:	c601                	beqz	a2,12d0 <ADC_ITConfig+0xe>
    12ca:	8ddd                	or	a1,a1,a5
    12cc:	c14c                	sw	a1,4(a0)
    12ce:	8082                	ret
    12d0:	fff5c593          	not	a1,a1
    12d4:	8dfd                	and	a1,a1,a5
    12d6:	bfdd                	j	12cc <ADC_ITConfig+0xa>

000012d8 <ADC_ResetCalibration>:
    12d8:	451c                	lw	a5,8(a0)
    12da:	0087e793          	ori	a5,a5,8
    12de:	c51c                	sw	a5,8(a0)
    12e0:	8082                	ret

000012e2 <ADC_GetResetCalibrationStatus>:
    12e2:	4508                	lw	a0,8(a0)
    12e4:	810d                	srli	a0,a0,0x3
    12e6:	8905                	andi	a0,a0,1
    12e8:	8082                	ret

000012ea <ADC_StartCalibration>:
    12ea:	451c                	lw	a5,8(a0)
    12ec:	0047e793          	ori	a5,a5,4
    12f0:	c51c                	sw	a5,8(a0)
    12f2:	8082                	ret

000012f4 <ADC_GetCalibrationStatus>:
    12f4:	4508                	lw	a0,8(a0)
    12f6:	8109                	srli	a0,a0,0x2
    12f8:	8905                	andi	a0,a0,1
    12fa:	8082                	ret

000012fc <ADC_ExternalTrigInjectedConvConfig>:
    12fc:	451c                	lw	a5,8(a0)
    12fe:	7765                	lui	a4,0xffff9
    1300:	177d                	addi	a4,a4,-1
    1302:	8ff9                	and	a5,a5,a4
    1304:	8ddd                	or	a1,a1,a5
    1306:	c50c                	sw	a1,8(a0)
    1308:	8082                	ret

0000130a <ADC_ExternalTrigInjectedConvCmd>:
    130a:	451c                	lw	a5,8(a0)
    130c:	c589                	beqz	a1,1316 <ADC_ExternalTrigInjectedConvCmd+0xc>
    130e:	6721                	lui	a4,0x8
    1310:	8fd9                	or	a5,a5,a4
    1312:	c51c                	sw	a5,8(a0)
    1314:	8082                	ret
    1316:	7761                	lui	a4,0xffff8
    1318:	177d                	addi	a4,a4,-1
    131a:	8ff9                	and	a5,a5,a4
    131c:	bfdd                	j	1312 <ADC_ExternalTrigInjectedConvCmd+0x8>

0000131e <ADC_InjectedChannelConfig>:
    131e:	47a5                	li	a5,9
    1320:	04b7fb63          	bgeu	a5,a1,1376 <ADC_InjectedChannelConfig+0x58>
    1324:	478d                	li	a5,3
    1326:	ff658713          	addi	a4,a1,-10
    132a:	02f70733          	mul	a4,a4,a5
    132e:	00c52803          	lw	a6,12(a0)
    1332:	479d                	li	a5,7
    1334:	00e797b3          	sll	a5,a5,a4
    1338:	fff7c793          	not	a5,a5
    133c:	0107f7b3          	and	a5,a5,a6
    1340:	00e696b3          	sll	a3,a3,a4
    1344:	8edd                	or	a3,a3,a5
    1346:	c554                	sw	a3,12(a0)
    1348:	5d14                	lw	a3,56(a0)
    134a:	0609                	addi	a2,a2,2
    134c:	4715                	li	a4,5
    134e:	0146d793          	srli	a5,a3,0x14
    1352:	8b8d                	andi	a5,a5,3
    1354:	40f607b3          	sub	a5,a2,a5
    1358:	0ff7f793          	andi	a5,a5,255
    135c:	02e787b3          	mul	a5,a5,a4
    1360:	477d                	li	a4,31
    1362:	00f71733          	sll	a4,a4,a5
    1366:	fff74713          	not	a4,a4
    136a:	8f75                	and	a4,a4,a3
    136c:	00f595b3          	sll	a1,a1,a5
    1370:	8dd9                	or	a1,a1,a4
    1372:	dd0c                	sw	a1,56(a0)
    1374:	8082                	ret
    1376:	470d                	li	a4,3
    1378:	02e58733          	mul	a4,a1,a4
    137c:	01052803          	lw	a6,16(a0)
    1380:	479d                	li	a5,7
    1382:	00e797b3          	sll	a5,a5,a4
    1386:	fff7c793          	not	a5,a5
    138a:	0107f7b3          	and	a5,a5,a6
    138e:	00e696b3          	sll	a3,a3,a4
    1392:	8edd                	or	a3,a3,a5
    1394:	c914                	sw	a3,16(a0)
    1396:	bf4d                	j	1348 <ADC_InjectedChannelConfig+0x2a>

00001398 <ADC_InjectedSequencerLengthConfig>:
    1398:	5d1c                	lw	a5,56(a0)
    139a:	ffd00737          	lui	a4,0xffd00
    139e:	177d                	addi	a4,a4,-1
    13a0:	15fd                	addi	a1,a1,-1
    13a2:	8ff9                	and	a5,a5,a4
    13a4:	05d2                	slli	a1,a1,0x14
    13a6:	8ddd                	or	a1,a1,a5
    13a8:	dd0c                	sw	a1,56(a0)
    13aa:	8082                	ret

000013ac <ADC_GetInjectedConversionValue>:
    13ac:	1141                	addi	sp,sp,-16
    13ae:	c602                	sw	zero,12(sp)
    13b0:	c62a                	sw	a0,12(sp)
    13b2:	47b2                	lw	a5,12(sp)
    13b4:	02878793          	addi	a5,a5,40
    13b8:	95be                	add	a1,a1,a5
    13ba:	c62e                	sw	a1,12(sp)
    13bc:	47b2                	lw	a5,12(sp)
    13be:	4388                	lw	a0,0(a5)
    13c0:	0141                	addi	sp,sp,16
    13c2:	0542                	slli	a0,a0,0x10
    13c4:	8141                	srli	a0,a0,0x10
    13c6:	8082                	ret

000013c8 <ADC_GetITStatus>:
    13c8:	4158                	lw	a4,4(a0)
    13ca:	4114                	lw	a3,0(a0)
    13cc:	0085d793          	srli	a5,a1,0x8
    13d0:	8ff5                	and	a5,a5,a3
    13d2:	c799                	beqz	a5,13e0 <ADC_GetITStatus+0x18>
    13d4:	0ff5f513          	andi	a0,a1,255
    13d8:	8d79                	and	a0,a0,a4
    13da:	00a03533          	snez	a0,a0
    13de:	8082                	ret
    13e0:	4501                	li	a0,0
    13e2:	8082                	ret

000013e4 <ADC_ClearITPendingBit>:
    13e4:	81a1                	srli	a1,a1,0x8
    13e6:	fff5c593          	not	a1,a1
    13ea:	c10c                	sw	a1,0(a0)
    13ec:	8082                	ret

000013ee <ADC_BufferCmd>:
    13ee:	415c                	lw	a5,4(a0)
    13f0:	c591                	beqz	a1,13fc <ADC_BufferCmd+0xe>
    13f2:	04000737          	lui	a4,0x4000
    13f6:	8fd9                	or	a5,a5,a4
    13f8:	c15c                	sw	a5,4(a0)
    13fa:	8082                	ret
    13fc:	fc000737          	lui	a4,0xfc000
    1400:	177d                	addi	a4,a4,-1
    1402:	8ff9                	and	a5,a5,a4
    1404:	bfd5                	j	13f8 <ADC_BufferCmd+0xa>

00001406 <Get_CalibrationValue>:
    1406:	debfe2ef          	jal	t0,1f0 <__riscv_save_0>
    140a:	1101                	addi	sp,sp,-32
    140c:	842a                	mv	s0,a0
    140e:	00010423          	sb	zero,8(sp)
    1412:	44a5                	li	s1,9
    1414:	841c                	lbu	a5,8(sp)
    1416:	04f4f963          	bgeu	s1,a5,1468 <Get_CalibrationValue+0x62>
    141a:	00010423          	sb	zero,8(sp)
    141e:	46a5                	li	a3,9
    1420:	4621                	li	a2,8
    1422:	841c                	lbu	a5,8(sp)
    1424:	06f6fd63          	bgeu	a3,a5,149e <Get_CalibrationValue+0x98>
    1428:	00011523          	sh	zero,10(sp)
    142c:	00010423          	sb	zero,8(sp)
    1430:	4695                	li	a3,5
    1432:	841c                	lbu	a5,8(sp)
    1434:	0cf6ff63          	bgeu	a3,a5,1512 <Get_CalibrationValue+0x10c>
    1438:	8538                	lhu	a4,10(sp)
    143a:	853c                	lhu	a5,10(sp)
    143c:	4699                	li	a3,6
    143e:	460d                	li	a2,3
    1440:	02d7f7b3          	remu	a5,a5,a3
    1444:	6505                	lui	a0,0x1
    1446:	80050513          	addi	a0,a0,-2048 # 800 <__stack_size>
    144a:	02c7d7b3          	divu	a5,a5,a2
    144e:	02d75733          	divu	a4,a4,a3
    1452:	97ba                	add	a5,a5,a4
    1454:	07c2                	slli	a5,a5,0x10
    1456:	83c1                	srli	a5,a5,0x10
    1458:	857c                	sh	a5,10(sp)
    145a:	853c                	lhu	a5,10(sp)
    145c:	6105                	addi	sp,sp,32
    145e:	8d1d                	sub	a0,a0,a5
    1460:	0542                	slli	a0,a0,0x10
    1462:	8541                	srai	a0,a0,0x10
    1464:	db1fe06f          	j	214 <__riscv_restore_0>
    1468:	441c                	lw	a5,8(s0)
    146a:	0087e793          	ori	a5,a5,8
    146e:	c41c                	sw	a5,8(s0)
    1470:	8522                	mv	a0,s0
    1472:	3d85                	jal	12e2 <ADC_GetResetCalibrationStatus>
    1474:	fd75                	bnez	a0,1470 <Get_CalibrationValue+0x6a>
    1476:	441c                	lw	a5,8(s0)
    1478:	0047e793          	ori	a5,a5,4
    147c:	c41c                	sw	a5,8(s0)
    147e:	8522                	mv	a0,s0
    1480:	3d95                	jal	12f4 <ADC_GetCalibrationStatus>
    1482:	fd75                	bnez	a0,147e <Get_CalibrationValue+0x78>
    1484:	4478                	lw	a4,76(s0)
    1486:	841c                	lbu	a5,8(sp)
    1488:	1014                	addi	a3,sp,32
    148a:	0786                	slli	a5,a5,0x1
    148c:	97b6                	add	a5,a5,a3
    148e:	fee79623          	sh	a4,-20(a5)
    1492:	841c                	lbu	a5,8(sp)
    1494:	0785                	addi	a5,a5,1
    1496:	0ff7f793          	andi	a5,a5,255
    149a:	845c                	sb	a5,8(sp)
    149c:	bfa5                	j	1414 <Get_CalibrationValue+0xe>
    149e:	000104a3          	sb	zero,9(sp)
    14a2:	849c                	lbu	a5,9(sp)
    14a4:	00f67863          	bgeu	a2,a5,14b4 <Get_CalibrationValue+0xae>
    14a8:	841c                	lbu	a5,8(sp)
    14aa:	0785                	addi	a5,a5,1
    14ac:	0ff7f793          	andi	a5,a5,255
    14b0:	845c                	sb	a5,8(sp)
    14b2:	bf85                	j	1422 <Get_CalibrationValue+0x1c>
    14b4:	8498                	lbu	a4,9(sp)
    14b6:	849c                	lbu	a5,9(sp)
    14b8:	100c                	addi	a1,sp,32
    14ba:	0706                	slli	a4,a4,0x1
    14bc:	0785                	addi	a5,a5,1
    14be:	0786                	slli	a5,a5,0x1
    14c0:	972e                	add	a4,a4,a1
    14c2:	97ae                	add	a5,a5,a1
    14c4:	fec75703          	lhu	a4,-20(a4) # fbffffec <_eusrstack+0xdbff7fec>
    14c8:	fec7d783          	lhu	a5,-20(a5)
    14cc:	02e7fd63          	bgeu	a5,a4,1506 <Get_CalibrationValue+0x100>
    14d0:	849c                	lbu	a5,9(sp)
    14d2:	0786                	slli	a5,a5,0x1
    14d4:	97ae                	add	a5,a5,a1
    14d6:	fec7d783          	lhu	a5,-20(a5)
    14da:	857c                	sh	a5,10(sp)
    14dc:	849c                	lbu	a5,9(sp)
    14de:	8498                	lbu	a4,9(sp)
    14e0:	0785                	addi	a5,a5,1
    14e2:	0786                	slli	a5,a5,0x1
    14e4:	97ae                	add	a5,a5,a1
    14e6:	fec7d583          	lhu	a1,-20(a5)
    14ea:	00171793          	slli	a5,a4,0x1
    14ee:	1018                	addi	a4,sp,32
    14f0:	97ba                	add	a5,a5,a4
    14f2:	feb79623          	sh	a1,-20(a5)
    14f6:	849c                	lbu	a5,9(sp)
    14f8:	8538                	lhu	a4,10(sp)
    14fa:	100c                	addi	a1,sp,32
    14fc:	0785                	addi	a5,a5,1
    14fe:	0786                	slli	a5,a5,0x1
    1500:	97ae                	add	a5,a5,a1
    1502:	fee79623          	sh	a4,-20(a5)
    1506:	849c                	lbu	a5,9(sp)
    1508:	0785                	addi	a5,a5,1
    150a:	0ff7f793          	andi	a5,a5,255
    150e:	84dc                	sb	a5,9(sp)
    1510:	bf49                	j	14a2 <Get_CalibrationValue+0x9c>
    1512:	841c                	lbu	a5,8(sp)
    1514:	1010                	addi	a2,sp,32
    1516:	8538                	lhu	a4,10(sp)
    1518:	0789                	addi	a5,a5,2
    151a:	0786                	slli	a5,a5,0x1
    151c:	97b2                	add	a5,a5,a2
    151e:	fec7d783          	lhu	a5,-20(a5)
    1522:	97ba                	add	a5,a5,a4
    1524:	07c2                	slli	a5,a5,0x10
    1526:	83c1                	srli	a5,a5,0x10
    1528:	857c                	sh	a5,10(sp)
    152a:	841c                	lbu	a5,8(sp)
    152c:	0785                	addi	a5,a5,1
    152e:	0ff7f793          	andi	a5,a5,255
    1532:	845c                	sb	a5,8(sp)
    1534:	bdfd                	j	1432 <Get_CalibrationValue+0x2c>

00001536 <DBGMCU_GetCHIPID>:
    1536:	1ffff7b7          	lui	a5,0x1ffff
    153a:	7047a503          	lw	a0,1796(a5) # 1ffff704 <_data_lma+0x1fff44f0>
    153e:	8082                	ret

00001540 <DMA_DeInit>:
    1540:	411c                	lw	a5,0(a0)
    1542:	6741                	lui	a4,0x10
    1544:	1779                	addi	a4,a4,-2
    1546:	8ff9                	and	a5,a5,a4
    1548:	c11c                	sw	a5,0(a0)
    154a:	00052023          	sw	zero,0(a0)
    154e:	00052223          	sw	zero,4(a0)
    1552:	00052423          	sw	zero,8(a0)
    1556:	400207b7          	lui	a5,0x40020
    155a:	00052623          	sw	zero,12(a0)
    155e:	00878713          	addi	a4,a5,8 # 40020008 <_eusrstack+0x20018008>
    1562:	00e51763          	bne	a0,a4,1570 <DMA_DeInit+0x30>
    1566:	43d8                	lw	a4,4(a5)
    1568:	00f76713          	ori	a4,a4,15
    156c:	c3d8                	sw	a4,4(a5)
    156e:	8082                	ret
    1570:	01c78713          	addi	a4,a5,28
    1574:	00e51663          	bne	a0,a4,1580 <DMA_DeInit+0x40>
    1578:	43d8                	lw	a4,4(a5)
    157a:	0f076713          	ori	a4,a4,240
    157e:	b7fd                	j	156c <DMA_DeInit+0x2c>
    1580:	03078713          	addi	a4,a5,48
    1584:	00e51863          	bne	a0,a4,1594 <DMA_DeInit+0x54>
    1588:	43d8                	lw	a4,4(a5)
    158a:	6685                	lui	a3,0x1
    158c:	f0068693          	addi	a3,a3,-256 # f00 <main+0x3c6>
    1590:	8f55                	or	a4,a4,a3
    1592:	bfe9                	j	156c <DMA_DeInit+0x2c>
    1594:	04478713          	addi	a4,a5,68
    1598:	00e51563          	bne	a0,a4,15a2 <DMA_DeInit+0x62>
    159c:	43d8                	lw	a4,4(a5)
    159e:	66bd                	lui	a3,0xf
    15a0:	bfc5                	j	1590 <DMA_DeInit+0x50>
    15a2:	05878713          	addi	a4,a5,88
    15a6:	00e51663          	bne	a0,a4,15b2 <DMA_DeInit+0x72>
    15aa:	43d8                	lw	a4,4(a5)
    15ac:	000f06b7          	lui	a3,0xf0
    15b0:	b7c5                	j	1590 <DMA_DeInit+0x50>
    15b2:	06c78713          	addi	a4,a5,108
    15b6:	00e51663          	bne	a0,a4,15c2 <DMA_DeInit+0x82>
    15ba:	43d8                	lw	a4,4(a5)
    15bc:	00f006b7          	lui	a3,0xf00
    15c0:	bfc1                	j	1590 <DMA_DeInit+0x50>
    15c2:	08078713          	addi	a4,a5,128
    15c6:	00e51663          	bne	a0,a4,15d2 <DMA_DeInit+0x92>
    15ca:	43d8                	lw	a4,4(a5)
    15cc:	0f0006b7          	lui	a3,0xf000
    15d0:	b7c1                	j	1590 <DMA_DeInit+0x50>
    15d2:	40878713          	addi	a4,a5,1032
    15d6:	00e51963          	bne	a0,a4,15e8 <DMA_DeInit+0xa8>
    15da:	4047a703          	lw	a4,1028(a5)
    15de:	00f76713          	ori	a4,a4,15
    15e2:	40e7a223          	sw	a4,1028(a5)
    15e6:	8082                	ret
    15e8:	41c78713          	addi	a4,a5,1052
    15ec:	00e51763          	bne	a0,a4,15fa <DMA_DeInit+0xba>
    15f0:	4047a703          	lw	a4,1028(a5)
    15f4:	0f076713          	ori	a4,a4,240
    15f8:	b7ed                	j	15e2 <DMA_DeInit+0xa2>
    15fa:	43078793          	addi	a5,a5,1072
    15fe:	00f51b63          	bne	a0,a5,1614 <DMA_DeInit+0xd4>
    1602:	400207b7          	lui	a5,0x40020
    1606:	4047a703          	lw	a4,1028(a5) # 40020404 <_eusrstack+0x20018404>
    160a:	6685                	lui	a3,0x1
    160c:	f0068693          	addi	a3,a3,-256 # f00 <main+0x3c6>
    1610:	8f55                	or	a4,a4,a3
    1612:	bfc1                	j	15e2 <DMA_DeInit+0xa2>
    1614:	400207b7          	lui	a5,0x40020
    1618:	44478713          	addi	a4,a5,1092 # 40020444 <_eusrstack+0x20018444>
    161c:	00e51663          	bne	a0,a4,1628 <DMA_DeInit+0xe8>
    1620:	4047a703          	lw	a4,1028(a5)
    1624:	66bd                	lui	a3,0xf
    1626:	b7ed                	j	1610 <DMA_DeInit+0xd0>
    1628:	45878713          	addi	a4,a5,1112
    162c:	00e51763          	bne	a0,a4,163a <DMA_DeInit+0xfa>
    1630:	4047a703          	lw	a4,1028(a5)
    1634:	000f06b7          	lui	a3,0xf0
    1638:	bfe1                	j	1610 <DMA_DeInit+0xd0>
    163a:	46c78713          	addi	a4,a5,1132
    163e:	00e51763          	bne	a0,a4,164c <DMA_DeInit+0x10c>
    1642:	4047a703          	lw	a4,1028(a5)
    1646:	00f006b7          	lui	a3,0xf00
    164a:	b7d9                	j	1610 <DMA_DeInit+0xd0>
    164c:	48078713          	addi	a4,a5,1152
    1650:	00e51763          	bne	a0,a4,165e <DMA_DeInit+0x11e>
    1654:	4047a703          	lw	a4,1028(a5)
    1658:	0f0006b7          	lui	a3,0xf000
    165c:	bf55                	j	1610 <DMA_DeInit+0xd0>
    165e:	49078713          	addi	a4,a5,1168
    1662:	00e51963          	bne	a0,a4,1674 <DMA_DeInit+0x134>
    1666:	4d47a703          	lw	a4,1236(a5)
    166a:	00f76713          	ori	a4,a4,15
    166e:	4ce7aa23          	sw	a4,1236(a5)
    1672:	8082                	ret
    1674:	4a078713          	addi	a4,a5,1184
    1678:	00e51763          	bne	a0,a4,1686 <DMA_DeInit+0x146>
    167c:	4d47a703          	lw	a4,1236(a5)
    1680:	0f076713          	ori	a4,a4,240
    1684:	b7ed                	j	166e <DMA_DeInit+0x12e>
    1686:	4b078713          	addi	a4,a5,1200
    168a:	00e51963          	bne	a0,a4,169c <DMA_DeInit+0x15c>
    168e:	4d47a703          	lw	a4,1236(a5)
    1692:	6685                	lui	a3,0x1
    1694:	f0068693          	addi	a3,a3,-256 # f00 <main+0x3c6>
    1698:	8f55                	or	a4,a4,a3
    169a:	bfd1                	j	166e <DMA_DeInit+0x12e>
    169c:	4c078713          	addi	a4,a5,1216
    16a0:	fce519e3          	bne	a0,a4,1672 <DMA_DeInit+0x132>
    16a4:	4d47a703          	lw	a4,1236(a5)
    16a8:	66bd                	lui	a3,0xf
    16aa:	b7fd                	j	1698 <DMA_DeInit+0x158>

000016ac <DMA_Init>:
    16ac:	411c                	lw	a5,0(a0)
    16ae:	7761                	lui	a4,0xffff8
    16b0:	073d                	addi	a4,a4,15
    16b2:	5194                	lw	a3,32(a1)
    16b4:	8f7d                	and	a4,a4,a5
    16b6:	459c                	lw	a5,8(a1)
    16b8:	8fd5                	or	a5,a5,a3
    16ba:	4994                	lw	a3,16(a1)
    16bc:	8fd5                	or	a5,a5,a3
    16be:	49d4                	lw	a3,20(a1)
    16c0:	8fd5                	or	a5,a5,a3
    16c2:	4d94                	lw	a3,24(a1)
    16c4:	8fd5                	or	a5,a5,a3
    16c6:	4dd4                	lw	a3,28(a1)
    16c8:	8fd5                	or	a5,a5,a3
    16ca:	51d4                	lw	a3,36(a1)
    16cc:	8fd5                	or	a5,a5,a3
    16ce:	5594                	lw	a3,40(a1)
    16d0:	8fd5                	or	a5,a5,a3
    16d2:	8fd9                	or	a5,a5,a4
    16d4:	c11c                	sw	a5,0(a0)
    16d6:	45dc                	lw	a5,12(a1)
    16d8:	c15c                	sw	a5,4(a0)
    16da:	419c                	lw	a5,0(a1)
    16dc:	c51c                	sw	a5,8(a0)
    16de:	41dc                	lw	a5,4(a1)
    16e0:	c55c                	sw	a5,12(a0)
    16e2:	8082                	ret

000016e4 <DMA_Cmd>:
    16e4:	411c                	lw	a5,0(a0)
    16e6:	c589                	beqz	a1,16f0 <DMA_Cmd+0xc>
    16e8:	0017e793          	ori	a5,a5,1
    16ec:	c11c                	sw	a5,0(a0)
    16ee:	8082                	ret
    16f0:	6741                	lui	a4,0x10
    16f2:	1779                	addi	a4,a4,-2
    16f4:	8ff9                	and	a5,a5,a4
    16f6:	bfdd                	j	16ec <DMA_Cmd+0x8>

000016f8 <DMA_SetCurrDataCounter>:
    16f8:	c14c                	sw	a1,4(a0)
    16fa:	8082                	ret

000016fc <DMA_GetCurrDataCounter>:
    16fc:	4148                	lw	a0,4(a0)
    16fe:	0542                	slli	a0,a0,0x10
    1700:	8141                	srli	a0,a0,0x10
    1702:	8082                	ret

00001704 <GPIO_Init>:
    1704:	459c                	lw	a5,8(a1)
    1706:	0107f713          	andi	a4,a5,16
    170a:	00f7f813          	andi	a6,a5,15
    170e:	c701                	beqz	a4,1716 <GPIO_Init+0x12>
    1710:	41d8                	lw	a4,4(a1)
    1712:	00e86833          	or	a6,a6,a4
    1716:	218e                	lhu	a1,0(a1)
    1718:	0ff5f713          	andi	a4,a1,255
    171c:	c339                	beqz	a4,1762 <GPIO_Init+0x5e>
    171e:	4118                	lw	a4,0(a0)
    1720:	4681                	li	a3,0
    1722:	4e85                	li	t4,1
    1724:	4f3d                	li	t5,15
    1726:	02800f93          	li	t6,40
    172a:	04800293          	li	t0,72
    172e:	4e21                	li	t3,8
    1730:	00de9633          	sll	a2,t4,a3
    1734:	00c5f8b3          	and	a7,a1,a2
    1738:	03161163          	bne	a2,a7,175a <GPIO_Init+0x56>
    173c:	00269893          	slli	a7,a3,0x2
    1740:	011f1333          	sll	t1,t5,a7
    1744:	fff34313          	not	t1,t1
    1748:	00e37733          	and	a4,t1,a4
    174c:	011818b3          	sll	a7,a6,a7
    1750:	00e8e733          	or	a4,a7,a4
    1754:	05f79f63          	bne	a5,t6,17b2 <GPIO_Init+0xae>
    1758:	c950                	sw	a2,20(a0)
    175a:	0685                	addi	a3,a3,1
    175c:	fdc69ae3          	bne	a3,t3,1730 <GPIO_Init+0x2c>
    1760:	c118                	sw	a4,0(a0)
    1762:	0ff00713          	li	a4,255
    1766:	04b77563          	bgeu	a4,a1,17b0 <GPIO_Init+0xac>
    176a:	4154                	lw	a3,4(a0)
    176c:	4621                	li	a2,8
    176e:	4e85                	li	t4,1
    1770:	4f3d                	li	t5,15
    1772:	02800f93          	li	t6,40
    1776:	04800293          	li	t0,72
    177a:	4e41                	li	t3,16
    177c:	00ce98b3          	sll	a7,t4,a2
    1780:	0115f733          	and	a4,a1,a7
    1784:	02e89263          	bne	a7,a4,17a8 <GPIO_Init+0xa4>
    1788:	00261713          	slli	a4,a2,0x2
    178c:	1701                	addi	a4,a4,-32
    178e:	00ef1333          	sll	t1,t5,a4
    1792:	fff34313          	not	t1,t1
    1796:	00d376b3          	and	a3,t1,a3
    179a:	00e81733          	sll	a4,a6,a4
    179e:	8ed9                	or	a3,a3,a4
    17a0:	01f79d63          	bne	a5,t6,17ba <GPIO_Init+0xb6>
    17a4:	01152a23          	sw	a7,20(a0)
    17a8:	0605                	addi	a2,a2,1
    17aa:	fdc619e3          	bne	a2,t3,177c <GPIO_Init+0x78>
    17ae:	c154                	sw	a3,4(a0)
    17b0:	8082                	ret
    17b2:	fa5794e3          	bne	a5,t0,175a <GPIO_Init+0x56>
    17b6:	c910                	sw	a2,16(a0)
    17b8:	b74d                	j	175a <GPIO_Init+0x56>
    17ba:	fe5797e3          	bne	a5,t0,17a8 <GPIO_Init+0xa4>
    17be:	01152823          	sw	a7,16(a0)
    17c2:	b7dd                	j	17a8 <GPIO_Init+0xa4>

000017c4 <GPIO_PinRemapConfig>:
    17c4:	400107b7          	lui	a5,0x40010
    17c8:	04055a63          	bgez	a0,181c <GPIO_PinRemapConfig+0x58>
    17cc:	4fdc                	lw	a5,28(a5)
    17ce:	01055693          	srli	a3,a0,0x10
    17d2:	01051813          	slli	a6,a0,0x10
    17d6:	00300737          	lui	a4,0x300
    17da:	00f6f613          	andi	a2,a3,15
    17de:	01085813          	srli	a6,a6,0x10
    17e2:	00e576b3          	and	a3,a0,a4
    17e6:	06055063          	bgez	a0,1846 <GPIO_PinRemapConfig+0x82>
    17ea:	02e69b63          	bne	a3,a4,1820 <GPIO_PinRemapConfig+0x5c>
    17ee:	01060693          	addi	a3,a2,16 # 10010 <_data_lma+0x4dfc>
    17f2:	460d                	li	a2,3
    17f4:	00d616b3          	sll	a3,a2,a3
    17f8:	fff6c693          	not	a3,a3
    17fc:	8ff5                	and	a5,a5,a3
    17fe:	c999                	beqz	a1,1814 <GPIO_PinRemapConfig+0x50>
    1800:	01555713          	srli	a4,a0,0x15
    1804:	3ff77713          	andi	a4,a4,1023
    1808:	0712                	slli	a4,a4,0x4
    180a:	00e81733          	sll	a4,a6,a4
    180e:	8fd9                	or	a5,a5,a4
    1810:	04055763          	bgez	a0,185e <GPIO_PinRemapConfig+0x9a>
    1814:	40010737          	lui	a4,0x40010
    1818:	cf5c                	sw	a5,28(a4)
    181a:	8082                	ret
    181c:	43dc                	lw	a5,4(a5)
    181e:	bf45                	j	17ce <GPIO_PinRemapConfig+0xa>
    1820:	00b51713          	slli	a4,a0,0xb
    1824:	00075663          	bgez	a4,1830 <GPIO_PinRemapConfig+0x6c>
    1828:	468d                	li	a3,3
    182a:	00c696b3          	sll	a3,a3,a2
    182e:	b7e9                	j	17f8 <GPIO_PinRemapConfig+0x34>
    1830:	01555713          	srli	a4,a0,0x15
    1834:	3ff77713          	andi	a4,a4,1023
    1838:	0712                	slli	a4,a4,0x4
    183a:	00e81733          	sll	a4,a6,a4
    183e:	fff74713          	not	a4,a4
    1842:	8ff9                	and	a5,a5,a4
    1844:	bf6d                	j	17fe <GPIO_PinRemapConfig+0x3a>
    1846:	02e69063          	bne	a3,a4,1866 <GPIO_PinRemapConfig+0xa2>
    184a:	40010637          	lui	a2,0x40010
    184e:	4254                	lw	a3,4(a2)
    1850:	f1000737          	lui	a4,0xf1000
    1854:	177d                	addi	a4,a4,-1
    1856:	8ff9                	and	a5,a5,a4
    1858:	8f75                	and	a4,a4,a3
    185a:	c258                	sw	a4,4(a2)
    185c:	f1d5                	bnez	a1,1800 <GPIO_PinRemapConfig+0x3c>
    185e:	40010737          	lui	a4,0x40010
    1862:	c35c                	sw	a5,4(a4)
    1864:	8082                	ret
    1866:	00b51713          	slli	a4,a0,0xb
    186a:	00075c63          	bgez	a4,1882 <GPIO_PinRemapConfig+0xbe>
    186e:	468d                	li	a3,3
    1870:	00c696b3          	sll	a3,a3,a2
    1874:	fff6c693          	not	a3,a3
    1878:	8efd                	and	a3,a3,a5
    187a:	0f0007b7          	lui	a5,0xf000
    187e:	8fd5                	or	a5,a5,a3
    1880:	bff1                	j	185c <GPIO_PinRemapConfig+0x98>
    1882:	01555713          	srli	a4,a0,0x15
    1886:	0712                	slli	a4,a4,0x4
    1888:	00e81733          	sll	a4,a6,a4
    188c:	fff74713          	not	a4,a4
    1890:	8f7d                	and	a4,a4,a5
    1892:	0f0007b7          	lui	a5,0xf000
    1896:	8fd9                	or	a5,a5,a4
    1898:	b7d1                	j	185c <GPIO_PinRemapConfig+0x98>

0000189a <NVIC_PriorityGroupConfig>:
    189a:	82a1a823          	sw	a0,-2000(gp) # 20000220 <NVIC_Priority_Group>
    189e:	8082                	ret

000018a0 <NVIC_Init>:
    18a0:	8301a703          	lw	a4,-2000(gp) # 20000220 <NVIC_Priority_Group>
    18a4:	4789                	li	a5,2
    18a6:	2110                	lbu	a2,0(a0)
    18a8:	02f71163          	bne	a4,a5,18ca <NVIC_Init+0x2a>
    18ac:	3114                	lbu	a3,1(a0)
    18ae:	478d                	li	a5,3
    18b0:	00d7ed63          	bltu	a5,a3,18ca <NVIC_Init+0x2a>
    18b4:	213c                	lbu	a5,2(a0)
    18b6:	069a                	slli	a3,a3,0x6
    18b8:	e000e737          	lui	a4,0xe000e
    18bc:	0796                	slli	a5,a5,0x5
    18be:	8fd5                	or	a5,a5,a3
    18c0:	0ff7f793          	andi	a5,a5,255
    18c4:	9732                	add	a4,a4,a2
    18c6:	40f70023          	sb	a5,1024(a4) # e000e400 <_eusrstack+0xc0006400>
    18ca:	4154                	lw	a3,4(a0)
    18cc:	4705                	li	a4,1
    18ce:	00565793          	srli	a5,a2,0x5
    18d2:	00c71733          	sll	a4,a4,a2
    18d6:	ca89                	beqz	a3,18e8 <NVIC_Init+0x48>
    18d8:	04078793          	addi	a5,a5,64 # f000040 <_data_lma+0xeff4e2c>
    18dc:	078a                	slli	a5,a5,0x2
    18de:	e000e6b7          	lui	a3,0xe000e
    18e2:	97b6                	add	a5,a5,a3
    18e4:	c398                	sw	a4,0(a5)
    18e6:	8082                	ret
    18e8:	06078793          	addi	a5,a5,96
    18ec:	e000e6b7          	lui	a3,0xe000e
    18f0:	078a                	slli	a5,a5,0x2
    18f2:	97b6                	add	a5,a5,a3
    18f4:	c398                	sw	a4,0(a5)
    18f6:	0000100f          	fence.i
    18fa:	8082                	ret

000018fc <RCC_ADCCLKConfig>:
    18fc:	400216b7          	lui	a3,0x40021
    1900:	42dc                	lw	a5,4(a3)
    1902:	7751                	lui	a4,0xffff4
    1904:	177d                	addi	a4,a4,-1
    1906:	8ff9                	and	a5,a5,a4
    1908:	8d5d                	or	a0,a0,a5
    190a:	c2c8                	sw	a0,4(a3)
    190c:	8082                	ret

0000190e <RCC_GetClocksFreq>:
    190e:	40021737          	lui	a4,0x40021
    1912:	435c                	lw	a5,4(a4)
    1914:	4691                	li	a3,4
    1916:	8bb1                	andi	a5,a5,12
    1918:	00d78563          	beq	a5,a3,1922 <RCC_GetClocksFreq+0x14>
    191c:	46a1                	li	a3,8
    191e:	06d78263          	beq	a5,a3,1982 <RCC_GetClocksFreq+0x74>
    1922:	007a17b7          	lui	a5,0x7a1
    1926:	20078793          	addi	a5,a5,512 # 7a1200 <_data_lma+0x795fec>
    192a:	c11c                	sw	a5,0(a0)
    192c:	40021637          	lui	a2,0x40021
    1930:	425c                	lw	a5,4(a2)
    1932:	20000737          	lui	a4,0x20000
    1936:	01070713          	addi	a4,a4,16 # 20000010 <APBAHBPrescTable>
    193a:	8391                	srli	a5,a5,0x4
    193c:	8bbd                	andi	a5,a5,15
    193e:	97ba                	add	a5,a5,a4
    1940:	2394                	lbu	a3,0(a5)
    1942:	411c                	lw	a5,0(a0)
    1944:	00d7d7b3          	srl	a5,a5,a3
    1948:	c15c                	sw	a5,4(a0)
    194a:	4254                	lw	a3,4(a2)
    194c:	82a1                	srli	a3,a3,0x8
    194e:	8a9d                	andi	a3,a3,7
    1950:	96ba                	add	a3,a3,a4
    1952:	2294                	lbu	a3,0(a3)
    1954:	00d7d6b3          	srl	a3,a5,a3
    1958:	c514                	sw	a3,8(a0)
    195a:	4254                	lw	a3,4(a2)
    195c:	82ad                	srli	a3,a3,0xb
    195e:	8a9d                	andi	a3,a3,7
    1960:	9736                	add	a4,a4,a3
    1962:	2318                	lbu	a4,0(a4)
    1964:	00e7d7b3          	srl	a5,a5,a4
    1968:	c55c                	sw	a5,12(a0)
    196a:	4258                	lw	a4,4(a2)
    196c:	8339                	srli	a4,a4,0xe
    196e:	00377693          	andi	a3,a4,3
    1972:	80c18713          	addi	a4,gp,-2036 # 200001fc <ADCPrescTable>
    1976:	9736                	add	a4,a4,a3
    1978:	2318                	lbu	a4,0(a4)
    197a:	02e7d7b3          	divu	a5,a5,a4
    197e:	c91c                	sw	a5,16(a0)
    1980:	8082                	ret
    1982:	435c                	lw	a5,4(a4)
    1984:	4358                	lw	a4,4(a4)
    1986:	66c1                	lui	a3,0x10
    1988:	83c9                	srli	a5,a5,0x12
    198a:	8f75                	and	a4,a4,a3
    198c:	1ffff6b7          	lui	a3,0x1ffff
    1990:	70c6a683          	lw	a3,1804(a3) # 1ffff70c <_data_lma+0x1fff44f8>
    1994:	8bbd                	andi	a5,a5,15
    1996:	0789                	addi	a5,a5,2
    1998:	01169613          	slli	a2,a3,0x11
    199c:	00064863          	bltz	a2,19ac <RCC_GetClocksFreq+0x9e>
    19a0:	46c5                	li	a3,17
    19a2:	4601                	li	a2,0
    19a4:	02d79263          	bne	a5,a3,19c8 <RCC_GetClocksFreq+0xba>
    19a8:	47c9                	li	a5,18
    19aa:	a839                	j	19c8 <RCC_GetClocksFreq+0xba>
    19ac:	4689                	li	a3,2
    19ae:	02d78f63          	beq	a5,a3,19ec <RCC_GetClocksFreq+0xde>
    19b2:	46bd                	li	a3,15
    19b4:	02d78e63          	beq	a5,a3,19f0 <RCC_GetClocksFreq+0xe2>
    19b8:	46c1                	li	a3,16
    19ba:	02d78e63          	beq	a5,a3,19f6 <RCC_GetClocksFreq+0xe8>
    19be:	46c5                	li	a3,17
    19c0:	4601                	li	a2,0
    19c2:	00d79363          	bne	a5,a3,19c8 <RCC_GetClocksFreq+0xba>
    19c6:	47c1                	li	a5,16
    19c8:	ef1d                	bnez	a4,1a06 <RCC_GetClocksFreq+0xf8>
    19ca:	40024737          	lui	a4,0x40024
    19ce:	80072703          	lw	a4,-2048(a4) # 40023800 <_eusrstack+0x2001b800>
    19d2:	8b41                	andi	a4,a4,16
    19d4:	c705                	beqz	a4,19fc <RCC_GetClocksFreq+0xee>
    19d6:	007a1737          	lui	a4,0x7a1
    19da:	20070713          	addi	a4,a4,512 # 7a1200 <_data_lma+0x795fec>
    19de:	02f707b3          	mul	a5,a4,a5
    19e2:	c11c                	sw	a5,0(a0)
    19e4:	d621                	beqz	a2,192c <RCC_GetClocksFreq+0x1e>
    19e6:	411c                	lw	a5,0(a0)
    19e8:	8385                	srli	a5,a5,0x1
    19ea:	b781                	j	192a <RCC_GetClocksFreq+0x1c>
    19ec:	4601                	li	a2,0
    19ee:	bf6d                	j	19a8 <RCC_GetClocksFreq+0x9a>
    19f0:	4605                	li	a2,1
    19f2:	47b5                	li	a5,13
    19f4:	bfd1                	j	19c8 <RCC_GetClocksFreq+0xba>
    19f6:	4601                	li	a2,0
    19f8:	47bd                	li	a5,15
    19fa:	b7f9                	j	19c8 <RCC_GetClocksFreq+0xba>
    19fc:	003d1737          	lui	a4,0x3d1
    1a00:	90070713          	addi	a4,a4,-1792 # 3d0900 <_data_lma+0x3c56ec>
    1a04:	bfe9                	j	19de <RCC_GetClocksFreq+0xd0>
    1a06:	400215b7          	lui	a1,0x40021
    1a0a:	55d8                	lw	a4,44(a1)
    1a0c:	00f71693          	slli	a3,a4,0xf
    1a10:	55d8                	lw	a4,44(a1)
    1a12:	0406df63          	bgez	a3,1a70 <RCC_GetClocksFreq+0x162>
    1a16:	8311                	srli	a4,a4,0x4
    1a18:	8b3d                	andi	a4,a4,15
    1a1a:	00170693          	addi	a3,a4,1
    1a1e:	007a1737          	lui	a4,0x7a1
    1a22:	20070713          	addi	a4,a4,512 # 7a1200 <_data_lma+0x795fec>
    1a26:	02d75733          	divu	a4,a4,a3
    1a2a:	c118                	sw	a4,0(a0)
    1a2c:	55d4                	lw	a3,44(a1)
    1a2e:	82a1                	srli	a3,a3,0x8
    1a30:	8abd                	andi	a3,a3,15
    1a32:	e28d                	bnez	a3,1a54 <RCC_GetClocksFreq+0x146>
    1a34:	4695                	li	a3,5
    1a36:	02d70733          	mul	a4,a4,a3
    1a3a:	8305                	srli	a4,a4,0x1
    1a3c:	c118                	sw	a4,0(a0)
    1a3e:	40021737          	lui	a4,0x40021
    1a42:	5758                	lw	a4,44(a4)
    1a44:	4114                	lw	a3,0(a0)
    1a46:	8b3d                	andi	a4,a4,15
    1a48:	0705                	addi	a4,a4,1
    1a4a:	02e6d733          	divu	a4,a3,a4
    1a4e:	c118                	sw	a4,0(a0)
    1a50:	4118                	lw	a4,0(a0)
    1a52:	b771                	j	19de <RCC_GetClocksFreq+0xd0>
    1a54:	4585                	li	a1,1
    1a56:	00b69463          	bne	a3,a1,1a5e <RCC_GetClocksFreq+0x150>
    1a5a:	46e5                	li	a3,25
    1a5c:	bfe9                	j	1a36 <RCC_GetClocksFreq+0x128>
    1a5e:	45bd                	li	a1,15
    1a60:	00b69663          	bne	a3,a1,1a6c <RCC_GetClocksFreq+0x15e>
    1a64:	46d1                	li	a3,20
    1a66:	02e68733          	mul	a4,a3,a4
    1a6a:	bfc9                	j	1a3c <RCC_GetClocksFreq+0x12e>
    1a6c:	0689                	addi	a3,a3,2
    1a6e:	bfe5                	j	1a66 <RCC_GetClocksFreq+0x158>
    1a70:	8b3d                	andi	a4,a4,15
    1a72:	00170693          	addi	a3,a4,1 # 40021001 <_eusrstack+0x20019001>
    1a76:	007a1737          	lui	a4,0x7a1
    1a7a:	20070713          	addi	a4,a4,512 # 7a1200 <_data_lma+0x795fec>
    1a7e:	02d75733          	divu	a4,a4,a3
    1a82:	b7f1                	j	1a4e <RCC_GetClocksFreq+0x140>

00001a84 <RCC_AHBPeriphClockCmd>:
    1a84:	c599                	beqz	a1,1a92 <RCC_AHBPeriphClockCmd+0xe>
    1a86:	40021737          	lui	a4,0x40021
    1a8a:	4b5c                	lw	a5,20(a4)
    1a8c:	8d5d                	or	a0,a0,a5
    1a8e:	cb48                	sw	a0,20(a4)
    1a90:	8082                	ret
    1a92:	400217b7          	lui	a5,0x40021
    1a96:	4bd8                	lw	a4,20(a5)
    1a98:	fff54513          	not	a0,a0
    1a9c:	8d79                	and	a0,a0,a4
    1a9e:	cbc8                	sw	a0,20(a5)
    1aa0:	8082                	ret

00001aa2 <RCC_APB2PeriphClockCmd>:
    1aa2:	c599                	beqz	a1,1ab0 <RCC_APB2PeriphClockCmd+0xe>
    1aa4:	40021737          	lui	a4,0x40021
    1aa8:	4f1c                	lw	a5,24(a4)
    1aaa:	8d5d                	or	a0,a0,a5
    1aac:	cf08                	sw	a0,24(a4)
    1aae:	8082                	ret
    1ab0:	400217b7          	lui	a5,0x40021
    1ab4:	4f98                	lw	a4,24(a5)
    1ab6:	fff54513          	not	a0,a0
    1aba:	8d79                	and	a0,a0,a4
    1abc:	cf88                	sw	a0,24(a5)
    1abe:	8082                	ret

00001ac0 <RCC_APB2PeriphResetCmd>:
    1ac0:	c599                	beqz	a1,1ace <RCC_APB2PeriphResetCmd+0xe>
    1ac2:	40021737          	lui	a4,0x40021
    1ac6:	475c                	lw	a5,12(a4)
    1ac8:	8d5d                	or	a0,a0,a5
    1aca:	c748                	sw	a0,12(a4)
    1acc:	8082                	ret
    1ace:	400217b7          	lui	a5,0x40021
    1ad2:	47d8                	lw	a4,12(a5)
    1ad4:	fff54513          	not	a0,a0
    1ad8:	8d79                	and	a0,a0,a4
    1ada:	c7c8                	sw	a0,12(a5)
    1adc:	8082                	ret

00001ade <TIM_TimeBaseInit>:
    1ade:	1ffff737          	lui	a4,0x1ffff
    1ae2:	70472703          	lw	a4,1796(a4) # 1ffff704 <_data_lma+0x1fff44f0>
    1ae6:	211e                	lhu	a5,0(a0)
    1ae8:	4691                	li	a3,4
    1aea:	8311                	srli	a4,a4,0x4
    1aec:	8b3d                	andi	a4,a4,15
    1aee:	07c2                	slli	a5,a5,0x10
    1af0:	1771                	addi	a4,a4,-4
    1af2:	83c1                	srli	a5,a5,0x10
    1af4:	02e6e663          	bltu	a3,a4,1b20 <TIM_TimeBaseInit+0x42>
    1af8:	40013737          	lui	a4,0x40013
    1afc:	c0070693          	addi	a3,a4,-1024 # 40012c00 <_eusrstack+0x2000ac00>
    1b00:	00d50e63          	beq	a0,a3,1b1c <TIM_TimeBaseInit+0x3e>
    1b04:	40070713          	addi	a4,a4,1024
    1b08:	00e50a63          	beq	a0,a4,1b1c <TIM_TimeBaseInit+0x3e>
    1b0c:	40015737          	lui	a4,0x40015
    1b10:	c0070693          	addi	a3,a4,-1024 # 40014c00 <_eusrstack+0x2000cc00>
    1b14:	00d50463          	beq	a0,a3,1b1c <TIM_TimeBaseInit+0x3e>
    1b18:	00e51a63          	bne	a0,a4,1b2c <TIM_TimeBaseInit+0x4e>
    1b1c:	6709                	lui	a4,0x2
    1b1e:	8fd9                	or	a5,a5,a4
    1b20:	40013737          	lui	a4,0x40013
    1b24:	c0070713          	addi	a4,a4,-1024 # 40012c00 <_eusrstack+0x2000ac00>
    1b28:	04e50263          	beq	a0,a4,1b6c <TIM_TimeBaseInit+0x8e>
    1b2c:	40000737          	lui	a4,0x40000
    1b30:	02e50e63          	beq	a0,a4,1b6c <TIM_TimeBaseInit+0x8e>
    1b34:	40070713          	addi	a4,a4,1024 # 40000400 <_eusrstack+0x1fff8400>
    1b38:	02e50a63          	beq	a0,a4,1b6c <TIM_TimeBaseInit+0x8e>
    1b3c:	40001737          	lui	a4,0x40001
    1b40:	80070693          	addi	a3,a4,-2048 # 40000800 <_eusrstack+0x1fff8800>
    1b44:	02d50463          	beq	a0,a3,1b6c <TIM_TimeBaseInit+0x8e>
    1b48:	c0070713          	addi	a4,a4,-1024
    1b4c:	02e50063          	beq	a0,a4,1b6c <TIM_TimeBaseInit+0x8e>
    1b50:	40013737          	lui	a4,0x40013
    1b54:	40070713          	addi	a4,a4,1024 # 40013400 <_eusrstack+0x2000b400>
    1b58:	00e50a63          	beq	a0,a4,1b6c <TIM_TimeBaseInit+0x8e>
    1b5c:	40015737          	lui	a4,0x40015
    1b60:	c0070693          	addi	a3,a4,-1024 # 40014c00 <_eusrstack+0x2000cc00>
    1b64:	00d50463          	beq	a0,a3,1b6c <TIM_TimeBaseInit+0x8e>
    1b68:	00e51863          	bne	a0,a4,1b78 <TIM_TimeBaseInit+0x9a>
    1b6c:	f8f7f793          	andi	a5,a5,-113
    1b70:	21ba                	lhu	a4,2(a1)
    1b72:	07c2                	slli	a5,a5,0x10
    1b74:	83c1                	srli	a5,a5,0x10
    1b76:	8fd9                	or	a5,a5,a4
    1b78:	40001737          	lui	a4,0x40001
    1b7c:	00e50c63          	beq	a0,a4,1b94 <TIM_TimeBaseInit+0xb6>
    1b80:	40070713          	addi	a4,a4,1024 # 40001400 <_eusrstack+0x1fff9400>
    1b84:	00e50863          	beq	a0,a4,1b94 <TIM_TimeBaseInit+0xb6>
    1b88:	cff7f793          	andi	a5,a5,-769
    1b8c:	21fa                	lhu	a4,6(a1)
    1b8e:	07c2                	slli	a5,a5,0x10
    1b90:	83c1                	srli	a5,a5,0x10
    1b92:	8fd9                	or	a5,a5,a4
    1b94:	a11e                	sh	a5,0(a0)
    1b96:	21de                	lhu	a5,4(a1)
    1b98:	b55e                	sh	a5,44(a0)
    1b9a:	219e                	lhu	a5,0(a1)
    1b9c:	b51e                	sh	a5,40(a0)
    1b9e:	400137b7          	lui	a5,0x40013
    1ba2:	c0078713          	addi	a4,a5,-1024 # 40012c00 <_eusrstack+0x2000ac00>
    1ba6:	00e50e63          	beq	a0,a4,1bc2 <TIM_TimeBaseInit+0xe4>
    1baa:	40078793          	addi	a5,a5,1024
    1bae:	00f50a63          	beq	a0,a5,1bc2 <TIM_TimeBaseInit+0xe4>
    1bb2:	400157b7          	lui	a5,0x40015
    1bb6:	c0078713          	addi	a4,a5,-1024 # 40014c00 <_eusrstack+0x2000cc00>
    1bba:	00e50463          	beq	a0,a4,1bc2 <TIM_TimeBaseInit+0xe4>
    1bbe:	00f51463          	bne	a0,a5,1bc6 <TIM_TimeBaseInit+0xe8>
    1bc2:	259c                	lbu	a5,8(a1)
    1bc4:	b91e                	sh	a5,48(a0)
    1bc6:	4785                	li	a5,1
    1bc8:	a95e                	sh	a5,20(a0)
    1bca:	8082                	ret

00001bcc <TIM_OC1Init>:
    1bcc:	311e                	lhu	a5,32(a0)
    1bce:	2192                	lhu	a2,0(a1)
    1bd0:	0025d803          	lhu	a6,2(a1) # 40021002 <_eusrstack+0x20019002>
    1bd4:	07c2                	slli	a5,a5,0x10
    1bd6:	83c1                	srli	a5,a5,0x10
    1bd8:	9bf9                	andi	a5,a5,-2
    1bda:	07c2                	slli	a5,a5,0x10
    1bdc:	83c1                	srli	a5,a5,0x10
    1bde:	b11e                	sh	a5,32(a0)
    1be0:	311e                	lhu	a5,32(a0)
    1be2:	2156                	lhu	a3,4(a0)
    1be4:	2d1a                	lhu	a4,24(a0)
    1be6:	07c2                	slli	a5,a5,0x10
    1be8:	83c1                	srli	a5,a5,0x10
    1bea:	0742                	slli	a4,a4,0x10
    1bec:	8341                	srli	a4,a4,0x10
    1bee:	f8c77713          	andi	a4,a4,-116
    1bf2:	8f51                	or	a4,a4,a2
    1bf4:	2592                	lhu	a2,8(a1)
    1bf6:	9bf5                	andi	a5,a5,-3
    1bf8:	06c2                	slli	a3,a3,0x10
    1bfa:	01066633          	or	a2,a2,a6
    1bfe:	8fd1                	or	a5,a5,a2
    1c00:	40013637          	lui	a2,0x40013
    1c04:	c0060813          	addi	a6,a2,-1024 # 40012c00 <_eusrstack+0x2000ac00>
    1c08:	82c1                	srli	a3,a3,0x10
    1c0a:	01050e63          	beq	a0,a6,1c26 <TIM_OC1Init+0x5a>
    1c0e:	40060613          	addi	a2,a2,1024
    1c12:	00c50a63          	beq	a0,a2,1c26 <TIM_OC1Init+0x5a>
    1c16:	40015637          	lui	a2,0x40015
    1c1a:	c0060813          	addi	a6,a2,-1024 # 40014c00 <_eusrstack+0x2000cc00>
    1c1e:	01050463          	beq	a0,a6,1c26 <TIM_OC1Init+0x5a>
    1c22:	02c51063          	bne	a0,a2,1c42 <TIM_OC1Init+0x76>
    1c26:	25b2                	lhu	a2,10(a1)
    1c28:	9bdd                	andi	a5,a5,-9
    1c2a:	00e5d803          	lhu	a6,14(a1)
    1c2e:	8fd1                	or	a5,a5,a2
    1c30:	21d2                	lhu	a2,4(a1)
    1c32:	9bed                	andi	a5,a5,-5
    1c34:	cff6f693          	andi	a3,a3,-769
    1c38:	8fd1                	or	a5,a5,a2
    1c3a:	25d2                	lhu	a2,12(a1)
    1c3c:	01066633          	or	a2,a2,a6
    1c40:	8ed1                	or	a3,a3,a2
    1c42:	a156                	sh	a3,4(a0)
    1c44:	ad1a                	sh	a4,24(a0)
    1c46:	21fa                	lhu	a4,6(a1)
    1c48:	b95a                	sh	a4,52(a0)
    1c4a:	b11e                	sh	a5,32(a0)
    1c4c:	8082                	ret

00001c4e <TIM_OC2Init>:
    1c4e:	311e                	lhu	a5,32(a0)
    1c50:	7765                	lui	a4,0xffff9
    1c52:	cff70713          	addi	a4,a4,-769 # ffff8cff <_eusrstack+0xdfff0cff>
    1c56:	07c2                	slli	a5,a5,0x10
    1c58:	83c1                	srli	a5,a5,0x10
    1c5a:	9bbd                	andi	a5,a5,-17
    1c5c:	07c2                	slli	a5,a5,0x10
    1c5e:	83c1                	srli	a5,a5,0x10
    1c60:	b11e                	sh	a5,32(a0)
    1c62:	311e                	lhu	a5,32(a0)
    1c64:	2156                	lhu	a3,4(a0)
    1c66:	0085d803          	lhu	a6,8(a1)
    1c6a:	07c2                	slli	a5,a5,0x10
    1c6c:	01069613          	slli	a2,a3,0x10
    1c70:	2d16                	lhu	a3,24(a0)
    1c72:	83c1                	srli	a5,a5,0x10
    1c74:	fdf7f793          	andi	a5,a5,-33
    1c78:	8f75                	and	a4,a4,a3
    1c7a:	2196                	lhu	a3,0(a1)
    1c7c:	8241                	srli	a2,a2,0x10
    1c7e:	06a2                	slli	a3,a3,0x8
    1c80:	8f55                	or	a4,a4,a3
    1c82:	21b6                	lhu	a3,2(a1)
    1c84:	0742                	slli	a4,a4,0x10
    1c86:	8341                	srli	a4,a4,0x10
    1c88:	0106e6b3          	or	a3,a3,a6
    1c8c:	0692                	slli	a3,a3,0x4
    1c8e:	8fd5                	or	a5,a5,a3
    1c90:	400136b7          	lui	a3,0x40013
    1c94:	07c2                	slli	a5,a5,0x10
    1c96:	c0068813          	addi	a6,a3,-1024 # 40012c00 <_eusrstack+0x2000ac00>
    1c9a:	83c1                	srli	a5,a5,0x10
    1c9c:	01050e63          	beq	a0,a6,1cb8 <TIM_OC2Init+0x6a>
    1ca0:	40068693          	addi	a3,a3,1024
    1ca4:	00d50a63          	beq	a0,a3,1cb8 <TIM_OC2Init+0x6a>
    1ca8:	400156b7          	lui	a3,0x40015
    1cac:	c0068813          	addi	a6,a3,-1024 # 40014c00 <_eusrstack+0x2000cc00>
    1cb0:	01050463          	beq	a0,a6,1cb8 <TIM_OC2Init+0x6a>
    1cb4:	02d51e63          	bne	a0,a3,1cf0 <TIM_OC2Init+0xa2>
    1cb8:	25b6                	lhu	a3,10(a1)
    1cba:	f7f7f793          	andi	a5,a5,-129
    1cbe:	00c5d803          	lhu	a6,12(a1)
    1cc2:	0692                	slli	a3,a3,0x4
    1cc4:	8fd5                	or	a5,a5,a3
    1cc6:	21d6                	lhu	a3,4(a1)
    1cc8:	07c2                	slli	a5,a5,0x10
    1cca:	83c1                	srli	a5,a5,0x10
    1ccc:	0692                	slli	a3,a3,0x4
    1cce:	fbf7f793          	andi	a5,a5,-65
    1cd2:	8fd5                	or	a5,a5,a3
    1cd4:	76fd                	lui	a3,0xfffff
    1cd6:	3ff68693          	addi	a3,a3,1023 # fffff3ff <_eusrstack+0xdfff73ff>
    1cda:	8ef1                	and	a3,a3,a2
    1cdc:	25f2                	lhu	a2,14(a1)
    1cde:	07c2                	slli	a5,a5,0x10
    1ce0:	83c1                	srli	a5,a5,0x10
    1ce2:	01066633          	or	a2,a2,a6
    1ce6:	060a                	slli	a2,a2,0x2
    1ce8:	8ed1                	or	a3,a3,a2
    1cea:	01069613          	slli	a2,a3,0x10
    1cee:	8241                	srli	a2,a2,0x10
    1cf0:	a152                	sh	a2,4(a0)
    1cf2:	ad1a                	sh	a4,24(a0)
    1cf4:	21fa                	lhu	a4,6(a1)
    1cf6:	bd1a                	sh	a4,56(a0)
    1cf8:	b11e                	sh	a5,32(a0)
    1cfa:	8082                	ret

00001cfc <TIM_OC4Init>:
    1cfc:	311a                	lhu	a4,32(a0)
    1cfe:	77fd                	lui	a5,0xfffff
    1d00:	17fd                	addi	a5,a5,-1
    1d02:	8ff9                	and	a5,a5,a4
    1d04:	b11e                	sh	a5,32(a0)
    1d06:	02055803          	lhu	a6,32(a0)
    1d0a:	2156                	lhu	a3,4(a0)
    1d0c:	2d5e                	lhu	a5,28(a0)
    1d0e:	7765                	lui	a4,0xffff9
    1d10:	01069613          	slli	a2,a3,0x10
    1d14:	2196                	lhu	a3,0(a1)
    1d16:	cff70713          	addi	a4,a4,-769 # ffff8cff <_eusrstack+0xdfff0cff>
    1d1a:	8f7d                	and	a4,a4,a5
    1d1c:	77f9                	lui	a5,0xffffe
    1d1e:	06a2                	slli	a3,a3,0x8
    1d20:	17fd                	addi	a5,a5,-1
    1d22:	8f55                	or	a4,a4,a3
    1d24:	0107f7b3          	and	a5,a5,a6
    1d28:	21b6                	lhu	a3,2(a1)
    1d2a:	0085d803          	lhu	a6,8(a1)
    1d2e:	0742                	slli	a4,a4,0x10
    1d30:	8241                	srli	a2,a2,0x10
    1d32:	0106e6b3          	or	a3,a3,a6
    1d36:	06b2                	slli	a3,a3,0xc
    1d38:	8fd5                	or	a5,a5,a3
    1d3a:	400136b7          	lui	a3,0x40013
    1d3e:	07c2                	slli	a5,a5,0x10
    1d40:	c0068813          	addi	a6,a3,-1024 # 40012c00 <_eusrstack+0x2000ac00>
    1d44:	8341                	srli	a4,a4,0x10
    1d46:	83c1                	srli	a5,a5,0x10
    1d48:	01050e63          	beq	a0,a6,1d64 <TIM_OC4Init+0x68>
    1d4c:	40068693          	addi	a3,a3,1024
    1d50:	00d50a63          	beq	a0,a3,1d64 <TIM_OC4Init+0x68>
    1d54:	400156b7          	lui	a3,0x40015
    1d58:	c0068813          	addi	a6,a3,-1024 # 40014c00 <_eusrstack+0x2000cc00>
    1d5c:	01050463          	beq	a0,a6,1d64 <TIM_OC4Init+0x68>
    1d60:	00d51b63          	bne	a0,a3,1d76 <TIM_OC4Init+0x7a>
    1d64:	76f1                	lui	a3,0xffffc
    1d66:	16fd                	addi	a3,a3,-1
    1d68:	8ef1                	and	a3,a3,a2
    1d6a:	25d2                	lhu	a2,12(a1)
    1d6c:	061a                	slli	a2,a2,0x6
    1d6e:	8ed1                	or	a3,a3,a2
    1d70:	01069613          	slli	a2,a3,0x10
    1d74:	8241                	srli	a2,a2,0x10
    1d76:	a152                	sh	a2,4(a0)
    1d78:	ad5a                	sh	a4,28(a0)
    1d7a:	21fa                	lhu	a4,6(a1)
    1d7c:	04e51023          	sh	a4,64(a0)
    1d80:	b11e                	sh	a5,32(a0)
    1d82:	8082                	ret

00001d84 <TIM_BDTRConfig>:
    1d84:	21ba                	lhu	a4,2(a1)
    1d86:	219e                	lhu	a5,0(a1)
    1d88:	8fd9                	or	a5,a5,a4
    1d8a:	21da                	lhu	a4,4(a1)
    1d8c:	8fd9                	or	a5,a5,a4
    1d8e:	21fa                	lhu	a4,6(a1)
    1d90:	8fd9                	or	a5,a5,a4
    1d92:	259a                	lhu	a4,8(a1)
    1d94:	8fd9                	or	a5,a5,a4
    1d96:	25ba                	lhu	a4,10(a1)
    1d98:	8fd9                	or	a5,a5,a4
    1d9a:	25da                	lhu	a4,12(a1)
    1d9c:	8fd9                	or	a5,a5,a4
    1d9e:	04f51223          	sh	a5,68(a0)
    1da2:	8082                	ret

00001da4 <TIM_Cmd>:
    1da4:	211e                	lhu	a5,0(a0)
    1da6:	c589                	beqz	a1,1db0 <TIM_Cmd+0xc>
    1da8:	0017e793          	ori	a5,a5,1
    1dac:	a11e                	sh	a5,0(a0)
    1dae:	8082                	ret
    1db0:	07c2                	slli	a5,a5,0x10
    1db2:	83c1                	srli	a5,a5,0x10
    1db4:	9bf9                	andi	a5,a5,-2
    1db6:	07c2                	slli	a5,a5,0x10
    1db8:	83c1                	srli	a5,a5,0x10
    1dba:	bfcd                	j	1dac <TIM_Cmd+0x8>

00001dbc <TIM_CtrlPWMOutputs>:
    1dbc:	04455783          	lhu	a5,68(a0)
    1dc0:	c591                	beqz	a1,1dcc <TIM_CtrlPWMOutputs+0x10>
    1dc2:	6721                	lui	a4,0x8
    1dc4:	8fd9                	or	a5,a5,a4
    1dc6:	04f51223          	sh	a5,68(a0)
    1dca:	8082                	ret
    1dcc:	07c6                	slli	a5,a5,0x11
    1dce:	83c5                	srli	a5,a5,0x11
    1dd0:	bfdd                	j	1dc6 <TIM_CtrlPWMOutputs+0xa>

00001dd2 <TIM_ARRPreloadConfig>:
    1dd2:	211e                	lhu	a5,0(a0)
    1dd4:	c589                	beqz	a1,1dde <TIM_ARRPreloadConfig+0xc>
    1dd6:	0807e793          	ori	a5,a5,128
    1dda:	a11e                	sh	a5,0(a0)
    1ddc:	8082                	ret
    1dde:	07c2                	slli	a5,a5,0x10
    1de0:	83c1                	srli	a5,a5,0x10
    1de2:	f7f7f793          	andi	a5,a5,-129
    1de6:	07c2                	slli	a5,a5,0x10
    1de8:	83c1                	srli	a5,a5,0x10
    1dea:	bfc5                	j	1dda <TIM_ARRPreloadConfig+0x8>

00001dec <TIM_OC1PreloadConfig>:
    1dec:	2d1e                	lhu	a5,24(a0)
    1dee:	07c2                	slli	a5,a5,0x10
    1df0:	83c1                	srli	a5,a5,0x10
    1df2:	9bdd                	andi	a5,a5,-9
    1df4:	8ddd                	or	a1,a1,a5
    1df6:	ad0e                	sh	a1,24(a0)
    1df8:	8082                	ret

00001dfa <TIM_SelectOutputTrigger>:
    1dfa:	215e                	lhu	a5,4(a0)
    1dfc:	07c2                	slli	a5,a5,0x10
    1dfe:	83c1                	srli	a5,a5,0x10
    1e00:	f8f7f793          	andi	a5,a5,-113
    1e04:	07c2                	slli	a5,a5,0x10
    1e06:	83c1                	srli	a5,a5,0x10
    1e08:	a15e                	sh	a5,4(a0)
    1e0a:	215e                	lhu	a5,4(a0)
    1e0c:	8ddd                	or	a1,a1,a5
    1e0e:	a14e                	sh	a1,4(a0)
    1e10:	8082                	ret

00001e12 <TIM_SetCompare1>:
    1e12:	b94e                	sh	a1,52(a0)
    1e14:	8082                	ret

00001e16 <TIM_SetCompare2>:
    1e16:	bd0e                	sh	a1,56(a0)
    1e18:	8082                	ret

00001e1a <TIM_SetCompare4>:
    1e1a:	04b51023          	sh	a1,64(a0)
    1e1e:	8082                	ret

00001e20 <USART_Init>:
    1e20:	bd0fe2ef          	jal	t0,1f0 <__riscv_save_0>
    1e24:	291a                	lhu	a4,16(a0)
    1e26:	77f5                	lui	a5,0xffffd
    1e28:	17fd                	addi	a5,a5,-1
    1e2a:	8ff9                	and	a5,a5,a4
    1e2c:	21fa                	lhu	a4,6(a1)
    1e2e:	7179                	addi	sp,sp,-48
    1e30:	842a                	mv	s0,a0
    1e32:	8fd9                	or	a5,a5,a4
    1e34:	a91e                	sh	a5,16(a0)
    1e36:	259a                	lhu	a4,8(a1)
    1e38:	21de                	lhu	a5,4(a1)
    1e3a:	2556                	lhu	a3,12(a0)
    1e3c:	c62e                	sw	a1,12(sp)
    1e3e:	8fd9                	or	a5,a5,a4
    1e40:	25ba                	lhu	a4,10(a1)
    1e42:	8fd9                	or	a5,a5,a4
    1e44:	777d                	lui	a4,0xfffff
    1e46:	9f370713          	addi	a4,a4,-1549 # ffffe9f3 <_eusrstack+0xdfff69f3>
    1e4a:	8f75                	and	a4,a4,a3
    1e4c:	8fd9                	or	a5,a5,a4
    1e4e:	a55e                	sh	a5,12(a0)
    1e50:	295e                	lhu	a5,20(a0)
    1e52:	25da                	lhu	a4,12(a1)
    1e54:	07c2                	slli	a5,a5,0x10
    1e56:	83c1                	srli	a5,a5,0x10
    1e58:	cff7f793          	andi	a5,a5,-769
    1e5c:	8fd9                	or	a5,a5,a4
    1e5e:	a95e                	sh	a5,20(a0)
    1e60:	0868                	addi	a0,sp,28
    1e62:	aadff0ef          	jal	ra,190e <RCC_GetClocksFreq>
    1e66:	400147b7          	lui	a5,0x40014
    1e6a:	80078793          	addi	a5,a5,-2048 # 40013800 <_eusrstack+0x2000b800>
    1e6e:	45b2                	lw	a1,12(sp)
    1e70:	04f41163          	bne	s0,a5,1eb2 <USART_Init+0x92>
    1e74:	57a2                	lw	a5,40(sp)
    1e76:	4765                	li	a4,25
    1e78:	02e787b3          	mul	a5,a5,a4
    1e7c:	4198                	lw	a4,0(a1)
    1e7e:	06400613          	li	a2,100
    1e82:	070a                	slli	a4,a4,0x2
    1e84:	02e7d7b3          	divu	a5,a5,a4
    1e88:	02c7d6b3          	divu	a3,a5,a2
    1e8c:	02c7f7b3          	remu	a5,a5,a2
    1e90:	0692                	slli	a3,a3,0x4
    1e92:	00479713          	slli	a4,a5,0x4
    1e96:	03270793          	addi	a5,a4,50
    1e9a:	63f00713          	li	a4,1599
    1e9e:	00f77c63          	bgeu	a4,a5,1eb6 <USART_Init+0x96>
    1ea2:	01068793          	addi	a5,a3,16 # ffffc010 <_eusrstack+0xdfff4010>
    1ea6:	07c2                	slli	a5,a5,0x10
    1ea8:	83c1                	srli	a5,a5,0x10
    1eaa:	a41e                	sh	a5,8(s0)
    1eac:	6145                	addi	sp,sp,48
    1eae:	b66fe06f          	j	214 <__riscv_restore_0>
    1eb2:	5792                	lw	a5,36(sp)
    1eb4:	b7c9                	j	1e76 <USART_Init+0x56>
    1eb6:	02c7d7b3          	divu	a5,a5,a2
    1eba:	8fd5                	or	a5,a5,a3
    1ebc:	b7ed                	j	1ea6 <USART_Init+0x86>

00001ebe <USART_Cmd>:
    1ebe:	c591                	beqz	a1,1eca <USART_Cmd+0xc>
    1ec0:	255e                	lhu	a5,12(a0)
    1ec2:	6709                	lui	a4,0x2
    1ec4:	8fd9                	or	a5,a5,a4
    1ec6:	a55e                	sh	a5,12(a0)
    1ec8:	8082                	ret
    1eca:	255a                	lhu	a4,12(a0)
    1ecc:	77f9                	lui	a5,0xffffe
    1ece:	17fd                	addi	a5,a5,-1
    1ed0:	8ff9                	and	a5,a5,a4
    1ed2:	bfd5                	j	1ec6 <USART_Cmd+0x8>

00001ed4 <USART_ITConfig>:
    1ed4:	0ff5f713          	andi	a4,a1,255
    1ed8:	4785                	li	a5,1
    1eda:	8315                	srli	a4,a4,0x5
    1edc:	00b795b3          	sll	a1,a5,a1
    1ee0:	00f71963          	bne	a4,a5,1ef2 <USART_ITConfig+0x1e>
    1ee4:	00c50793          	addi	a5,a0,12
    1ee8:	4398                	lw	a4,0(a5)
    1eea:	ce01                	beqz	a2,1f02 <USART_ITConfig+0x2e>
    1eec:	8dd9                	or	a1,a1,a4
    1eee:	c38c                	sw	a1,0(a5)
    1ef0:	8082                	ret
    1ef2:	4689                	li	a3,2
    1ef4:	01450793          	addi	a5,a0,20
    1ef8:	fed718e3          	bne	a4,a3,1ee8 <USART_ITConfig+0x14>
    1efc:	01050793          	addi	a5,a0,16
    1f00:	b7e5                	j	1ee8 <USART_ITConfig+0x14>
    1f02:	fff5c593          	not	a1,a1
    1f06:	8df9                	and	a1,a1,a4
    1f08:	b7dd                	j	1eee <USART_ITConfig+0x1a>

00001f0a <USART_DMACmd>:
    1f0a:	295e                	lhu	a5,20(a0)
    1f0c:	c601                	beqz	a2,1f14 <USART_DMACmd+0xa>
    1f0e:	8ddd                	or	a1,a1,a5
    1f10:	a94e                	sh	a1,20(a0)
    1f12:	8082                	ret
    1f14:	fff5c593          	not	a1,a1
    1f18:	8dfd                	and	a1,a1,a5
    1f1a:	bfdd                	j	1f10 <USART_DMACmd+0x6>

00001f1c <USART_SendData>:
    1f1c:	1ff5f593          	andi	a1,a1,511
    1f20:	a14e                	sh	a1,4(a0)
    1f22:	8082                	ret

00001f24 <USART_GetFlagStatus>:
    1f24:	210a                	lhu	a0,0(a0)
    1f26:	8d6d                	and	a0,a0,a1
    1f28:	00a03533          	snez	a0,a0
    1f2c:	8082                	ret

00001f2e <USART_ClearFlag>:
    1f2e:	fff5c593          	not	a1,a1
    1f32:	05c2                	slli	a1,a1,0x10
    1f34:	81c1                	srli	a1,a1,0x10
    1f36:	a10e                	sh	a1,0(a0)
    1f38:	8082                	ret

00001f3a <USART_GetITStatus>:
    1f3a:	0ff5f713          	andi	a4,a1,255
    1f3e:	4685                	li	a3,1
    1f40:	8315                	srli	a4,a4,0x5
    1f42:	00b697b3          	sll	a5,a3,a1
    1f46:	02d71163          	bne	a4,a3,1f68 <USART_GetITStatus+0x2e>
    1f4a:	255a                	lhu	a4,12(a0)
    1f4c:	8ff9                	and	a5,a5,a4
    1f4e:	211a                	lhu	a4,0(a0)
    1f50:	4501                	li	a0,0
    1f52:	0742                	slli	a4,a4,0x10
    1f54:	8341                	srli	a4,a4,0x10
    1f56:	cb81                	beqz	a5,1f66 <USART_GetITStatus+0x2c>
    1f58:	4505                	li	a0,1
    1f5a:	81a1                	srli	a1,a1,0x8
    1f5c:	00b515b3          	sll	a1,a0,a1
    1f60:	8f6d                	and	a4,a4,a1
    1f62:	00e03533          	snez	a0,a4
    1f66:	8082                	ret
    1f68:	4689                	li	a3,2
    1f6a:	00d71463          	bne	a4,a3,1f72 <USART_GetITStatus+0x38>
    1f6e:	291a                	lhu	a4,16(a0)
    1f70:	bff1                	j	1f4c <USART_GetITStatus+0x12>
    1f72:	295a                	lhu	a4,20(a0)
    1f74:	bfe1                	j	1f4c <USART_GetITStatus+0x12>

00001f76 <Delay_Init>:
    1f76:	8081a783          	lw	a5,-2040(gp) # 200001f8 <SystemCoreClock>
    1f7a:	007a1737          	lui	a4,0x7a1
    1f7e:	20070713          	addi	a4,a4,512 # 7a1200 <_data_lma+0x795fec>
    1f82:	02e7d7b3          	divu	a5,a5,a4
    1f86:	0ff7f793          	andi	a5,a5,255
    1f8a:	82f18b23          	sb	a5,-1994(gp) # 20000226 <p_us>
    1f8e:	3e800713          	li	a4,1000
    1f92:	02e787b3          	mul	a5,a5,a4
    1f96:	82f19a23          	sh	a5,-1996(gp) # 20000224 <p_ms>
    1f9a:	8082                	ret

00001f9c <USART_Debug_Init>:
    1f9c:	a54fe2ef          	jal	t0,1f0 <__riscv_save_0>
    1fa0:	892a                	mv	s2,a0
    1fa2:	6511                	lui	a0,0x4
    1fa4:	7179                	addi	sp,sp,-48
    1fa6:	4585                	li	a1,1
    1fa8:	0511                	addi	a0,a0,4
    1faa:	c602                	sw	zero,12(sp)
    1fac:	c802                	sw	zero,16(sp)
    1fae:	af5ff0ef          	jal	ra,1aa2 <RCC_APB2PeriphClockCmd>
    1fb2:	40011437          	lui	s0,0x40011
    1fb6:	20000793          	li	a5,512
    1fba:	82fc                	sh	a5,20(sp)
    1fbc:	448d                	li	s1,3
    1fbe:	47e1                	li	a5,24
    1fc0:	084c                	addi	a1,sp,20
    1fc2:	80040513          	addi	a0,s0,-2048 # 40010800 <_eusrstack+0x20008800>
    1fc6:	cc26                	sw	s1,24(sp)
    1fc8:	ce3e                	sw	a5,28(sp)
    1fca:	f3aff0ef          	jal	ra,1704 <GPIO_Init>
    1fce:	40000793          	li	a5,1024
    1fd2:	82fc                	sh	a5,20(sp)
    1fd4:	084c                	addi	a1,sp,20
    1fd6:	4791                	li	a5,4
    1fd8:	80040513          	addi	a0,s0,-2048
    1fdc:	cc26                	sw	s1,24(sp)
    1fde:	40014437          	lui	s0,0x40014
    1fe2:	ce3e                	sw	a5,28(sp)
    1fe4:	f20ff0ef          	jal	ra,1704 <GPIO_Init>
    1fe8:	000c07b7          	lui	a5,0xc0
    1fec:	100c                	addi	a1,sp,32
    1fee:	80040513          	addi	a0,s0,-2048 # 40013800 <_eusrstack+0x2000b800>
    1ff2:	d43e                	sw	a5,40(sp)
    1ff4:	d04a                	sw	s2,32(sp)
    1ff6:	d202                	sw	zero,36(sp)
    1ff8:	02011623          	sh	zero,44(sp)
    1ffc:	3515                	jal	1e20 <USART_Init>
    1ffe:	4605                	li	a2,1
    2000:	42400593          	li	a1,1060
    2004:	80040513          	addi	a0,s0,-2048
    2008:	35f1                	jal	1ed4 <USART_ITConfig>
    200a:	33500793          	li	a5,821
    200e:	867c                	sh	a5,12(sp)
    2010:	0068                	addi	a0,sp,12
    2012:	4785                	li	a5,1
    2014:	c83e                	sw	a5,16(sp)
    2016:	00010723          	sb	zero,14(sp)
    201a:	887ff0ef          	jal	ra,18a0 <NVIC_Init>
    201e:	4585                	li	a1,1
    2020:	80040513          	addi	a0,s0,-2048
    2024:	3d69                	jal	1ebe <USART_Cmd>
    2026:	6145                	addi	sp,sp,48
    2028:	9ecfe06f          	j	214 <__riscv_restore_0>

0000202c <_write>:
    202c:	9aafe2ef          	jal	t0,1d6 <__riscv_save_4>
    2030:	400144b7          	lui	s1,0x40014
    2034:	89ae                	mv	s3,a1
    2036:	8932                	mv	s2,a2
    2038:	4401                	li	s0,0
    203a:	80048493          	addi	s1,s1,-2048 # 40013800 <_eusrstack+0x2000b800>
    203e:	01244563          	blt	s0,s2,2048 <_write+0x1c>
    2042:	854a                	mv	a0,s2
    2044:	9c6fe06f          	j	20a <__riscv_restore_4>
    2048:	04000593          	li	a1,64
    204c:	8526                	mv	a0,s1
    204e:	3dd9                	jal	1f24 <USART_GetFlagStatus>
    2050:	dd65                	beqz	a0,2048 <_write+0x1c>
    2052:	008987b3          	add	a5,s3,s0
    2056:	00078583          	lb	a1,0(a5) # c0000 <_data_lma+0xb4dec>
    205a:	8526                	mv	a0,s1
    205c:	0405                	addi	s0,s0,1
    205e:	05c2                	slli	a1,a1,0x10
    2060:	81c1                	srli	a1,a1,0x10
    2062:	3d6d                	jal	1f1c <USART_SendData>
    2064:	bfe9                	j	203e <_write+0x12>

00002066 <_sbrk>:
    2066:	81018713          	addi	a4,gp,-2032 # 20000200 <curbrk.5886>
    206a:	431c                	lw	a5,0(a4)
    206c:	92c18693          	addi	a3,gp,-1748 # 2000031c <_ebss>
    2070:	953e                	add	a0,a0,a5
    2072:	00d56b63          	bltu	a0,a3,2088 <_sbrk+0x22>
    2076:	200086b7          	lui	a3,0x20008
    207a:	80068693          	addi	a3,a3,-2048 # 20007800 <_heap_end>
    207e:	00a6e563          	bltu	a3,a0,2088 <_sbrk+0x22>
    2082:	c308                	sw	a0,0(a4)
    2084:	853e                	mv	a0,a5
    2086:	8082                	ret
    2088:	57fd                	li	a5,-1
    208a:	bfed                	j	2084 <_sbrk+0x1e>

0000208c <USART1_DMA_Idle_Init>:
    208c:	964fe2ef          	jal	t0,1f0 <__riscv_save_0>
    2090:	7179                	addi	sp,sp,-48
    2092:	02c00613          	li	a2,44
    2096:	4581                	li	a1,0
    2098:	0048                	addi	a0,sp,4
    209a:	986fe0ef          	jal	ra,220 <memset>
    209e:	4585                	li	a1,1
    20a0:	4505                	li	a0,1
    20a2:	9e3ff0ef          	jal	ra,1a84 <RCC_AHBPeriphClockCmd>
    20a6:	40020437          	lui	s0,0x40020
    20aa:	05840513          	addi	a0,s0,88 # 40020058 <_eusrstack+0x20018058>
    20ae:	c92ff0ef          	jal	ra,1540 <DMA_DeInit>
    20b2:	400144b7          	lui	s1,0x40014
    20b6:	80448793          	addi	a5,s1,-2044 # 40013804 <_eusrstack+0x2000b804>
    20ba:	c23e                	sw	a5,4(sp)
    20bc:	8e818793          	addi	a5,gp,-1816 # 200002d8 <usart_rx_dma_buf>
    20c0:	c43e                	sw	a5,8(sp)
    20c2:	04000793          	li	a5,64
    20c6:	c83e                	sw	a5,16(sp)
    20c8:	08000793          	li	a5,128
    20cc:	cc3e                	sw	a5,24(sp)
    20ce:	004c                	addi	a1,sp,4
    20d0:	6785                	lui	a5,0x1
    20d2:	05840513          	addi	a0,s0,88
    20d6:	d43e                	sw	a5,40(sp)
    20d8:	c602                	sw	zero,12(sp)
    20da:	ca02                	sw	zero,20(sp)
    20dc:	ce02                	sw	zero,28(sp)
    20de:	d002                	sw	zero,32(sp)
    20e0:	d202                	sw	zero,36(sp)
    20e2:	d602                	sw	zero,44(sp)
    20e4:	dc8ff0ef          	jal	ra,16ac <DMA_Init>
    20e8:	05840513          	addi	a0,s0,88
    20ec:	4585                	li	a1,1
    20ee:	df6ff0ef          	jal	ra,16e4 <DMA_Cmd>
    20f2:	4605                	li	a2,1
    20f4:	04000593          	li	a1,64
    20f8:	80048513          	addi	a0,s1,-2048
    20fc:	3539                	jal	1f0a <USART_DMACmd>
    20fe:	6145                	addi	sp,sp,48
    2100:	914fe06f          	j	214 <__riscv_restore_0>

00002104 <USART1_IRQHandler>:
    2104:	1141                	addi	sp,sp,-16
    2106:	c426                	sw	s1,8(sp)
    2108:	400144b7          	lui	s1,0x40014
    210c:	42400593          	li	a1,1060
    2110:	80048513          	addi	a0,s1,-2048 # 40013800 <_eusrstack+0x2000b800>
    2114:	c622                	sw	s0,12(sp)
    2116:	3515                	jal	1f3a <USART_GetITStatus>
    2118:	c539                	beqz	a0,2166 <USART1_IRQHandler+0x62>
    211a:	40020437          	lui	s0,0x40020
    211e:	05840513          	addi	a0,s0,88 # 40020058 <_eusrstack+0x20018058>
    2122:	ddaff0ef          	jal	ra,16fc <DMA_GetCurrDataCounter>
    2126:	04000793          	li	a5,64
    212a:	40a78533          	sub	a0,a5,a0
    212e:	0542                	slli	a0,a0,0x10
    2130:	8141                	srli	a0,a0,0x10
    2132:	82a19c23          	sh	a0,-1992(gp) # 20000228 <usart_rx_dma_len>
    2136:	8044d783          	lhu	a5,-2044(s1)
    213a:	4581                	li	a1,0
    213c:	05840513          	addi	a0,s0,88
    2140:	da4ff0ef          	jal	ra,16e4 <DMA_Cmd>
    2144:	05840513          	addi	a0,s0,88
    2148:	04000593          	li	a1,64
    214c:	dacff0ef          	jal	ra,16f8 <DMA_SetCurrDataCounter>
    2150:	8e818793          	addi	a5,gp,-1816 # 200002d8 <usart_rx_dma_buf>
    2154:	05840513          	addi	a0,s0,88
    2158:	c55c                	sw	a5,12(a0)
    215a:	4585                	li	a1,1
    215c:	d88ff0ef          	jal	ra,16e4 <DMA_Cmd>
    2160:	4705                	li	a4,1
    2162:	82e18ba3          	sb	a4,-1993(gp) # 20000227 <usart_rx_dma_done>
    2166:	40014437          	lui	s0,0x40014
    216a:	45a1                	li	a1,8
    216c:	80040513          	addi	a0,s0,-2048 # 40013800 <_eusrstack+0x2000b800>
    2170:	3b55                	jal	1f24 <USART_GetFlagStatus>
    2172:	c511                	beqz	a0,217e <USART1_IRQHandler+0x7a>
    2174:	80040513          	addi	a0,s0,-2048
    2178:	215e                	lhu	a5,4(a0)
    217a:	45a1                	li	a1,8
    217c:	3b4d                	jal	1f2e <USART_ClearFlag>
    217e:	4432                	lw	s0,12(sp)
    2180:	44a2                	lw	s1,8(sp)
    2182:	0141                	addi	sp,sp,16
    2184:	30200073          	mret

00002188 <debug_scanf>:
    2188:	715d                	addi	sp,sp,-80
    218a:	c2be                	sw	a5,68(sp)
    218c:	d606                	sw	ra,44(sp)
    218e:	d422                	sw	s0,40(sp)
    2190:	da2e                	sw	a1,52(sp)
    2192:	dc32                	sw	a2,56(sp)
    2194:	de36                	sw	a3,60(sp)
    2196:	c0ba                	sw	a4,64(sp)
    2198:	c4c2                	sw	a6,72(sp)
    219a:	c6c6                	sw	a7,76(sp)
    219c:	83718793          	addi	a5,gp,-1993 # 20000227 <usart_rx_dma_done>
    21a0:	2398                	lbu	a4,0(a5)
    21a2:	0ff77713          	andi	a4,a4,255
    21a6:	e711                	bnez	a4,21b2 <debug_scanf+0x2a>
    21a8:	4501                	li	a0,0
    21aa:	50b2                	lw	ra,44(sp)
    21ac:	5422                	lw	s0,40(sp)
    21ae:	6161                	addi	sp,sp,80
    21b0:	8082                	ret
    21b2:	00078023          	sb	zero,0(a5) # 1000 <SystemInit+0x98>
    21b6:	83818793          	addi	a5,gp,-1992 # 20000228 <usart_rx_dma_len>
    21ba:	239a                	lhu	a4,0(a5)
    21bc:	0742                	slli	a4,a4,0x10
    21be:	8341                	srli	a4,a4,0x10
    21c0:	d765                	beqz	a4,21a8 <debug_scanf+0x20>
    21c2:	239a                	lhu	a4,0(a5)
    21c4:	03f00693          	li	a3,63
    21c8:	fee6e0e3          	bltu	a3,a4,21a8 <debug_scanf+0x20>
    21cc:	239a                	lhu	a4,0(a5)
    21ce:	c62a                	sw	a0,12(sp)
    21d0:	8e818793          	addi	a5,gp,-1816 # 200002d8 <usart_rx_dma_buf>
    21d4:	0000b537          	lui	a0,0xb
    21d8:	97ba                	add	a5,a5,a4
    21da:	c6c50513          	addi	a0,a0,-916 # ac6c <mode_name.5943+0x4c>
    21de:	00078023          	sb	zero,0(a5)
    21e2:	7f4020ef          	jal	ra,49d6 <puts>
    21e6:	45b2                	lw	a1,12(sp)
    21e8:	1850                	addi	a2,sp,52
    21ea:	8e818513          	addi	a0,gp,-1816 # 200002d8 <usart_rx_dma_buf>
    21ee:	ce32                	sw	a2,28(sp)
    21f0:	6ba030ef          	jal	ra,58aa <vsiscanf>
    21f4:	4505                	li	a0,1
    21f6:	bf55                	j	21aa <debug_scanf+0x22>

000021f8 <__divdf3>:
    21f8:	7139                	addi	sp,sp,-64
    21fa:	0145d793          	srli	a5,a1,0x14
    21fe:	dc22                	sw	s0,56(sp)
    2200:	d84a                	sw	s2,48(sp)
    2202:	d256                	sw	s5,36(sp)
    2204:	892a                	mv	s2,a0
    2206:	00c59413          	slli	s0,a1,0xc
    220a:	de06                	sw	ra,60(sp)
    220c:	da26                	sw	s1,52(sp)
    220e:	d64e                	sw	s3,44(sp)
    2210:	d452                	sw	s4,40(sp)
    2212:	d05a                	sw	s6,32(sp)
    2214:	ce5e                	sw	s7,28(sp)
    2216:	7ff7f513          	andi	a0,a5,2047
    221a:	8031                	srli	s0,s0,0xc
    221c:	01f5da93          	srli	s5,a1,0x1f
    2220:	10050b63          	beqz	a0,2336 <__divdf3+0x13e>
    2224:	7ff00793          	li	a5,2047
    2228:	14f50b63          	beq	a0,a5,237e <__divdf3+0x186>
    222c:	01d95a13          	srli	s4,s2,0x1d
    2230:	040e                	slli	s0,s0,0x3
    2232:	008a6433          	or	s0,s4,s0
    2236:	00800a37          	lui	s4,0x800
    223a:	01446a33          	or	s4,s0,s4
    223e:	00391b13          	slli	s6,s2,0x3
    2242:	c0150493          	addi	s1,a0,-1023
    2246:	4401                	li	s0,0
    2248:	4b81                	li	s7,0
    224a:	0146d813          	srli	a6,a3,0x14
    224e:	00c69913          	slli	s2,a3,0xc
    2252:	7ff87813          	andi	a6,a6,2047
    2256:	88b2                	mv	a7,a2
    2258:	00c95913          	srli	s2,s2,0xc
    225c:	01f6d993          	srli	s3,a3,0x1f
    2260:	08080e63          	beqz	a6,22fc <__divdf3+0x104>
    2264:	7ff00793          	li	a5,2047
    2268:	04f80063          	beq	a6,a5,22a8 <__divdf3+0xb0>
    226c:	01d65713          	srli	a4,a2,0x1d
    2270:	090e                	slli	s2,s2,0x3
    2272:	01276933          	or	s2,a4,s2
    2276:	c0180813          	addi	a6,a6,-1023
    227a:	008007b7          	lui	a5,0x800
    227e:	00f96733          	or	a4,s2,a5
    2282:	00361893          	slli	a7,a2,0x3
    2286:	410484b3          	sub	s1,s1,a6
    228a:	4581                	li	a1,0
    228c:	47bd                	li	a5,15
    228e:	013ac833          	xor	a6,s5,s3
    2292:	1a87e463          	bltu	a5,s0,243a <__divdf3+0x242>
    2296:	00009797          	auipc	a5,0x9
    229a:	9da78793          	addi	a5,a5,-1574 # ac70 <mode_name.5943+0x50>
    229e:	040a                	slli	s0,s0,0x2
    22a0:	943e                	add	s0,s0,a5
    22a2:	4010                	lw	a2,0(s0)
    22a4:	963e                	add	a2,a2,a5
    22a6:	8602                	jr	a2
    22a8:	00c96733          	or	a4,s2,a2
    22ac:	80148493          	addi	s1,s1,-2047
    22b0:	10071263          	bnez	a4,23b4 <__divdf3+0x1bc>
    22b4:	00246413          	ori	s0,s0,2
    22b8:	4881                	li	a7,0
    22ba:	4589                	li	a1,2
    22bc:	bfc1                	j	228c <__divdf3+0x94>
    22be:	7ff00613          	li	a2,2047
    22c2:	4781                	li	a5,0
    22c4:	4701                	li	a4,0
    22c6:	07b2                	slli	a5,a5,0xc
    22c8:	50f2                	lw	ra,60(sp)
    22ca:	5462                	lw	s0,56(sp)
    22cc:	0652                	slli	a2,a2,0x14
    22ce:	83b1                	srli	a5,a5,0xc
    22d0:	087e                	slli	a6,a6,0x1f
    22d2:	8fd1                	or	a5,a5,a2
    22d4:	0107e7b3          	or	a5,a5,a6
    22d8:	54d2                	lw	s1,52(sp)
    22da:	5942                	lw	s2,48(sp)
    22dc:	59b2                	lw	s3,44(sp)
    22de:	5a22                	lw	s4,40(sp)
    22e0:	5a92                	lw	s5,36(sp)
    22e2:	5b02                	lw	s6,32(sp)
    22e4:	4bf2                	lw	s7,28(sp)
    22e6:	853a                	mv	a0,a4
    22e8:	85be                	mv	a1,a5
    22ea:	6121                	addi	sp,sp,64
    22ec:	8082                	ret
    22ee:	4801                	li	a6,0
    22f0:	7ff00613          	li	a2,2047
    22f4:	000807b7          	lui	a5,0x80
    22f8:	4701                	li	a4,0
    22fa:	b7f1                	j	22c6 <__divdf3+0xce>
    22fc:	00c96733          	or	a4,s2,a2
    2300:	c74d                	beqz	a4,23aa <__divdf3+0x1b2>
    2302:	30090863          	beqz	s2,2612 <__divdf3+0x41a>
    2306:	854a                	mv	a0,s2
    2308:	c432                	sw	a2,8(sp)
    230a:	6f6010ef          	jal	ra,3a00 <__clzsi2>
    230e:	4622                	lw	a2,8(sp)
    2310:	ff550713          	addi	a4,a0,-11
    2314:	47f5                	li	a5,29
    2316:	ff850693          	addi	a3,a0,-8
    231a:	8f99                	sub	a5,a5,a4
    231c:	00d91933          	sll	s2,s2,a3
    2320:	00f657b3          	srl	a5,a2,a5
    2324:	0127e733          	or	a4,a5,s2
    2328:	00d618b3          	sll	a7,a2,a3
    232c:	9526                	add	a0,a0,s1
    232e:	3f350493          	addi	s1,a0,1011
    2332:	4581                	li	a1,0
    2334:	bfa1                	j	228c <__divdf3+0x94>
    2336:	01246a33          	or	s4,s0,s2
    233a:	060a0363          	beqz	s4,23a0 <__divdf3+0x1a8>
    233e:	c636                	sw	a3,12(sp)
    2340:	c432                	sw	a2,8(sp)
    2342:	2a040663          	beqz	s0,25ee <__divdf3+0x3f6>
    2346:	8522                	mv	a0,s0
    2348:	6b8010ef          	jal	ra,3a00 <__clzsi2>
    234c:	4622                	lw	a2,8(sp)
    234e:	46b2                	lw	a3,12(sp)
    2350:	84aa                	mv	s1,a0
    2352:	ff550713          	addi	a4,a0,-11
    2356:	4a75                	li	s4,29
    2358:	ff848b13          	addi	s6,s1,-8
    235c:	40ea0a33          	sub	s4,s4,a4
    2360:	01641433          	sll	s0,s0,s6
    2364:	01495a33          	srl	s4,s2,s4
    2368:	008a6a33          	or	s4,s4,s0
    236c:	01691b33          	sll	s6,s2,s6
    2370:	c0d00513          	li	a0,-1011
    2374:	409504b3          	sub	s1,a0,s1
    2378:	4401                	li	s0,0
    237a:	4b81                	li	s7,0
    237c:	b5f9                	j	224a <__divdf3+0x52>
    237e:	01246a33          	or	s4,s0,s2
    2382:	000a1863          	bnez	s4,2392 <__divdf3+0x19a>
    2386:	4421                	li	s0,8
    2388:	4b01                	li	s6,0
    238a:	7ff00493          	li	s1,2047
    238e:	4b89                	li	s7,2
    2390:	bd6d                	j	224a <__divdf3+0x52>
    2392:	8a22                	mv	s4,s0
    2394:	8b4a                	mv	s6,s2
    2396:	4431                	li	s0,12
    2398:	7ff00493          	li	s1,2047
    239c:	4b8d                	li	s7,3
    239e:	b575                	j	224a <__divdf3+0x52>
    23a0:	4411                	li	s0,4
    23a2:	4b01                	li	s6,0
    23a4:	4481                	li	s1,0
    23a6:	4b85                	li	s7,1
    23a8:	b54d                	j	224a <__divdf3+0x52>
    23aa:	00146413          	ori	s0,s0,1
    23ae:	4881                	li	a7,0
    23b0:	4585                	li	a1,1
    23b2:	bde9                	j	228c <__divdf3+0x94>
    23b4:	00346413          	ori	s0,s0,3
    23b8:	874a                	mv	a4,s2
    23ba:	458d                	li	a1,3
    23bc:	bdc1                	j	228c <__divdf3+0x94>
    23be:	2e050a63          	beqz	a0,26b2 <__divdf3+0x4ba>
    23c2:	4785                	li	a5,1
    23c4:	8f89                	sub	a5,a5,a0
    23c6:	03800693          	li	a3,56
    23ca:	32f6dd63          	bge	a3,a5,2704 <__divdf3+0x50c>
    23ce:	4601                	li	a2,0
    23d0:	4781                	li	a5,0
    23d2:	4701                	li	a4,0
    23d4:	bdcd                	j	22c6 <__divdf3+0xce>
    23d6:	86ce                	mv	a3,s3
    23d8:	4789                	li	a5,2
    23da:	3af58d63          	beq	a1,a5,2794 <__divdf3+0x59c>
    23de:	478d                	li	a5,3
    23e0:	f0f587e3          	beq	a1,a5,22ee <__divdf3+0xf6>
    23e4:	4785                	li	a5,1
    23e6:	8836                	mv	a6,a3
    23e8:	fef583e3          	beq	a1,a5,23ce <__divdf3+0x1d6>
    23ec:	3ff48513          	addi	a0,s1,1023
    23f0:	fca057e3          	blez	a0,23be <__divdf3+0x1c6>
    23f4:	0078f793          	andi	a5,a7,7
    23f8:	28079663          	bnez	a5,2684 <__divdf3+0x48c>
    23fc:	0038d693          	srli	a3,a7,0x3
    2400:	00771793          	slli	a5,a4,0x7
    2404:	0007d863          	bgez	a5,2414 <__divdf3+0x21c>
    2408:	ff0007b7          	lui	a5,0xff000
    240c:	17fd                	addi	a5,a5,-1
    240e:	8f7d                	and	a4,a4,a5
    2410:	40048513          	addi	a0,s1,1024
    2414:	7fe00793          	li	a5,2046
    2418:	eaa7c3e3          	blt	a5,a0,22be <__divdf3+0xc6>
    241c:	01d71613          	slli	a2,a4,0x1d
    2420:	00971793          	slli	a5,a4,0x9
    2424:	83b1                	srli	a5,a5,0xc
    2426:	00d66733          	or	a4,a2,a3
    242a:	7ff57613          	andi	a2,a0,2047
    242e:	bd61                	j	22c6 <__divdf3+0xce>
    2430:	86d6                	mv	a3,s5
    2432:	8752                	mv	a4,s4
    2434:	88da                	mv	a7,s6
    2436:	85de                	mv	a1,s7
    2438:	b745                	j	23d8 <__divdf3+0x1e0>
    243a:	23476163          	bltu	a4,s4,265c <__divdf3+0x464>
    243e:	20ea0d63          	beq	s4,a4,2658 <__divdf3+0x460>
    2442:	86da                	mv	a3,s6
    2444:	14fd                	addi	s1,s1,-1
    2446:	8452                	mv	s0,s4
    2448:	4b01                	li	s6,0
    244a:	00871793          	slli	a5,a4,0x8
    244e:	0188d313          	srli	t1,a7,0x18
    2452:	00f36333          	or	t1,t1,a5
    2456:	01035e93          	srli	t4,t1,0x10
    245a:	03d457b3          	divu	a5,s0,t4
    245e:	01031f13          	slli	t5,t1,0x10
    2462:	010f5f13          	srli	t5,t5,0x10
    2466:	0106d593          	srli	a1,a3,0x10
    246a:	00889e13          	slli	t3,a7,0x8
    246e:	03d47433          	remu	s0,s0,t4
    2472:	02ff0733          	mul	a4,t5,a5
    2476:	0442                	slli	s0,s0,0x10
    2478:	8dc1                	or	a1,a1,s0
    247a:	00e5fb63          	bgeu	a1,a4,2490 <__divdf3+0x298>
    247e:	959a                	add	a1,a1,t1
    2480:	fff78613          	addi	a2,a5,-1 # feffffff <_eusrstack+0xdeff7fff>
    2484:	2665ee63          	bltu	a1,t1,2700 <__divdf3+0x508>
    2488:	26e5fc63          	bgeu	a1,a4,2700 <__divdf3+0x508>
    248c:	17f9                	addi	a5,a5,-2
    248e:	959a                	add	a1,a1,t1
    2490:	8d99                	sub	a1,a1,a4
    2492:	03d5d733          	divu	a4,a1,t4
    2496:	06c2                	slli	a3,a3,0x10
    2498:	82c1                	srli	a3,a3,0x10
    249a:	03d5f5b3          	remu	a1,a1,t4
    249e:	02ef0633          	mul	a2,t5,a4
    24a2:	05c2                	slli	a1,a1,0x10
    24a4:	8dd5                	or	a1,a1,a3
    24a6:	00c5fb63          	bgeu	a1,a2,24bc <__divdf3+0x2c4>
    24aa:	959a                	add	a1,a1,t1
    24ac:	fff70693          	addi	a3,a4,-1
    24b0:	2465e663          	bltu	a1,t1,26fc <__divdf3+0x504>
    24b4:	24c5f463          	bgeu	a1,a2,26fc <__divdf3+0x504>
    24b8:	1779                	addi	a4,a4,-2
    24ba:	959a                	add	a1,a1,t1
    24bc:	07c2                	slli	a5,a5,0x10
    24be:	6441                	lui	s0,0x10
    24c0:	8f5d                	or	a4,a4,a5
    24c2:	fff40793          	addi	a5,s0,-1 # ffff <_data_lma+0x4deb>
    24c6:	00f77533          	and	a0,a4,a5
    24ca:	01075893          	srli	a7,a4,0x10
    24ce:	010e5f93          	srli	t6,t3,0x10
    24d2:	00fe77b3          	and	a5,t3,a5
    24d6:	02f502b3          	mul	t0,a0,a5
    24da:	40c586b3          	sub	a3,a1,a2
    24de:	02f883b3          	mul	t2,a7,a5
    24e2:	0102d593          	srli	a1,t0,0x10
    24e6:	02af8633          	mul	a2,t6,a0
    24ea:	961e                	add	a2,a2,t2
    24ec:	962e                	add	a2,a2,a1
    24ee:	03f88533          	mul	a0,a7,t6
    24f2:	00767363          	bgeu	a2,t2,24f8 <__divdf3+0x300>
    24f6:	9522                	add	a0,a0,s0
    24f8:	68c1                	lui	a7,0x10
    24fa:	18fd                	addi	a7,a7,-1
    24fc:	01065593          	srli	a1,a2,0x10
    2500:	01167633          	and	a2,a2,a7
    2504:	0642                	slli	a2,a2,0x10
    2506:	0112f8b3          	and	a7,t0,a7
    250a:	95aa                	add	a1,a1,a0
    250c:	9646                	add	a2,a2,a7
    250e:	12b6e663          	bltu	a3,a1,263a <__divdf3+0x442>
    2512:	12b68263          	beq	a3,a1,2636 <__divdf3+0x43e>
    2516:	40cb0633          	sub	a2,s6,a2
    251a:	8e8d                	sub	a3,a3,a1
    251c:	00cb3b33          	sltu	s6,s6,a2
    2520:	41668b33          	sub	s6,a3,s6
    2524:	3ff48513          	addi	a0,s1,1023
    2528:	17630c63          	beq	t1,s6,26a0 <__divdf3+0x4a8>
    252c:	03db58b3          	divu	a7,s6,t4
    2530:	01065593          	srli	a1,a2,0x10
    2534:	03db7b33          	remu	s6,s6,t4
    2538:	031f06b3          	mul	a3,t5,a7
    253c:	0b42                	slli	s6,s6,0x10
    253e:	0165eb33          	or	s6,a1,s6
    2542:	00db7b63          	bgeu	s6,a3,2558 <__divdf3+0x360>
    2546:	9b1a                	add	s6,s6,t1
    2548:	fff88593          	addi	a1,a7,-1 # ffff <_data_lma+0x4deb>
    254c:	206b6d63          	bltu	s6,t1,2766 <__divdf3+0x56e>
    2550:	20db7b63          	bgeu	s6,a3,2766 <__divdf3+0x56e>
    2554:	18f9                	addi	a7,a7,-2
    2556:	9b1a                	add	s6,s6,t1
    2558:	40db0b33          	sub	s6,s6,a3
    255c:	03db56b3          	divu	a3,s6,t4
    2560:	0642                	slli	a2,a2,0x10
    2562:	8241                	srli	a2,a2,0x10
    2564:	03db7b33          	remu	s6,s6,t4
    2568:	02df0f33          	mul	t5,t5,a3
    256c:	0b42                	slli	s6,s6,0x10
    256e:	01666633          	or	a2,a2,s6
    2572:	01e67b63          	bgeu	a2,t5,2588 <__divdf3+0x390>
    2576:	961a                	add	a2,a2,t1
    2578:	fff68593          	addi	a1,a3,-1
    257c:	1e666763          	bltu	a2,t1,276a <__divdf3+0x572>
    2580:	1fe67563          	bgeu	a2,t5,276a <__divdf3+0x572>
    2584:	16f9                	addi	a3,a3,-2
    2586:	961a                	add	a2,a2,t1
    2588:	08c2                	slli	a7,a7,0x10
    258a:	00d8e8b3          	or	a7,a7,a3
    258e:	01089593          	slli	a1,a7,0x10
    2592:	0108d293          	srli	t0,a7,0x10
    2596:	81c1                	srli	a1,a1,0x10
    2598:	02f58eb3          	mul	t4,a1,a5
    259c:	41e60633          	sub	a2,a2,t5
    25a0:	02bf85b3          	mul	a1,t6,a1
    25a4:	010ed693          	srli	a3,t4,0x10
    25a8:	02f287b3          	mul	a5,t0,a5
    25ac:	95be                	add	a1,a1,a5
    25ae:	96ae                	add	a3,a3,a1
    25b0:	025f8fb3          	mul	t6,t6,t0
    25b4:	00f6f463          	bgeu	a3,a5,25bc <__divdf3+0x3c4>
    25b8:	67c1                	lui	a5,0x10
    25ba:	9fbe                	add	t6,t6,a5
    25bc:	65c1                	lui	a1,0x10
    25be:	15fd                	addi	a1,a1,-1
    25c0:	0106d793          	srli	a5,a3,0x10
    25c4:	8eed                	and	a3,a3,a1
    25c6:	06c2                	slli	a3,a3,0x10
    25c8:	00befeb3          	and	t4,t4,a1
    25cc:	9fbe                	add	t6,t6,a5
    25ce:	96f6                	add	a3,a3,t4
    25d0:	09f67f63          	bgeu	a2,t6,266e <__divdf3+0x476>
    25d4:	961a                	add	a2,a2,t1
    25d6:	fff88793          	addi	a5,a7,-1
    25da:	1a666963          	bltu	a2,t1,278c <__divdf3+0x594>
    25de:	19f66863          	bltu	a2,t6,276e <__divdf3+0x576>
    25e2:	1bf60f63          	beq	a2,t6,27a0 <__divdf3+0x5a8>
    25e6:	88be                	mv	a7,a5
    25e8:	0018e893          	ori	a7,a7,1
    25ec:	b511                	j	23f0 <__divdf3+0x1f8>
    25ee:	854a                	mv	a0,s2
    25f0:	410010ef          	jal	ra,3a00 <__clzsi2>
    25f4:	01550713          	addi	a4,a0,21
    25f8:	45f1                	li	a1,28
    25fa:	02050493          	addi	s1,a0,32
    25fe:	4622                	lw	a2,8(sp)
    2600:	46b2                	lw	a3,12(sp)
    2602:	d4e5dae3          	bge	a1,a4,2356 <__divdf3+0x15e>
    2606:	ff850413          	addi	s0,a0,-8
    260a:	00891a33          	sll	s4,s2,s0
    260e:	4b01                	li	s6,0
    2610:	b385                	j	2370 <__divdf3+0x178>
    2612:	8532                	mv	a0,a2
    2614:	c432                	sw	a2,8(sp)
    2616:	3ea010ef          	jal	ra,3a00 <__clzsi2>
    261a:	01550713          	addi	a4,a0,21
    261e:	46f1                	li	a3,28
    2620:	87aa                	mv	a5,a0
    2622:	4622                	lw	a2,8(sp)
    2624:	02050513          	addi	a0,a0,32
    2628:	cee6d6e3          	bge	a3,a4,2314 <__divdf3+0x11c>
    262c:	17e1                	addi	a5,a5,-8
    262e:	00f61733          	sll	a4,a2,a5
    2632:	4881                	li	a7,0
    2634:	b9e5                	j	232c <__divdf3+0x134>
    2636:	eecb70e3          	bgeu	s6,a2,2516 <__divdf3+0x31e>
    263a:	9b72                	add	s6,s6,t3
    263c:	01cb3533          	sltu	a0,s6,t3
    2640:	951a                	add	a0,a0,t1
    2642:	96aa                	add	a3,a3,a0
    2644:	fff70513          	addi	a0,a4,-1
    2648:	02d37863          	bgeu	t1,a3,2678 <__divdf3+0x480>
    264c:	10b6e663          	bltu	a3,a1,2758 <__divdf3+0x560>
    2650:	10d58263          	beq	a1,a3,2754 <__divdf3+0x55c>
    2654:	872a                	mv	a4,a0
    2656:	b5c1                	j	2516 <__divdf3+0x31e>
    2658:	df1b65e3          	bltu	s6,a7,2442 <__divdf3+0x24a>
    265c:	001b5593          	srli	a1,s6,0x1
    2660:	01fa1693          	slli	a3,s4,0x1f
    2664:	001a5413          	srli	s0,s4,0x1
    2668:	8ecd                	or	a3,a3,a1
    266a:	0b7e                	slli	s6,s6,0x1f
    266c:	bbf9                	j	244a <__divdf3+0x252>
    266e:	f7f61de3          	bne	a2,t6,25e8 <__divdf3+0x3f0>
    2672:	d6068fe3          	beqz	a3,23f0 <__divdf3+0x1f8>
    2676:	bfb9                	j	25d4 <__divdf3+0x3dc>
    2678:	fcd31ee3          	bne	t1,a3,2654 <__divdf3+0x45c>
    267c:	fdcb78e3          	bgeu	s6,t3,264c <__divdf3+0x454>
    2680:	872a                	mv	a4,a0
    2682:	bd51                	j	2516 <__divdf3+0x31e>
    2684:	00f8f793          	andi	a5,a7,15
    2688:	4691                	li	a3,4
    268a:	d6d789e3          	beq	a5,a3,23fc <__divdf3+0x204>
    268e:	ffc8b793          	sltiu	a5,a7,-4
    2692:	00488693          	addi	a3,a7,4
    2696:	0017c793          	xori	a5,a5,1
    269a:	828d                	srli	a3,a3,0x3
    269c:	973e                	add	a4,a4,a5
    269e:	b38d                	j	2400 <__divdf3+0x208>
    26a0:	4681                	li	a3,0
    26a2:	4785                	li	a5,1
    26a4:	fea04ce3          	bgtz	a0,269c <__divdf3+0x4a4>
    26a8:	58fd                	li	a7,-1
    26aa:	d0051ce3          	bnez	a0,23c2 <__divdf3+0x1ca>
    26ae:	c0100493          	li	s1,-1023
    26b2:	4785                	li	a5,1
    26b4:	41e48513          	addi	a0,s1,1054
    26b8:	00a716b3          	sll	a3,a4,a0
    26bc:	00f8d633          	srl	a2,a7,a5
    26c0:	00a89533          	sll	a0,a7,a0
    26c4:	8ed1                	or	a3,a3,a2
    26c6:	00a03533          	snez	a0,a0
    26ca:	8ec9                	or	a3,a3,a0
    26cc:	0076f613          	andi	a2,a3,7
    26d0:	00f75733          	srl	a4,a4,a5
    26d4:	ce01                	beqz	a2,26ec <__divdf3+0x4f4>
    26d6:	00f6f793          	andi	a5,a3,15
    26da:	4611                	li	a2,4
    26dc:	00c78863          	beq	a5,a2,26ec <__divdf3+0x4f4>
    26e0:	00468793          	addi	a5,a3,4
    26e4:	00d7b6b3          	sltu	a3,a5,a3
    26e8:	9736                	add	a4,a4,a3
    26ea:	86be                	mv	a3,a5
    26ec:	00871793          	slli	a5,a4,0x8
    26f0:	0407d863          	bgez	a5,2740 <__divdf3+0x548>
    26f4:	4605                	li	a2,1
    26f6:	4781                	li	a5,0
    26f8:	4701                	li	a4,0
    26fa:	b6f1                	j	22c6 <__divdf3+0xce>
    26fc:	8736                	mv	a4,a3
    26fe:	bb7d                	j	24bc <__divdf3+0x2c4>
    2700:	87b2                	mv	a5,a2
    2702:	b379                	j	2490 <__divdf3+0x298>
    2704:	46fd                	li	a3,31
    2706:	faf6d7e3          	bge	a3,a5,26b4 <__divdf3+0x4bc>
    270a:	5605                	li	a2,-31
    270c:	8e09                	sub	a2,a2,a0
    270e:	02000693          	li	a3,32
    2712:	00c75633          	srl	a2,a4,a2
    2716:	00d78863          	beq	a5,a3,2726 <__divdf3+0x52e>
    271a:	43e48793          	addi	a5,s1,1086
    271e:	00f717b3          	sll	a5,a4,a5
    2722:	00f8e8b3          	or	a7,a7,a5
    2726:	011036b3          	snez	a3,a7
    272a:	8ed1                	or	a3,a3,a2
    272c:	0076f613          	andi	a2,a3,7
    2730:	4781                	li	a5,0
    2732:	ce01                	beqz	a2,274a <__divdf3+0x552>
    2734:	00f6f793          	andi	a5,a3,15
    2738:	4611                	li	a2,4
    273a:	4701                	li	a4,0
    273c:	fac792e3          	bne	a5,a2,26e0 <__divdf3+0x4e8>
    2740:	00971793          	slli	a5,a4,0x9
    2744:	01d71613          	slli	a2,a4,0x1d
    2748:	83b1                	srli	a5,a5,0xc
    274a:	0036d713          	srli	a4,a3,0x3
    274e:	8f51                	or	a4,a4,a2
    2750:	4601                	li	a2,0
    2752:	be95                	j	22c6 <__divdf3+0xce>
    2754:	f0cb70e3          	bgeu	s6,a2,2654 <__divdf3+0x45c>
    2758:	9b72                	add	s6,s6,t3
    275a:	01cb3533          	sltu	a0,s6,t3
    275e:	951a                	add	a0,a0,t1
    2760:	1779                	addi	a4,a4,-2
    2762:	96aa                	add	a3,a3,a0
    2764:	bb4d                	j	2516 <__divdf3+0x31e>
    2766:	88ae                	mv	a7,a1
    2768:	bbc5                	j	2558 <__divdf3+0x360>
    276a:	86ae                	mv	a3,a1
    276c:	bd31                	j	2588 <__divdf3+0x390>
    276e:	001e1793          	slli	a5,t3,0x1
    2772:	01c7be33          	sltu	t3,a5,t3
    2776:	9372                	add	t1,t1,t3
    2778:	961a                	add	a2,a2,t1
    277a:	18f9                	addi	a7,a7,-2
    277c:	8e3e                	mv	t3,a5
    277e:	e7f615e3          	bne	a2,t6,25e8 <__divdf3+0x3f0>
    2782:	c6de07e3          	beq	t3,a3,23f0 <__divdf3+0x1f8>
    2786:	0018e893          	ori	a7,a7,1
    278a:	b19d                	j	23f0 <__divdf3+0x1f8>
    278c:	88be                	mv	a7,a5
    278e:	fff60ae3          	beq	a2,t6,2782 <__divdf3+0x58a>
    2792:	bd99                	j	25e8 <__divdf3+0x3f0>
    2794:	8836                	mv	a6,a3
    2796:	7ff00613          	li	a2,2047
    279a:	4781                	li	a5,0
    279c:	4701                	li	a4,0
    279e:	b625                	j	22c6 <__divdf3+0xce>
    27a0:	fcde67e3          	bltu	t3,a3,276e <__divdf3+0x576>
    27a4:	88be                	mv	a7,a5
    27a6:	fede10e3          	bne	t3,a3,2786 <__divdf3+0x58e>
    27aa:	b199                	j	23f0 <__divdf3+0x1f8>

000027ac <__muldf3>:
    27ac:	7139                	addi	sp,sp,-64
    27ae:	d84a                	sw	s2,48(sp)
    27b0:	0145d913          	srli	s2,a1,0x14
    27b4:	d64e                	sw	s3,44(sp)
    27b6:	d452                	sw	s4,40(sp)
    27b8:	d256                	sw	s5,36(sp)
    27ba:	00c59993          	slli	s3,a1,0xc
    27be:	de06                	sw	ra,60(sp)
    27c0:	dc22                	sw	s0,56(sp)
    27c2:	da26                	sw	s1,52(sp)
    27c4:	d05a                	sw	s6,32(sp)
    27c6:	ce5e                	sw	s7,28(sp)
    27c8:	7ff97913          	andi	s2,s2,2047
    27cc:	8a2a                	mv	s4,a0
    27ce:	00c9d993          	srli	s3,s3,0xc
    27d2:	01f5da93          	srli	s5,a1,0x1f
    27d6:	0e090d63          	beqz	s2,28d0 <__muldf3+0x124>
    27da:	7ff00793          	li	a5,2047
    27de:	18f90663          	beq	s2,a5,296a <__muldf3+0x1be>
    27e2:	01d55413          	srli	s0,a0,0x1d
    27e6:	098e                	slli	s3,s3,0x3
    27e8:	013469b3          	or	s3,s0,s3
    27ec:	00800437          	lui	s0,0x800
    27f0:	0089e433          	or	s0,s3,s0
    27f4:	00351493          	slli	s1,a0,0x3
    27f8:	c0190913          	addi	s2,s2,-1023
    27fc:	4981                	li	s3,0
    27fe:	4b81                	li	s7,0
    2800:	0146d713          	srli	a4,a3,0x14
    2804:	00c69a13          	slli	s4,a3,0xc
    2808:	7ff77713          	andi	a4,a4,2047
    280c:	85b2                	mv	a1,a2
    280e:	00ca5a13          	srli	s4,s4,0xc
    2812:	01f6db13          	srli	s6,a3,0x1f
    2816:	10070b63          	beqz	a4,292c <__muldf3+0x180>
    281a:	7ff00793          	li	a5,2047
    281e:	04f70363          	beq	a4,a5,2864 <__muldf3+0xb8>
    2822:	01d65793          	srli	a5,a2,0x1d
    2826:	0a0e                	slli	s4,s4,0x3
    2828:	0147ea33          	or	s4,a5,s4
    282c:	c0170713          	addi	a4,a4,-1023
    2830:	008007b7          	lui	a5,0x800
    2834:	00fa67b3          	or	a5,s4,a5
    2838:	00361593          	slli	a1,a2,0x3
    283c:	993a                	add	s2,s2,a4
    283e:	4881                	li	a7,0
    2840:	016ac733          	xor	a4,s5,s6
    2844:	46bd                	li	a3,15
    2846:	853a                	mv	a0,a4
    2848:	00190813          	addi	a6,s2,1
    284c:	1736e863          	bltu	a3,s3,29bc <__muldf3+0x210>
    2850:	00008617          	auipc	a2,0x8
    2854:	46060613          	addi	a2,a2,1120 # acb0 <mode_name.5943+0x90>
    2858:	098a                	slli	s3,s3,0x2
    285a:	99b2                	add	s3,s3,a2
    285c:	0009a683          	lw	a3,0(s3)
    2860:	96b2                	add	a3,a3,a2
    2862:	8682                	jr	a3
    2864:	00ca67b3          	or	a5,s4,a2
    2868:	7ff90913          	addi	s2,s2,2047
    286c:	12079963          	bnez	a5,299e <__muldf3+0x1f2>
    2870:	0029e993          	ori	s3,s3,2
    2874:	4581                	li	a1,0
    2876:	4889                	li	a7,2
    2878:	b7e1                	j	2840 <__muldf3+0x94>
    287a:	4701                	li	a4,0
    287c:	7ff00793          	li	a5,2047
    2880:	00080437          	lui	s0,0x80
    2884:	4481                	li	s1,0
    2886:	0432                	slli	s0,s0,0xc
    2888:	07d2                	slli	a5,a5,0x14
    288a:	8031                	srli	s0,s0,0xc
    288c:	077e                	slli	a4,a4,0x1f
    288e:	8c5d                	or	s0,s0,a5
    2890:	8c59                	or	s0,s0,a4
    2892:	85a2                	mv	a1,s0
    2894:	50f2                	lw	ra,60(sp)
    2896:	5462                	lw	s0,56(sp)
    2898:	8526                	mv	a0,s1
    289a:	5942                	lw	s2,48(sp)
    289c:	54d2                	lw	s1,52(sp)
    289e:	59b2                	lw	s3,44(sp)
    28a0:	5a22                	lw	s4,40(sp)
    28a2:	5a92                	lw	s5,36(sp)
    28a4:	5b02                	lw	s6,32(sp)
    28a6:	4bf2                	lw	s7,28(sp)
    28a8:	6121                	addi	sp,sp,64
    28aa:	8082                	ret
    28ac:	855a                	mv	a0,s6
    28ae:	843e                	mv	s0,a5
    28b0:	84ae                	mv	s1,a1
    28b2:	8bc6                	mv	s7,a7
    28b4:	4789                	li	a5,2
    28b6:	0efb8d63          	beq	s7,a5,29b0 <__muldf3+0x204>
    28ba:	478d                	li	a5,3
    28bc:	fafb8fe3          	beq	s7,a5,287a <__muldf3+0xce>
    28c0:	4785                	li	a5,1
    28c2:	872a                	mv	a4,a0
    28c4:	38fb9e63          	bne	s7,a5,2c60 <__muldf3+0x4b4>
    28c8:	4781                	li	a5,0
    28ca:	4401                	li	s0,0
    28cc:	4481                	li	s1,0
    28ce:	bf65                	j	2886 <__muldf3+0xda>
    28d0:	00a9e433          	or	s0,s3,a0
    28d4:	c061                	beqz	s0,2994 <__muldf3+0x1e8>
    28d6:	c636                	sw	a3,12(sp)
    28d8:	c432                	sw	a2,8(sp)
    28da:	2a098c63          	beqz	s3,2b92 <__muldf3+0x3e6>
    28de:	854e                	mv	a0,s3
    28e0:	120010ef          	jal	ra,3a00 <__clzsi2>
    28e4:	4622                	lw	a2,8(sp)
    28e6:	46b2                	lw	a3,12(sp)
    28e8:	87aa                	mv	a5,a0
    28ea:	ff550713          	addi	a4,a0,-11
    28ee:	4475                	li	s0,29
    28f0:	ff878493          	addi	s1,a5,-8 # 7ffff8 <_data_lma+0x7f4de4>
    28f4:	8c19                	sub	s0,s0,a4
    28f6:	009999b3          	sll	s3,s3,s1
    28fa:	008a5433          	srl	s0,s4,s0
    28fe:	01346433          	or	s0,s0,s3
    2902:	009a14b3          	sll	s1,s4,s1
    2906:	0146d713          	srli	a4,a3,0x14
    290a:	c0d00913          	li	s2,-1011
    290e:	00c69a13          	slli	s4,a3,0xc
    2912:	7ff77713          	andi	a4,a4,2047
    2916:	40f90933          	sub	s2,s2,a5
    291a:	4981                	li	s3,0
    291c:	4b81                	li	s7,0
    291e:	85b2                	mv	a1,a2
    2920:	00ca5a13          	srli	s4,s4,0xc
    2924:	01f6db13          	srli	s6,a3,0x1f
    2928:	ee0719e3          	bnez	a4,281a <__muldf3+0x6e>
    292c:	00ca67b3          	or	a5,s4,a2
    2930:	c7b1                	beqz	a5,297c <__muldf3+0x1d0>
    2932:	220a0f63          	beqz	s4,2b70 <__muldf3+0x3c4>
    2936:	8552                	mv	a0,s4
    2938:	c432                	sw	a2,8(sp)
    293a:	0c6010ef          	jal	ra,3a00 <__clzsi2>
    293e:	4622                	lw	a2,8(sp)
    2940:	872a                	mv	a4,a0
    2942:	ff550693          	addi	a3,a0,-11
    2946:	47f5                	li	a5,29
    2948:	ff870593          	addi	a1,a4,-8
    294c:	8f95                	sub	a5,a5,a3
    294e:	00ba1a33          	sll	s4,s4,a1
    2952:	00f657b3          	srl	a5,a2,a5
    2956:	0147e7b3          	or	a5,a5,s4
    295a:	00b615b3          	sll	a1,a2,a1
    295e:	40e90933          	sub	s2,s2,a4
    2962:	c0d90913          	addi	s2,s2,-1011
    2966:	4881                	li	a7,0
    2968:	bde1                	j	2840 <__muldf3+0x94>
    296a:	00a9e433          	or	s0,s3,a0
    296e:	ec01                	bnez	s0,2986 <__muldf3+0x1da>
    2970:	49a1                	li	s3,8
    2972:	4481                	li	s1,0
    2974:	7ff00913          	li	s2,2047
    2978:	4b89                	li	s7,2
    297a:	b559                	j	2800 <__muldf3+0x54>
    297c:	0019e993          	ori	s3,s3,1
    2980:	4581                	li	a1,0
    2982:	4885                	li	a7,1
    2984:	bd75                	j	2840 <__muldf3+0x94>
    2986:	844e                	mv	s0,s3
    2988:	84aa                	mv	s1,a0
    298a:	49b1                	li	s3,12
    298c:	7ff00913          	li	s2,2047
    2990:	4b8d                	li	s7,3
    2992:	b5bd                	j	2800 <__muldf3+0x54>
    2994:	4991                	li	s3,4
    2996:	4481                	li	s1,0
    2998:	4901                	li	s2,0
    299a:	4b85                	li	s7,1
    299c:	b595                	j	2800 <__muldf3+0x54>
    299e:	0039e993          	ori	s3,s3,3
    29a2:	87d2                	mv	a5,s4
    29a4:	488d                	li	a7,3
    29a6:	bd69                	j	2840 <__muldf3+0x94>
    29a8:	4789                	li	a5,2
    29aa:	8556                	mv	a0,s5
    29ac:	f0fb97e3          	bne	s7,a5,28ba <__muldf3+0x10e>
    29b0:	872a                	mv	a4,a0
    29b2:	7ff00793          	li	a5,2047
    29b6:	4401                	li	s0,0
    29b8:	4481                	li	s1,0
    29ba:	b5f1                	j	2886 <__muldf3+0xda>
    29bc:	6ec1                	lui	t4,0x10
    29be:	fffe8613          	addi	a2,t4,-1 # ffff <_data_lma+0x4deb>
    29c2:	0104d693          	srli	a3,s1,0x10
    29c6:	0105de13          	srli	t3,a1,0x10
    29ca:	8cf1                	and	s1,s1,a2
    29cc:	8df1                	and	a1,a1,a2
    29ce:	02958633          	mul	a2,a1,s1
    29d2:	02b68333          	mul	t1,a3,a1
    29d6:	01065893          	srli	a7,a2,0x10
    29da:	029e0533          	mul	a0,t3,s1
    29de:	951a                	add	a0,a0,t1
    29e0:	98aa                	add	a7,a7,a0
    29e2:	03c682b3          	mul	t0,a3,t3
    29e6:	0068f363          	bgeu	a7,t1,29ec <__muldf3+0x240>
    29ea:	92f6                	add	t0,t0,t4
    29ec:	6fc1                	lui	t6,0x10
    29ee:	ffff8313          	addi	t1,t6,-1 # ffff <_data_lma+0x4deb>
    29f2:	0067f533          	and	a0,a5,t1
    29f6:	0107d393          	srli	t2,a5,0x10
    29fa:	0068f7b3          	and	a5,a7,t1
    29fe:	07c2                	slli	a5,a5,0x10
    2a00:	00667333          	and	t1,a2,t1
    2a04:	933e                	add	t1,t1,a5
    2a06:	02950633          	mul	a2,a0,s1
    2a0a:	0108d893          	srli	a7,a7,0x10
    2a0e:	02a687b3          	mul	a5,a3,a0
    2a12:	01065f13          	srli	t5,a2,0x10
    2a16:	029384b3          	mul	s1,t2,s1
    2a1a:	94be                	add	s1,s1,a5
    2a1c:	94fa                	add	s1,s1,t5
    2a1e:	02768eb3          	mul	t4,a3,t2
    2a22:	00f4f363          	bgeu	s1,a5,2a28 <__muldf3+0x27c>
    2a26:	9efe                	add	t4,t4,t6
    2a28:	6a41                	lui	s4,0x10
    2a2a:	fffa0793          	addi	a5,s4,-1 # ffff <_data_lma+0x4deb>
    2a2e:	01045f93          	srli	t6,s0,0x10
    2a32:	00f476b3          	and	a3,s0,a5
    2a36:	00f4f9b3          	and	s3,s1,a5
    2a3a:	8e7d                	and	a2,a2,a5
    2a3c:	80c1                	srli	s1,s1,0x10
    2a3e:	02d58433          	mul	s0,a1,a3
    2a42:	09c2                	slli	s3,s3,0x10
    2a44:	01d48f33          	add	t5,s1,t4
    2a48:	99b2                	add	s3,s3,a2
    2a4a:	98ce                	add	a7,a7,s3
    2a4c:	02de07b3          	mul	a5,t3,a3
    2a50:	01045e93          	srli	t4,s0,0x10
    2a54:	02bf85b3          	mul	a1,t6,a1
    2a58:	97ae                	add	a5,a5,a1
    2a5a:	9ebe                	add	t4,t4,a5
    2a5c:	03fe0e33          	mul	t3,t3,t6
    2a60:	00bef363          	bgeu	t4,a1,2a66 <__muldf3+0x2ba>
    2a64:	9e52                	add	t3,t3,s4
    2a66:	67c1                	lui	a5,0x10
    2a68:	fff78593          	addi	a1,a5,-1 # ffff <_data_lma+0x4deb>
    2a6c:	00bef633          	and	a2,t4,a1
    2a70:	8c6d                	and	s0,s0,a1
    2a72:	0642                	slli	a2,a2,0x10
    2a74:	9622                	add	a2,a2,s0
    2a76:	010ede93          	srli	t4,t4,0x10
    2a7a:	02d505b3          	mul	a1,a0,a3
    2a7e:	9e76                	add	t3,t3,t4
    2a80:	02af8533          	mul	a0,t6,a0
    2a84:	0105d413          	srli	s0,a1,0x10
    2a88:	02d386b3          	mul	a3,t2,a3
    2a8c:	96aa                	add	a3,a3,a0
    2a8e:	96a2                	add	a3,a3,s0
    2a90:	03f38fb3          	mul	t6,t2,t6
    2a94:	00a6f363          	bgeu	a3,a0,2a9a <__muldf3+0x2ee>
    2a98:	9fbe                	add	t6,t6,a5
    2a9a:	6541                	lui	a0,0x10
    2a9c:	157d                	addi	a0,a0,-1
    2a9e:	00a6f7b3          	and	a5,a3,a0
    2aa2:	07c2                	slli	a5,a5,0x10
    2aa4:	8d6d                	and	a0,a0,a1
    2aa6:	97aa                	add	a5,a5,a0
    2aa8:	005885b3          	add	a1,a7,t0
    2aac:	0135b9b3          	sltu	s3,a1,s3
    2ab0:	97fa                	add	a5,a5,t5
    2ab2:	95b2                	add	a1,a1,a2
    2ab4:	01378433          	add	s0,a5,s3
    2ab8:	00c5b633          	sltu	a2,a1,a2
    2abc:	01c40eb3          	add	t4,s0,t3
    2ac0:	00ce8533          	add	a0,t4,a2
    2ac4:	01343433          	sltu	s0,s0,s3
    2ac8:	01e7b7b3          	sltu	a5,a5,t5
    2acc:	8fc1                	or	a5,a5,s0
    2ace:	01cebe33          	sltu	t3,t4,t3
    2ad2:	0106d413          	srli	s0,a3,0x10
    2ad6:	00c53633          	sltu	a2,a0,a2
    2ada:	943e                	add	s0,s0,a5
    2adc:	00ce6633          	or	a2,t3,a2
    2ae0:	00959493          	slli	s1,a1,0x9
    2ae4:	9432                	add	s0,s0,a2
    2ae6:	947e                	add	s0,s0,t6
    2ae8:	0064e4b3          	or	s1,s1,t1
    2aec:	0426                	slli	s0,s0,0x9
    2aee:	01755693          	srli	a3,a0,0x17
    2af2:	009034b3          	snez	s1,s1
    2af6:	81dd                	srli	a1,a1,0x17
    2af8:	00951793          	slli	a5,a0,0x9
    2afc:	8ccd                	or	s1,s1,a1
    2afe:	8c55                	or	s0,s0,a3
    2b00:	8cdd                	or	s1,s1,a5
    2b02:	00741793          	slli	a5,s0,0x7
    2b06:	0007db63          	bgez	a5,2b1c <__muldf3+0x370>
    2b0a:	0014d793          	srli	a5,s1,0x1
    2b0e:	8885                	andi	s1,s1,1
    2b10:	01f41693          	slli	a3,s0,0x1f
    2b14:	8cdd                	or	s1,s1,a5
    2b16:	8cd5                	or	s1,s1,a3
    2b18:	8005                	srli	s0,s0,0x1
    2b1a:	8942                	mv	s2,a6
    2b1c:	3ff90793          	addi	a5,s2,1023
    2b20:	08f05963          	blez	a5,2bb2 <__muldf3+0x406>
    2b24:	0074f693          	andi	a3,s1,7
    2b28:	ce81                	beqz	a3,2b40 <__muldf3+0x394>
    2b2a:	00f4f693          	andi	a3,s1,15
    2b2e:	4611                	li	a2,4
    2b30:	00c68863          	beq	a3,a2,2b40 <__muldf3+0x394>
    2b34:	00448693          	addi	a3,s1,4
    2b38:	0096b4b3          	sltu	s1,a3,s1
    2b3c:	9426                	add	s0,s0,s1
    2b3e:	84b6                	mv	s1,a3
    2b40:	00741693          	slli	a3,s0,0x7
    2b44:	0006d863          	bgez	a3,2b54 <__muldf3+0x3a8>
    2b48:	ff0007b7          	lui	a5,0xff000
    2b4c:	17fd                	addi	a5,a5,-1
    2b4e:	8c7d                	and	s0,s0,a5
    2b50:	40090793          	addi	a5,s2,1024
    2b54:	7fe00693          	li	a3,2046
    2b58:	0ef6cf63          	blt	a3,a5,2c56 <__muldf3+0x4aa>
    2b5c:	0034d693          	srli	a3,s1,0x3
    2b60:	01d41493          	slli	s1,s0,0x1d
    2b64:	0426                	slli	s0,s0,0x9
    2b66:	8cd5                	or	s1,s1,a3
    2b68:	8031                	srli	s0,s0,0xc
    2b6a:	7ff7f793          	andi	a5,a5,2047
    2b6e:	bb21                	j	2886 <__muldf3+0xda>
    2b70:	8532                	mv	a0,a2
    2b72:	c432                	sw	a2,8(sp)
    2b74:	68d000ef          	jal	ra,3a00 <__clzsi2>
    2b78:	01550693          	addi	a3,a0,21 # 10015 <_data_lma+0x4e01>
    2b7c:	47f1                	li	a5,28
    2b7e:	02050713          	addi	a4,a0,32
    2b82:	4622                	lw	a2,8(sp)
    2b84:	dcd7d1e3          	bge	a5,a3,2946 <__muldf3+0x19a>
    2b88:	1561                	addi	a0,a0,-8
    2b8a:	00a617b3          	sll	a5,a2,a0
    2b8e:	4581                	li	a1,0
    2b90:	b3f9                	j	295e <__muldf3+0x1b2>
    2b92:	66f000ef          	jal	ra,3a00 <__clzsi2>
    2b96:	01550713          	addi	a4,a0,21
    2b9a:	45f1                	li	a1,28
    2b9c:	02050793          	addi	a5,a0,32
    2ba0:	4622                	lw	a2,8(sp)
    2ba2:	46b2                	lw	a3,12(sp)
    2ba4:	d4e5d5e3          	bge	a1,a4,28ee <__muldf3+0x142>
    2ba8:	1561                	addi	a0,a0,-8
    2baa:	00aa1433          	sll	s0,s4,a0
    2bae:	4481                	li	s1,0
    2bb0:	bb99                	j	2906 <__muldf3+0x15a>
    2bb2:	4685                	li	a3,1
    2bb4:	8e9d                	sub	a3,a3,a5
    2bb6:	e7b1                	bnez	a5,2c02 <__muldf3+0x456>
    2bb8:	41e90913          	addi	s2,s2,1054
    2bbc:	012497b3          	sll	a5,s1,s2
    2bc0:	00d4d4b3          	srl	s1,s1,a3
    2bc4:	01241933          	sll	s2,s0,s2
    2bc8:	00f037b3          	snez	a5,a5
    2bcc:	009964b3          	or	s1,s2,s1
    2bd0:	8cdd                	or	s1,s1,a5
    2bd2:	0074f793          	andi	a5,s1,7
    2bd6:	00d456b3          	srl	a3,s0,a3
    2bda:	cf81                	beqz	a5,2bf2 <__muldf3+0x446>
    2bdc:	00f4f793          	andi	a5,s1,15
    2be0:	4611                	li	a2,4
    2be2:	00c78863          	beq	a5,a2,2bf2 <__muldf3+0x446>
    2be6:	00448793          	addi	a5,s1,4
    2bea:	0097b4b3          	sltu	s1,a5,s1
    2bee:	96a6                	add	a3,a3,s1
    2bf0:	84be                	mv	s1,a5
    2bf2:	00869793          	slli	a5,a3,0x8
    2bf6:	0407d863          	bgez	a5,2c46 <__muldf3+0x49a>
    2bfa:	4785                	li	a5,1
    2bfc:	4401                	li	s0,0
    2bfe:	4481                	li	s1,0
    2c00:	b159                	j	2886 <__muldf3+0xda>
    2c02:	03800613          	li	a2,56
    2c06:	ccd641e3          	blt	a2,a3,28c8 <__muldf3+0x11c>
    2c0a:	467d                	li	a2,31
    2c0c:	fad656e3          	bge	a2,a3,2bb8 <__muldf3+0x40c>
    2c10:	5605                	li	a2,-31
    2c12:	40f607b3          	sub	a5,a2,a5
    2c16:	02000593          	li	a1,32
    2c1a:	00f45633          	srl	a2,s0,a5
    2c1e:	00b68763          	beq	a3,a1,2c2c <__muldf3+0x480>
    2c22:	43e90913          	addi	s2,s2,1086
    2c26:	012417b3          	sll	a5,s0,s2
    2c2a:	8cdd                	or	s1,s1,a5
    2c2c:	009034b3          	snez	s1,s1
    2c30:	8cd1                	or	s1,s1,a2
    2c32:	0074f693          	andi	a3,s1,7
    2c36:	4401                	li	s0,0
    2c38:	ca99                	beqz	a3,2c4e <__muldf3+0x4a2>
    2c3a:	00f4f793          	andi	a5,s1,15
    2c3e:	4611                	li	a2,4
    2c40:	4681                	li	a3,0
    2c42:	fac792e3          	bne	a5,a2,2be6 <__muldf3+0x43a>
    2c46:	00969413          	slli	s0,a3,0x9
    2c4a:	8031                	srli	s0,s0,0xc
    2c4c:	06f6                	slli	a3,a3,0x1d
    2c4e:	808d                	srli	s1,s1,0x3
    2c50:	8cd5                	or	s1,s1,a3
    2c52:	4781                	li	a5,0
    2c54:	b90d                	j	2886 <__muldf3+0xda>
    2c56:	7ff00793          	li	a5,2047
    2c5a:	4401                	li	s0,0
    2c5c:	4481                	li	s1,0
    2c5e:	b125                	j	2886 <__muldf3+0xda>
    2c60:	8942                	mv	s2,a6
    2c62:	bd6d                	j	2b1c <__muldf3+0x370>

00002c64 <__floatsidf>:
    2c64:	1141                	addi	sp,sp,-16
    2c66:	c606                	sw	ra,12(sp)
    2c68:	c422                	sw	s0,8(sp)
    2c6a:	c226                	sw	s1,4(sp)
    2c6c:	cd0d                	beqz	a0,2ca6 <__floatsidf+0x42>
    2c6e:	41f55793          	srai	a5,a0,0x1f
    2c72:	00a7c4b3          	xor	s1,a5,a0
    2c76:	8c9d                	sub	s1,s1,a5
    2c78:	842a                	mv	s0,a0
    2c7a:	8526                	mv	a0,s1
    2c7c:	585000ef          	jal	ra,3a00 <__clzsi2>
    2c80:	41e00693          	li	a3,1054
    2c84:	8e89                	sub	a3,a3,a0
    2c86:	47a9                	li	a5,10
    2c88:	807d                	srli	s0,s0,0x1f
    2c8a:	7ff6f693          	andi	a3,a3,2047
    2c8e:	02a7cd63          	blt	a5,a0,2cc8 <__floatsidf+0x64>
    2c92:	472d                	li	a4,11
    2c94:	8f09                	sub	a4,a4,a0
    2c96:	00e4d7b3          	srl	a5,s1,a4
    2c9a:	0555                	addi	a0,a0,21
    2c9c:	07b2                	slli	a5,a5,0xc
    2c9e:	00a494b3          	sll	s1,s1,a0
    2ca2:	83b1                	srli	a5,a5,0xc
    2ca4:	a029                	j	2cae <__floatsidf+0x4a>
    2ca6:	4401                	li	s0,0
    2ca8:	4681                	li	a3,0
    2caa:	4781                	li	a5,0
    2cac:	4481                	li	s1,0
    2cae:	07b2                	slli	a5,a5,0xc
    2cb0:	06d2                	slli	a3,a3,0x14
    2cb2:	83b1                	srli	a5,a5,0xc
    2cb4:	047e                	slli	s0,s0,0x1f
    2cb6:	8fd5                	or	a5,a5,a3
    2cb8:	8fc1                	or	a5,a5,s0
    2cba:	40b2                	lw	ra,12(sp)
    2cbc:	4422                	lw	s0,8(sp)
    2cbe:	8526                	mv	a0,s1
    2cc0:	85be                	mv	a1,a5
    2cc2:	4492                	lw	s1,4(sp)
    2cc4:	0141                	addi	sp,sp,16
    2cc6:	8082                	ret
    2cc8:	1555                	addi	a0,a0,-11
    2cca:	00a497b3          	sll	a5,s1,a0
    2cce:	07b2                	slli	a5,a5,0xc
    2cd0:	83b1                	srli	a5,a5,0xc
    2cd2:	4481                	li	s1,0
    2cd4:	bfe9                	j	2cae <__floatsidf+0x4a>

00002cd6 <__addsf3>:
    2cd6:	1141                	addi	sp,sp,-16
    2cd8:	00800737          	lui	a4,0x800
    2cdc:	177d                	addi	a4,a4,-1
    2cde:	0175d813          	srli	a6,a1,0x17
    2ce2:	c226                	sw	s1,4(sp)
    2ce4:	01755493          	srli	s1,a0,0x17
    2ce8:	00a77333          	and	t1,a4,a0
    2cec:	0ff4f493          	andi	s1,s1,255
    2cf0:	00b776b3          	and	a3,a4,a1
    2cf4:	c04a                	sw	s2,0(sp)
    2cf6:	0ff87813          	andi	a6,a6,255
    2cfa:	01f55913          	srli	s2,a0,0x1f
    2cfe:	c606                	sw	ra,12(sp)
    2d00:	c422                	sw	s0,8(sp)
    2d02:	81fd                	srli	a1,a1,0x1f
    2d04:	879a                	mv	a5,t1
    2d06:	8526                	mv	a0,s1
    2d08:	864a                	mv	a2,s2
    2d0a:	00331e13          	slli	t3,t1,0x3
    2d0e:	00369e93          	slli	t4,a3,0x3
    2d12:	410488b3          	sub	a7,s1,a6
    2d16:	0eb90a63          	beq	s2,a1,2e0a <__addsf3+0x134>
    2d1a:	0d105063          	blez	a7,2dda <__addsf3+0x104>
    2d1e:	14080463          	beqz	a6,2e66 <__addsf3+0x190>
    2d22:	0ff00793          	li	a5,255
    2d26:	14f48b63          	beq	s1,a5,2e7c <__addsf3+0x1a6>
    2d2a:	040007b7          	lui	a5,0x4000
    2d2e:	00feeeb3          	or	t4,t4,a5
    2d32:	47ed                	li	a5,27
    2d34:	2917c163          	blt	a5,a7,2fb6 <__addsf3+0x2e0>
    2d38:	02000793          	li	a5,32
    2d3c:	411787b3          	sub	a5,a5,a7
    2d40:	00fe97b3          	sll	a5,t4,a5
    2d44:	011ed8b3          	srl	a7,t4,a7
    2d48:	00f037b3          	snez	a5,a5
    2d4c:	00f8e7b3          	or	a5,a7,a5
    2d50:	40fe07b3          	sub	a5,t3,a5
    2d54:	00579713          	slli	a4,a5,0x5
    2d58:	18075e63          	bgez	a4,2ef4 <__addsf3+0x21e>
    2d5c:	04000437          	lui	s0,0x4000
    2d60:	147d                	addi	s0,s0,-1
    2d62:	8c7d                	and	s0,s0,a5
    2d64:	8522                	mv	a0,s0
    2d66:	49b000ef          	jal	ra,3a00 <__clzsi2>
    2d6a:	156d                	addi	a0,a0,-5
    2d6c:	00a417b3          	sll	a5,s0,a0
    2d70:	1a954863          	blt	a0,s1,2f20 <__addsf3+0x24a>
    2d74:	8d05                	sub	a0,a0,s1
    2d76:	00150413          	addi	s0,a0,1
    2d7a:	02000713          	li	a4,32
    2d7e:	8f01                	sub	a4,a4,s0
    2d80:	00e79733          	sll	a4,a5,a4
    2d84:	00e03733          	snez	a4,a4
    2d88:	0087d7b3          	srl	a5,a5,s0
    2d8c:	8fd9                	or	a5,a5,a4
    2d8e:	4481                	li	s1,0
    2d90:	0077f713          	andi	a4,a5,7
    2d94:	c719                	beqz	a4,2da2 <__addsf3+0xcc>
    2d96:	00f7f713          	andi	a4,a5,15
    2d9a:	4691                	li	a3,4
    2d9c:	00d70363          	beq	a4,a3,2da2 <__addsf3+0xcc>
    2da0:	0791                	addi	a5,a5,4
    2da2:	00579713          	slli	a4,a5,0x5
    2da6:	14075b63          	bgez	a4,2efc <__addsf3+0x226>
    2daa:	0485                	addi	s1,s1,1
    2dac:	0ff00713          	li	a4,255
    2db0:	864a                	mv	a2,s2
    2db2:	16e48363          	beq	s1,a4,2f18 <__addsf3+0x242>
    2db6:	079a                	slli	a5,a5,0x6
    2db8:	83a5                	srli	a5,a5,0x9
    2dba:	0ff4f513          	andi	a0,s1,255
    2dbe:	40b2                	lw	ra,12(sp)
    2dc0:	4422                	lw	s0,8(sp)
    2dc2:	07a6                	slli	a5,a5,0x9
    2dc4:	01751493          	slli	s1,a0,0x17
    2dc8:	0097d513          	srli	a0,a5,0x9
    2dcc:	8d45                	or	a0,a0,s1
    2dce:	067e                	slli	a2,a2,0x1f
    2dd0:	4492                	lw	s1,4(sp)
    2dd2:	4902                	lw	s2,0(sp)
    2dd4:	8d51                	or	a0,a0,a2
    2dd6:	0141                	addi	sp,sp,16
    2dd8:	8082                	ret
    2dda:	0a089963          	bnez	a7,2e8c <__addsf3+0x1b6>
    2dde:	00148713          	addi	a4,s1,1
    2de2:	0fe77713          	andi	a4,a4,254
    2de6:	14071763          	bnez	a4,2f34 <__addsf3+0x25e>
    2dea:	22049063          	bnez	s1,300a <__addsf3+0x334>
    2dee:	1e0e0d63          	beqz	t3,2fe8 <__addsf3+0x312>
    2df2:	fc0e86e3          	beqz	t4,2dbe <__addsf3+0xe8>
    2df6:	41de07b3          	sub	a5,t3,t4
    2dfa:	00579713          	slli	a4,a5,0x5
    2dfe:	22075063          	bgez	a4,301e <__addsf3+0x348>
    2e02:	41ce87b3          	sub	a5,t4,t3
    2e06:	892e                	mv	s2,a1
    2e08:	b761                	j	2d90 <__addsf3+0xba>
    2e0a:	0b105c63          	blez	a7,2ec2 <__addsf3+0x1ec>
    2e0e:	08080e63          	beqz	a6,2eaa <__addsf3+0x1d4>
    2e12:	0ff00793          	li	a5,255
    2e16:	06f48363          	beq	s1,a5,2e7c <__addsf3+0x1a6>
    2e1a:	040007b7          	lui	a5,0x4000
    2e1e:	00feeeb3          	or	t4,t4,a5
    2e22:	47ed                	li	a5,27
    2e24:	1f17c963          	blt	a5,a7,3016 <__addsf3+0x340>
    2e28:	02000793          	li	a5,32
    2e2c:	411787b3          	sub	a5,a5,a7
    2e30:	00fe97b3          	sll	a5,t4,a5
    2e34:	011ed8b3          	srl	a7,t4,a7
    2e38:	00f037b3          	snez	a5,a5
    2e3c:	00f8e7b3          	or	a5,a7,a5
    2e40:	97f2                	add	a5,a5,t3
    2e42:	00579713          	slli	a4,a5,0x5
    2e46:	0a075763          	bgez	a4,2ef4 <__addsf3+0x21e>
    2e4a:	0485                	addi	s1,s1,1
    2e4c:	0ff00713          	li	a4,255
    2e50:	0ce48463          	beq	s1,a4,2f18 <__addsf3+0x242>
    2e54:	7e0006b7          	lui	a3,0x7e000
    2e58:	0017d713          	srli	a4,a5,0x1
    2e5c:	16fd                	addi	a3,a3,-1
    2e5e:	8b85                	andi	a5,a5,1
    2e60:	8f75                	and	a4,a4,a3
    2e62:	8fd9                	or	a5,a5,a4
    2e64:	b735                	j	2d90 <__addsf3+0xba>
    2e66:	080e8d63          	beqz	t4,2f00 <__addsf3+0x22a>
    2e6a:	18fd                	addi	a7,a7,-1
    2e6c:	41de07b3          	sub	a5,t3,t4
    2e70:	ee0882e3          	beqz	a7,2d54 <__addsf3+0x7e>
    2e74:	0ff00793          	li	a5,255
    2e78:	eaf49de3          	bne	s1,a5,2d32 <__addsf3+0x5c>
    2e7c:	08030d63          	beqz	t1,2f16 <__addsf3+0x240>
    2e80:	4601                	li	a2,0
    2e82:	0ff00513          	li	a0,255
    2e86:	004007b7          	lui	a5,0x400
    2e8a:	bf15                	j	2dbe <__addsf3+0xe8>
    2e8c:	40980733          	sub	a4,a6,s1
    2e90:	e8ed                	bnez	s1,2f82 <__addsf3+0x2ac>
    2e92:	140e0263          	beqz	t3,2fd6 <__addsf3+0x300>
    2e96:	177d                	addi	a4,a4,-1
    2e98:	18070863          	beqz	a4,3028 <__addsf3+0x352>
    2e9c:	0ff00793          	li	a5,255
    2ea0:	0ef81963          	bne	a6,a5,2f92 <__addsf3+0x2bc>
    2ea4:	892e                	mv	s2,a1
    2ea6:	8336                	mv	t1,a3
    2ea8:	bfd1                	j	2e7c <__addsf3+0x1a6>
    2eaa:	040e8b63          	beqz	t4,2f00 <__addsf3+0x22a>
    2eae:	18fd                	addi	a7,a7,-1
    2eb0:	01de07b3          	add	a5,t3,t4
    2eb4:	f80887e3          	beqz	a7,2e42 <__addsf3+0x16c>
    2eb8:	0ff00793          	li	a5,255
    2ebc:	f6f493e3          	bne	s1,a5,2e22 <__addsf3+0x14c>
    2ec0:	bf75                	j	2e7c <__addsf3+0x1a6>
    2ec2:	08089563          	bnez	a7,2f4c <__addsf3+0x276>
    2ec6:	0485                	addi	s1,s1,1
    2ec8:	0fe4f713          	andi	a4,s1,254
    2ecc:	12071363          	bnez	a4,2ff2 <__addsf3+0x31c>
    2ed0:	10051763          	bnez	a0,2fde <__addsf3+0x308>
    2ed4:	140e0f63          	beqz	t3,3032 <__addsf3+0x35c>
    2ed8:	ee0e83e3          	beqz	t4,2dbe <__addsf3+0xe8>
    2edc:	01de07b3          	add	a5,t3,t4
    2ee0:	00579713          	slli	a4,a5,0x5
    2ee4:	4481                	li	s1,0
    2ee6:	00075763          	bgez	a4,2ef4 <__addsf3+0x21e>
    2eea:	fc000737          	lui	a4,0xfc000
    2eee:	177d                	addi	a4,a4,-1
    2ef0:	8ff9                	and	a5,a5,a4
    2ef2:	4485                	li	s1,1
    2ef4:	0077f713          	andi	a4,a5,7
    2ef8:	e8071fe3          	bnez	a4,2d96 <__addsf3+0xc0>
    2efc:	0037d313          	srli	t1,a5,0x3
    2f00:	0ff00793          	li	a5,255
    2f04:	f6f48ce3          	beq	s1,a5,2e7c <__addsf3+0x1a6>
    2f08:	00931793          	slli	a5,t1,0x9
    2f0c:	83a5                	srli	a5,a5,0x9
    2f0e:	0ff4f513          	andi	a0,s1,255
    2f12:	864a                	mv	a2,s2
    2f14:	b56d                	j	2dbe <__addsf3+0xe8>
    2f16:	864a                	mv	a2,s2
    2f18:	0ff00513          	li	a0,255
    2f1c:	4781                	li	a5,0
    2f1e:	b545                	j	2dbe <__addsf3+0xe8>
    2f20:	fc000737          	lui	a4,0xfc000
    2f24:	177d                	addi	a4,a4,-1
    2f26:	8ff9                	and	a5,a5,a4
    2f28:	0077f713          	andi	a4,a5,7
    2f2c:	8c89                	sub	s1,s1,a0
    2f2e:	e60714e3          	bnez	a4,2d96 <__addsf3+0xc0>
    2f32:	b7e9                	j	2efc <__addsf3+0x226>
    2f34:	41de0433          	sub	s0,t3,t4
    2f38:	00541793          	slli	a5,s0,0x5
    2f3c:	0c07c363          	bltz	a5,3002 <__addsf3+0x32c>
    2f40:	e20412e3          	bnez	s0,2d64 <__addsf3+0x8e>
    2f44:	4601                	li	a2,0
    2f46:	4501                	li	a0,0
    2f48:	4781                	li	a5,0
    2f4a:	bd95                	j	2dbe <__addsf3+0xe8>
    2f4c:	40980733          	sub	a4,a6,s1
    2f50:	c4ad                	beqz	s1,2fba <__addsf3+0x2e4>
    2f52:	0ff00793          	li	a5,255
    2f56:	f4f808e3          	beq	a6,a5,2ea6 <__addsf3+0x1d0>
    2f5a:	040007b7          	lui	a5,0x4000
    2f5e:	00fe6e33          	or	t3,t3,a5
    2f62:	47ed                	li	a5,27
    2f64:	0ce7cc63          	blt	a5,a4,303c <__addsf3+0x366>
    2f68:	02000793          	li	a5,32
    2f6c:	8f99                	sub	a5,a5,a4
    2f6e:	00fe17b3          	sll	a5,t3,a5
    2f72:	00ee5733          	srl	a4,t3,a4
    2f76:	00f037b3          	snez	a5,a5
    2f7a:	8fd9                	or	a5,a5,a4
    2f7c:	97f6                	add	a5,a5,t4
    2f7e:	84c2                	mv	s1,a6
    2f80:	b5c9                	j	2e42 <__addsf3+0x16c>
    2f82:	0ff00793          	li	a5,255
    2f86:	f0f80fe3          	beq	a6,a5,2ea4 <__addsf3+0x1ce>
    2f8a:	040007b7          	lui	a5,0x4000
    2f8e:	00fe6e33          	or	t3,t3,a5
    2f92:	47ed                	li	a5,27
    2f94:	08e7c363          	blt	a5,a4,301a <__addsf3+0x344>
    2f98:	02000693          	li	a3,32
    2f9c:	8e99                	sub	a3,a3,a4
    2f9e:	00de16b3          	sll	a3,t3,a3
    2fa2:	00ee57b3          	srl	a5,t3,a4
    2fa6:	00d03733          	snez	a4,a3
    2faa:	8fd9                	or	a5,a5,a4
    2fac:	40fe87b3          	sub	a5,t4,a5
    2fb0:	84c2                	mv	s1,a6
    2fb2:	892e                	mv	s2,a1
    2fb4:	b345                	j	2d54 <__addsf3+0x7e>
    2fb6:	4785                	li	a5,1
    2fb8:	bb61                	j	2d50 <__addsf3+0x7a>
    2fba:	060e0e63          	beqz	t3,3036 <__addsf3+0x360>
    2fbe:	177d                	addi	a4,a4,-1
    2fc0:	01de07b3          	add	a5,t3,t4
    2fc4:	84c2                	mv	s1,a6
    2fc6:	e6070ee3          	beqz	a4,2e42 <__addsf3+0x16c>
    2fca:	0ff00793          	li	a5,255
    2fce:	f8f81ae3          	bne	a6,a5,2f62 <__addsf3+0x28c>
    2fd2:	8336                	mv	t1,a3
    2fd4:	b565                	j	2e7c <__addsf3+0x1a6>
    2fd6:	8336                	mv	t1,a3
    2fd8:	84c2                	mv	s1,a6
    2fda:	892e                	mv	s2,a1
    2fdc:	b715                	j	2f00 <__addsf3+0x22a>
    2fde:	ec0e04e3          	beqz	t3,2ea6 <__addsf3+0x1d0>
    2fe2:	e80e8de3          	beqz	t4,2e7c <__addsf3+0x1a6>
    2fe6:	bd69                	j	2e80 <__addsf3+0x1aa>
    2fe8:	020e8d63          	beqz	t4,3022 <__addsf3+0x34c>
    2fec:	862e                	mv	a2,a1
    2fee:	87b6                	mv	a5,a3
    2ff0:	b3f9                	j	2dbe <__addsf3+0xe8>
    2ff2:	0ff00793          	li	a5,255
    2ff6:	f2f481e3          	beq	s1,a5,2f18 <__addsf3+0x242>
    2ffa:	01de07b3          	add	a5,t3,t4
    2ffe:	8385                	srli	a5,a5,0x1
    3000:	bdd5                	j	2ef4 <__addsf3+0x21e>
    3002:	41ce8433          	sub	s0,t4,t3
    3006:	892e                	mv	s2,a1
    3008:	bbb1                	j	2d64 <__addsf3+0x8e>
    300a:	fc0e1ce3          	bnez	t3,2fe2 <__addsf3+0x30c>
    300e:	e60e89e3          	beqz	t4,2e80 <__addsf3+0x1aa>
    3012:	892e                	mv	s2,a1
    3014:	bd49                	j	2ea6 <__addsf3+0x1d0>
    3016:	4785                	li	a5,1
    3018:	b525                	j	2e40 <__addsf3+0x16a>
    301a:	4785                	li	a5,1
    301c:	bf41                	j	2fac <__addsf3+0x2d6>
    301e:	ec079be3          	bnez	a5,2ef4 <__addsf3+0x21e>
    3022:	4601                	li	a2,0
    3024:	4781                	li	a5,0
    3026:	bb61                	j	2dbe <__addsf3+0xe8>
    3028:	41ce87b3          	sub	a5,t4,t3
    302c:	84c2                	mv	s1,a6
    302e:	892e                	mv	s2,a1
    3030:	b315                	j	2d54 <__addsf3+0x7e>
    3032:	87b6                	mv	a5,a3
    3034:	b369                	j	2dbe <__addsf3+0xe8>
    3036:	8336                	mv	t1,a3
    3038:	84c2                	mv	s1,a6
    303a:	b5d9                	j	2f00 <__addsf3+0x22a>
    303c:	4785                	li	a5,1
    303e:	bf3d                	j	2f7c <__addsf3+0x2a6>

00003040 <__gesf2>:
    3040:	01755693          	srli	a3,a0,0x17
    3044:	008007b7          	lui	a5,0x800
    3048:	17fd                	addi	a5,a5,-1
    304a:	0175d613          	srli	a2,a1,0x17
    304e:	0ff6f693          	andi	a3,a3,255
    3052:	0ff00813          	li	a6,255
    3056:	00a7f8b3          	and	a7,a5,a0
    305a:	01f55713          	srli	a4,a0,0x1f
    305e:	8fed                	and	a5,a5,a1
    3060:	0ff67613          	andi	a2,a2,255
    3064:	81fd                	srli	a1,a1,0x1f
    3066:	03068163          	beq	a3,a6,3088 <__gesf2+0x48>
    306a:	01060c63          	beq	a2,a6,3082 <__gesf2+0x42>
    306e:	e28d                	bnez	a3,3090 <__gesf2+0x50>
    3070:	e211                	bnez	a2,3074 <__gesf2+0x34>
    3072:	c3b1                	beqz	a5,30b6 <__gesf2+0x76>
    3074:	02088e63          	beqz	a7,30b0 <__gesf2+0x70>
    3078:	04b70563          	beq	a4,a1,30c2 <__gesf2+0x82>
    307c:	4505                	li	a0,1
    307e:	e71d                	bnez	a4,30ac <__gesf2+0x6c>
    3080:	8082                	ret
    3082:	d7f5                	beqz	a5,306e <__gesf2+0x2e>
    3084:	5579                	li	a0,-2
    3086:	8082                	ret
    3088:	fe089ee3          	bnez	a7,3084 <__gesf2+0x44>
    308c:	02d60963          	beq	a2,a3,30be <__gesf2+0x7e>
    3090:	e211                	bnez	a2,3094 <__gesf2+0x54>
    3092:	d7ed                	beqz	a5,307c <__gesf2+0x3c>
    3094:	feb714e3          	bne	a4,a1,307c <__gesf2+0x3c>
    3098:	fed642e3          	blt	a2,a3,307c <__gesf2+0x3c>
    309c:	00c6c763          	blt	a3,a2,30aa <__gesf2+0x6a>
    30a0:	fd17eee3          	bltu	a5,a7,307c <__gesf2+0x3c>
    30a4:	4501                	li	a0,0
    30a6:	fcf8fde3          	bgeu	a7,a5,3080 <__gesf2+0x40>
    30aa:	e701                	bnez	a4,30b2 <__gesf2+0x72>
    30ac:	557d                	li	a0,-1
    30ae:	8082                	ret
    30b0:	ddf5                	beqz	a1,30ac <__gesf2+0x6c>
    30b2:	4505                	li	a0,1
    30b4:	8082                	ret
    30b6:	4501                	li	a0,0
    30b8:	fc0892e3          	bnez	a7,307c <__gesf2+0x3c>
    30bc:	8082                	ret
    30be:	dbf9                	beqz	a5,3094 <__gesf2+0x54>
    30c0:	b7d1                	j	3084 <__gesf2+0x44>
    30c2:	4681                	li	a3,0
    30c4:	bfe1                	j	309c <__gesf2+0x5c>

000030c6 <__lesf2>:
    30c6:	01755693          	srli	a3,a0,0x17
    30ca:	008007b7          	lui	a5,0x800
    30ce:	17fd                	addi	a5,a5,-1
    30d0:	0175d613          	srli	a2,a1,0x17
    30d4:	0ff6f693          	andi	a3,a3,255
    30d8:	0ff00813          	li	a6,255
    30dc:	00a7f8b3          	and	a7,a5,a0
    30e0:	01f55713          	srli	a4,a0,0x1f
    30e4:	8fed                	and	a5,a5,a1
    30e6:	0ff67613          	andi	a2,a2,255
    30ea:	81fd                	srli	a1,a1,0x1f
    30ec:	03068763          	beq	a3,a6,311a <__lesf2+0x54>
    30f0:	01060963          	beq	a2,a6,3102 <__lesf2+0x3c>
    30f4:	ea85                	bnez	a3,3124 <__lesf2+0x5e>
    30f6:	ea11                	bnez	a2,310a <__lesf2+0x44>
    30f8:	eb89                	bnez	a5,310a <__lesf2+0x44>
    30fa:	4501                	li	a0,0
    30fc:	00089b63          	bnez	a7,3112 <__lesf2+0x4c>
    3100:	8082                	ret
    3102:	4509                	li	a0,2
    3104:	fff5                	bnez	a5,3100 <__lesf2+0x3a>
    3106:	dae5                	beqz	a3,30f6 <__lesf2+0x30>
    3108:	a831                	j	3124 <__lesf2+0x5e>
    310a:	02088c63          	beqz	a7,3142 <__lesf2+0x7c>
    310e:	04b70063          	beq	a4,a1,314e <__lesf2+0x88>
    3112:	4505                	li	a0,1
    3114:	d775                	beqz	a4,3100 <__lesf2+0x3a>
    3116:	557d                	li	a0,-1
    3118:	8082                	ret
    311a:	4509                	li	a0,2
    311c:	02089863          	bnez	a7,314c <__lesf2+0x86>
    3120:	02d60463          	beq	a2,a3,3148 <__lesf2+0x82>
    3124:	e211                	bnez	a2,3128 <__lesf2+0x62>
    3126:	d7f5                	beqz	a5,3112 <__lesf2+0x4c>
    3128:	feb715e3          	bne	a4,a1,3112 <__lesf2+0x4c>
    312c:	fed643e3          	blt	a2,a3,3112 <__lesf2+0x4c>
    3130:	00c6c763          	blt	a3,a2,313e <__lesf2+0x78>
    3134:	fd17efe3          	bltu	a5,a7,3112 <__lesf2+0x4c>
    3138:	4501                	li	a0,0
    313a:	fcf8f3e3          	bgeu	a7,a5,3100 <__lesf2+0x3a>
    313e:	e319                	bnez	a4,3144 <__lesf2+0x7e>
    3140:	bfd9                	j	3116 <__lesf2+0x50>
    3142:	d9f1                	beqz	a1,3116 <__lesf2+0x50>
    3144:	4505                	li	a0,1
    3146:	8082                	ret
    3148:	d3e5                	beqz	a5,3128 <__lesf2+0x62>
    314a:	8082                	ret
    314c:	8082                	ret
    314e:	4681                	li	a3,0
    3150:	b7c5                	j	3130 <__lesf2+0x6a>

00003152 <__mulsf3>:
    3152:	7179                	addi	sp,sp,-48
    3154:	d422                	sw	s0,40(sp)
    3156:	01755413          	srli	s0,a0,0x17
    315a:	ce4e                	sw	s3,28(sp)
    315c:	cc52                	sw	s4,24(sp)
    315e:	00951993          	slli	s3,a0,0x9
    3162:	d606                	sw	ra,44(sp)
    3164:	d226                	sw	s1,36(sp)
    3166:	d04a                	sw	s2,32(sp)
    3168:	ca56                	sw	s5,20(sp)
    316a:	c85a                	sw	s6,16(sp)
    316c:	0ff47413          	andi	s0,s0,255
    3170:	0099d993          	srli	s3,s3,0x9
    3174:	01f55a13          	srli	s4,a0,0x1f
    3178:	c469                	beqz	s0,3242 <__mulsf3+0xf0>
    317a:	0ff00793          	li	a5,255
    317e:	0ef40863          	beq	s0,a5,326e <__mulsf3+0x11c>
    3182:	00399793          	slli	a5,s3,0x3
    3186:	04000737          	lui	a4,0x4000
    318a:	00e7e9b3          	or	s3,a5,a4
    318e:	f8140413          	addi	s0,s0,-127 # 3ffff81 <_data_lma+0x3ff4d6d>
    3192:	4481                	li	s1,0
    3194:	4b01                	li	s6,0
    3196:	0175d713          	srli	a4,a1,0x17
    319a:	00959a93          	slli	s5,a1,0x9
    319e:	0ff77713          	andi	a4,a4,255
    31a2:	009ada93          	srli	s5,s5,0x9
    31a6:	01f5d913          	srli	s2,a1,0x1f
    31aa:	cf45                	beqz	a4,3262 <__mulsf3+0x110>
    31ac:	0ff00793          	li	a5,255
    31b0:	02f70c63          	beq	a4,a5,31e8 <__mulsf3+0x96>
    31b4:	0a8e                	slli	s5,s5,0x3
    31b6:	f8170713          	addi	a4,a4,-127 # 3ffff81 <_data_lma+0x3ff4d6d>
    31ba:	040007b7          	lui	a5,0x4000
    31be:	00faeab3          	or	s5,s5,a5
    31c2:	943a                	add	s0,s0,a4
    31c4:	4601                	li	a2,0
    31c6:	012a4533          	xor	a0,s4,s2
    31ca:	47bd                	li	a5,15
    31cc:	86aa                	mv	a3,a0
    31ce:	00140593          	addi	a1,s0,1
    31d2:	1097e063          	bltu	a5,s1,32d2 <__mulsf3+0x180>
    31d6:	00008717          	auipc	a4,0x8
    31da:	b1a70713          	addi	a4,a4,-1254 # acf0 <mode_name.5943+0xd0>
    31de:	048a                	slli	s1,s1,0x2
    31e0:	94ba                	add	s1,s1,a4
    31e2:	409c                	lw	a5,0(s1)
    31e4:	97ba                	add	a5,a5,a4
    31e6:	8782                	jr	a5
    31e8:	0ff40413          	addi	s0,s0,255
    31ec:	0c0a9663          	bnez	s5,32b8 <__mulsf3+0x166>
    31f0:	0024e493          	ori	s1,s1,2
    31f4:	4609                	li	a2,2
    31f6:	bfc1                	j	31c6 <__mulsf3+0x74>
    31f8:	4501                	li	a0,0
    31fa:	0ff00713          	li	a4,255
    31fe:	004007b7          	lui	a5,0x400
    3202:	50b2                	lw	ra,44(sp)
    3204:	5422                	lw	s0,40(sp)
    3206:	07a6                	slli	a5,a5,0x9
    3208:	075e                	slli	a4,a4,0x17
    320a:	83a5                	srli	a5,a5,0x9
    320c:	057e                	slli	a0,a0,0x1f
    320e:	8fd9                	or	a5,a5,a4
    3210:	5492                	lw	s1,36(sp)
    3212:	5902                	lw	s2,32(sp)
    3214:	49f2                	lw	s3,28(sp)
    3216:	4a62                	lw	s4,24(sp)
    3218:	4ad2                	lw	s5,20(sp)
    321a:	4b42                	lw	s6,16(sp)
    321c:	8d5d                	or	a0,a0,a5
    321e:	6145                	addi	sp,sp,48
    3220:	8082                	ret
    3222:	86ca                	mv	a3,s2
    3224:	89d6                	mv	s3,s5
    3226:	8b32                	mv	s6,a2
    3228:	4789                	li	a5,2
    322a:	08fb0f63          	beq	s6,a5,32c8 <__mulsf3+0x176>
    322e:	478d                	li	a5,3
    3230:	fcfb04e3          	beq	s6,a5,31f8 <__mulsf3+0xa6>
    3234:	4785                	li	a5,1
    3236:	8536                	mv	a0,a3
    3238:	1afb1063          	bne	s6,a5,33d8 <__mulsf3+0x286>
    323c:	4701                	li	a4,0
    323e:	4781                	li	a5,0
    3240:	b7c9                	j	3202 <__mulsf3+0xb0>
    3242:	04099d63          	bnez	s3,329c <__mulsf3+0x14a>
    3246:	0175d713          	srli	a4,a1,0x17
    324a:	00959a93          	slli	s5,a1,0x9
    324e:	0ff77713          	andi	a4,a4,255
    3252:	4491                	li	s1,4
    3254:	4401                	li	s0,0
    3256:	4b05                	li	s6,1
    3258:	009ada93          	srli	s5,s5,0x9
    325c:	01f5d913          	srli	s2,a1,0x1f
    3260:	f731                	bnez	a4,31ac <__mulsf3+0x5a>
    3262:	000a9d63          	bnez	s5,327c <__mulsf3+0x12a>
    3266:	0014e493          	ori	s1,s1,1
    326a:	4605                	li	a2,1
    326c:	bfa9                	j	31c6 <__mulsf3+0x74>
    326e:	02099263          	bnez	s3,3292 <__mulsf3+0x140>
    3272:	44a1                	li	s1,8
    3274:	0ff00413          	li	s0,255
    3278:	4b09                	li	s6,2
    327a:	bf31                	j	3196 <__mulsf3+0x44>
    327c:	8556                	mv	a0,s5
    327e:	2749                	jal	3a00 <__clzsi2>
    3280:	ffb50793          	addi	a5,a0,-5
    3284:	8c09                	sub	s0,s0,a0
    3286:	00fa9ab3          	sll	s5,s5,a5
    328a:	f8a40413          	addi	s0,s0,-118
    328e:	4601                	li	a2,0
    3290:	bf1d                	j	31c6 <__mulsf3+0x74>
    3292:	44b1                	li	s1,12
    3294:	0ff00413          	li	s0,255
    3298:	4b0d                	li	s6,3
    329a:	bdf5                	j	3196 <__mulsf3+0x44>
    329c:	854e                	mv	a0,s3
    329e:	c62e                	sw	a1,12(sp)
    32a0:	2785                	jal	3a00 <__clzsi2>
    32a2:	ffb50793          	addi	a5,a0,-5
    32a6:	f8a00413          	li	s0,-118
    32aa:	00f999b3          	sll	s3,s3,a5
    32ae:	8c09                	sub	s0,s0,a0
    32b0:	4481                	li	s1,0
    32b2:	4b01                	li	s6,0
    32b4:	45b2                	lw	a1,12(sp)
    32b6:	b5c5                	j	3196 <__mulsf3+0x44>
    32b8:	0034e493          	ori	s1,s1,3
    32bc:	460d                	li	a2,3
    32be:	b721                	j	31c6 <__mulsf3+0x74>
    32c0:	4789                	li	a5,2
    32c2:	86d2                	mv	a3,s4
    32c4:	f6fb15e3          	bne	s6,a5,322e <__mulsf3+0xdc>
    32c8:	8536                	mv	a0,a3
    32ca:	0ff00713          	li	a4,255
    32ce:	4781                	li	a5,0
    32d0:	bf0d                	j	3202 <__mulsf3+0xb0>
    32d2:	6341                	lui	t1,0x10
    32d4:	fff30693          	addi	a3,t1,-1 # ffff <_data_lma+0x4deb>
    32d8:	0109d613          	srli	a2,s3,0x10
    32dc:	010ad893          	srli	a7,s5,0x10
    32e0:	00d9f7b3          	and	a5,s3,a3
    32e4:	00dafab3          	and	s5,s5,a3
    32e8:	03578833          	mul	a6,a5,s5
    32ec:	02f889b3          	mul	s3,a7,a5
    32f0:	01085713          	srli	a4,a6,0x10
    32f4:	03560ab3          	mul	s5,a2,s5
    32f8:	99d6                	add	s3,s3,s5
    32fa:	974e                	add	a4,a4,s3
    32fc:	03160633          	mul	a2,a2,a7
    3300:	01577363          	bgeu	a4,s5,3306 <__mulsf3+0x1b4>
    3304:	961a                	add	a2,a2,t1
    3306:	67c1                	lui	a5,0x10
    3308:	17fd                	addi	a5,a5,-1
    330a:	00f776b3          	and	a3,a4,a5
    330e:	00f87833          	and	a6,a6,a5
    3312:	06c2                	slli	a3,a3,0x10
    3314:	96c2                	add	a3,a3,a6
    3316:	00669993          	slli	s3,a3,0x6
    331a:	01075793          	srli	a5,a4,0x10
    331e:	013039b3          	snez	s3,s3
    3322:	82e9                	srli	a3,a3,0x1a
    3324:	97b2                	add	a5,a5,a2
    3326:	079a                	slli	a5,a5,0x6
    3328:	00d9e6b3          	or	a3,s3,a3
    332c:	00d7e9b3          	or	s3,a5,a3
    3330:	00499793          	slli	a5,s3,0x4
    3334:	0007d963          	bgez	a5,3346 <__mulsf3+0x1f4>
    3338:	0019d713          	srli	a4,s3,0x1
    333c:	0019f793          	andi	a5,s3,1
    3340:	00f769b3          	or	s3,a4,a5
    3344:	842e                	mv	s0,a1
    3346:	07f40713          	addi	a4,s0,127
    334a:	04e05063          	blez	a4,338a <__mulsf3+0x238>
    334e:	0079f793          	andi	a5,s3,7
    3352:	c799                	beqz	a5,3360 <__mulsf3+0x20e>
    3354:	00f9f793          	andi	a5,s3,15
    3358:	4691                	li	a3,4
    335a:	00d78363          	beq	a5,a3,3360 <__mulsf3+0x20e>
    335e:	0991                	addi	s3,s3,4
    3360:	00499793          	slli	a5,s3,0x4
    3364:	0007d963          	bgez	a5,3376 <__mulsf3+0x224>
    3368:	f80007b7          	lui	a5,0xf8000
    336c:	17fd                	addi	a5,a5,-1
    336e:	00f9f9b3          	and	s3,s3,a5
    3372:	08040713          	addi	a4,s0,128
    3376:	0fe00793          	li	a5,254
    337a:	04e7cb63          	blt	a5,a4,33d0 <__mulsf3+0x27e>
    337e:	00699793          	slli	a5,s3,0x6
    3382:	83a5                	srli	a5,a5,0x9
    3384:	0ff77713          	andi	a4,a4,255
    3388:	bdad                	j	3202 <__mulsf3+0xb0>
    338a:	4785                	li	a5,1
    338c:	40e786b3          	sub	a3,a5,a4
    3390:	c711                	beqz	a4,339c <__mulsf3+0x24a>
    3392:	466d                	li	a2,27
    3394:	4701                	li	a4,0
    3396:	4781                	li	a5,0
    3398:	e6d645e3          	blt	a2,a3,3202 <__mulsf3+0xb0>
    339c:	09e40713          	addi	a4,s0,158
    33a0:	00e99733          	sll	a4,s3,a4
    33a4:	00e03733          	snez	a4,a4
    33a8:	00d9d7b3          	srl	a5,s3,a3
    33ac:	8fd9                	or	a5,a5,a4
    33ae:	0077f713          	andi	a4,a5,7
    33b2:	c719                	beqz	a4,33c0 <__mulsf3+0x26e>
    33b4:	00f7f713          	andi	a4,a5,15
    33b8:	4691                	li	a3,4
    33ba:	00d70363          	beq	a4,a3,33c0 <__mulsf3+0x26e>
    33be:	0791                	addi	a5,a5,4
    33c0:	00579713          	slli	a4,a5,0x5
    33c4:	00074c63          	bltz	a4,33dc <__mulsf3+0x28a>
    33c8:	079a                	slli	a5,a5,0x6
    33ca:	83a5                	srli	a5,a5,0x9
    33cc:	4701                	li	a4,0
    33ce:	bd15                	j	3202 <__mulsf3+0xb0>
    33d0:	0ff00713          	li	a4,255
    33d4:	4781                	li	a5,0
    33d6:	b535                	j	3202 <__mulsf3+0xb0>
    33d8:	842e                	mv	s0,a1
    33da:	b7b5                	j	3346 <__mulsf3+0x1f4>
    33dc:	4705                	li	a4,1
    33de:	4781                	li	a5,0
    33e0:	b50d                	j	3202 <__mulsf3+0xb0>

000033e2 <__subsf3>:
    33e2:	00800737          	lui	a4,0x800
    33e6:	1141                	addi	sp,sp,-16
    33e8:	177d                	addi	a4,a4,-1
    33ea:	01755693          	srli	a3,a0,0x17
    33ee:	0175d813          	srli	a6,a1,0x17
    33f2:	00a777b3          	and	a5,a4,a0
    33f6:	0ff6f693          	andi	a3,a3,255
    33fa:	01f55e93          	srli	t4,a0,0x1f
    33fe:	00b77633          	and	a2,a4,a1
    3402:	c226                	sw	s1,4(sp)
    3404:	c04a                	sw	s2,0(sp)
    3406:	0ff87813          	andi	a6,a6,255
    340a:	c606                	sw	ra,12(sp)
    340c:	c422                	sw	s0,8(sp)
    340e:	0ff00313          	li	t1,255
    3412:	8e3e                	mv	t3,a5
    3414:	8936                	mv	s2,a3
    3416:	84f6                	mv	s1,t4
    3418:	00379f13          	slli	t5,a5,0x3
    341c:	81fd                	srli	a1,a1,0x1f
    341e:	00361513          	slli	a0,a2,0x3
    3422:	410688b3          	sub	a7,a3,a6
    3426:	10680263          	beq	a6,t1,352a <__subsf3+0x148>
    342a:	0015c593          	xori	a1,a1,1
    342e:	10be8c63          	beq	t4,a1,3546 <__subsf3+0x164>
    3432:	0d105463          	blez	a7,34fa <__subsf3+0x118>
    3436:	10081063          	bnez	a6,3536 <__subsf3+0x154>
    343a:	1e050463          	beqz	a0,3622 <__subsf3+0x240>
    343e:	18fd                	addi	a7,a7,-1
    3440:	40af07b3          	sub	a5,t5,a0
    3444:	02088663          	beqz	a7,3470 <__subsf3+0x8e>
    3448:	0ff00793          	li	a5,255
    344c:	16f68863          	beq	a3,a5,35bc <__subsf3+0x1da>
    3450:	47ed                	li	a5,27
    3452:	2917c763          	blt	a5,a7,36e0 <__subsf3+0x2fe>
    3456:	02000713          	li	a4,32
    345a:	41170733          	sub	a4,a4,a7
    345e:	00e51733          	sll	a4,a0,a4
    3462:	011557b3          	srl	a5,a0,a7
    3466:	00e03733          	snez	a4,a4
    346a:	8fd9                	or	a5,a5,a4
    346c:	40ff07b3          	sub	a5,t5,a5
    3470:	00579713          	slli	a4,a5,0x5
    3474:	1a075163          	bgez	a4,3616 <__subsf3+0x234>
    3478:	04000437          	lui	s0,0x4000
    347c:	147d                	addi	s0,s0,-1
    347e:	8c7d                	and	s0,s0,a5
    3480:	8522                	mv	a0,s0
    3482:	2bbd                	jal	3a00 <__clzsi2>
    3484:	156d                	addi	a0,a0,-5
    3486:	00a417b3          	sll	a5,s0,a0
    348a:	1b254e63          	blt	a0,s2,3646 <__subsf3+0x264>
    348e:	41250533          	sub	a0,a0,s2
    3492:	00150413          	addi	s0,a0,1
    3496:	02000713          	li	a4,32
    349a:	8f01                	sub	a4,a4,s0
    349c:	00e79733          	sll	a4,a5,a4
    34a0:	00e03733          	snez	a4,a4
    34a4:	0087d7b3          	srl	a5,a5,s0
    34a8:	8fd9                	or	a5,a5,a4
    34aa:	4901                	li	s2,0
    34ac:	0077f713          	andi	a4,a5,7
    34b0:	c719                	beqz	a4,34be <__subsf3+0xdc>
    34b2:	00f7f713          	andi	a4,a5,15
    34b6:	4691                	li	a3,4
    34b8:	00d70363          	beq	a4,a3,34be <__subsf3+0xdc>
    34bc:	0791                	addi	a5,a5,4
    34be:	00579713          	slli	a4,a5,0x5
    34c2:	14075e63          	bgez	a4,361e <__subsf3+0x23c>
    34c6:	00190693          	addi	a3,s2,1
    34ca:	0ff00713          	li	a4,255
    34ce:	0014fe93          	andi	t4,s1,1
    34d2:	16e68663          	beq	a3,a4,363e <__subsf3+0x25c>
    34d6:	079a                	slli	a5,a5,0x6
    34d8:	83a5                	srli	a5,a5,0x9
    34da:	0ff6f693          	andi	a3,a3,255
    34de:	07a6                	slli	a5,a5,0x9
    34e0:	40b2                	lw	ra,12(sp)
    34e2:	4422                	lw	s0,8(sp)
    34e4:	0097d513          	srli	a0,a5,0x9
    34e8:	06de                	slli	a3,a3,0x17
    34ea:	01fe9793          	slli	a5,t4,0x1f
    34ee:	8d55                	or	a0,a0,a3
    34f0:	4492                	lw	s1,4(sp)
    34f2:	4902                	lw	s2,0(sp)
    34f4:	8d5d                	or	a0,a0,a5
    34f6:	0141                	addi	sp,sp,16
    34f8:	8082                	ret
    34fa:	0a089263          	bnez	a7,359e <__subsf3+0x1bc>
    34fe:	00168713          	addi	a4,a3,1 # 7e000001 <_eusrstack+0x5dff8001>
    3502:	0fe77713          	andi	a4,a4,254
    3506:	14071b63          	bnez	a4,365c <__subsf3+0x27a>
    350a:	22069463          	bnez	a3,3732 <__subsf3+0x350>
    350e:	200f0263          	beqz	t5,3712 <__subsf3+0x330>
    3512:	d571                	beqz	a0,34de <__subsf3+0xfc>
    3514:	40af07b3          	sub	a5,t5,a0
    3518:	00579713          	slli	a4,a5,0x5
    351c:	22075563          	bgez	a4,3746 <__subsf3+0x364>
    3520:	41e507b3          	sub	a5,a0,t5
    3524:	4901                	li	s2,0
    3526:	84ae                	mv	s1,a1
    3528:	b751                	j	34ac <__subsf3+0xca>
    352a:	f00500e3          	beqz	a0,342a <__subsf3+0x48>
    352e:	0abe8a63          	beq	t4,a1,35e2 <__subsf3+0x200>
    3532:	fd1054e3          	blez	a7,34fa <__subsf3+0x118>
    3536:	0ff00793          	li	a5,255
    353a:	08f68163          	beq	a3,a5,35bc <__subsf3+0x1da>
    353e:	040007b7          	lui	a5,0x4000
    3542:	8d5d                	or	a0,a0,a5
    3544:	b731                	j	3450 <__subsf3+0x6e>
    3546:	09105e63          	blez	a7,35e2 <__subsf3+0x200>
    354a:	08080163          	beqz	a6,35cc <__subsf3+0x1ea>
    354e:	0ff00793          	li	a5,255
    3552:	06f68563          	beq	a3,a5,35bc <__subsf3+0x1da>
    3556:	040007b7          	lui	a5,0x4000
    355a:	8d5d                	or	a0,a0,a5
    355c:	47ed                	li	a5,27
    355e:	1f17c063          	blt	a5,a7,373e <__subsf3+0x35c>
    3562:	02000713          	li	a4,32
    3566:	41170733          	sub	a4,a4,a7
    356a:	00e51733          	sll	a4,a0,a4
    356e:	011557b3          	srl	a5,a0,a7
    3572:	00e03733          	snez	a4,a4
    3576:	8fd9                	or	a5,a5,a4
    3578:	97fa                	add	a5,a5,t5
    357a:	00579713          	slli	a4,a5,0x5
    357e:	08075c63          	bgez	a4,3616 <__subsf3+0x234>
    3582:	0905                	addi	s2,s2,1
    3584:	0ff00713          	li	a4,255
    3588:	0ae90b63          	beq	s2,a4,363e <__subsf3+0x25c>
    358c:	7e0006b7          	lui	a3,0x7e000
    3590:	0017d713          	srli	a4,a5,0x1
    3594:	16fd                	addi	a3,a3,-1
    3596:	8b85                	andi	a5,a5,1
    3598:	8f75                	and	a4,a4,a3
    359a:	8fd9                	or	a5,a5,a4
    359c:	bf01                	j	34ac <__subsf3+0xca>
    359e:	40d80733          	sub	a4,a6,a3
    35a2:	10069563          	bnez	a3,36ac <__subsf3+0x2ca>
    35a6:	140f0d63          	beqz	t5,3700 <__subsf3+0x31e>
    35aa:	177d                	addi	a4,a4,-1
    35ac:	1a070363          	beqz	a4,3752 <__subsf3+0x370>
    35b0:	0ff00793          	li	a5,255
    35b4:	10f81463          	bne	a6,a5,36bc <__subsf3+0x2da>
    35b8:	84ae                	mv	s1,a1
    35ba:	8e32                	mv	t3,a2
    35bc:	060e0f63          	beqz	t3,363a <__subsf3+0x258>
    35c0:	4e81                	li	t4,0
    35c2:	0ff00693          	li	a3,255
    35c6:	004007b7          	lui	a5,0x400
    35ca:	bf11                	j	34de <__subsf3+0xfc>
    35cc:	c939                	beqz	a0,3622 <__subsf3+0x240>
    35ce:	18fd                	addi	a7,a7,-1
    35d0:	00af07b3          	add	a5,t5,a0
    35d4:	fa0883e3          	beqz	a7,357a <__subsf3+0x198>
    35d8:	0ff00793          	li	a5,255
    35dc:	f8f690e3          	bne	a3,a5,355c <__subsf3+0x17a>
    35e0:	bff1                	j	35bc <__subsf3+0x1da>
    35e2:	08089963          	bnez	a7,3674 <__subsf3+0x292>
    35e6:	00168913          	addi	s2,a3,1 # 7e000001 <_eusrstack+0x5dff8001>
    35ea:	0fe97713          	andi	a4,s2,254
    35ee:	12071663          	bnez	a4,371a <__subsf3+0x338>
    35f2:	10069b63          	bnez	a3,3708 <__subsf3+0x326>
    35f6:	160f0363          	beqz	t5,375c <__subsf3+0x37a>
    35fa:	ee0502e3          	beqz	a0,34de <__subsf3+0xfc>
    35fe:	00af07b3          	add	a5,t5,a0
    3602:	00579713          	slli	a4,a5,0x5
    3606:	4901                	li	s2,0
    3608:	00075763          	bgez	a4,3616 <__subsf3+0x234>
    360c:	fc000737          	lui	a4,0xfc000
    3610:	177d                	addi	a4,a4,-1
    3612:	8ff9                	and	a5,a5,a4
    3614:	4905                	li	s2,1
    3616:	0077f713          	andi	a4,a5,7
    361a:	e8071ce3          	bnez	a4,34b2 <__subsf3+0xd0>
    361e:	0037de13          	srli	t3,a5,0x3
    3622:	0ff00793          	li	a5,255
    3626:	f8f90be3          	beq	s2,a5,35bc <__subsf3+0x1da>
    362a:	009e1793          	slli	a5,t3,0x9
    362e:	83a5                	srli	a5,a5,0x9
    3630:	0ff97693          	andi	a3,s2,255
    3634:	0014fe93          	andi	t4,s1,1
    3638:	b55d                	j	34de <__subsf3+0xfc>
    363a:	0014fe93          	andi	t4,s1,1
    363e:	0ff00693          	li	a3,255
    3642:	4781                	li	a5,0
    3644:	bd69                	j	34de <__subsf3+0xfc>
    3646:	fc000737          	lui	a4,0xfc000
    364a:	177d                	addi	a4,a4,-1
    364c:	8ff9                	and	a5,a5,a4
    364e:	0077f713          	andi	a4,a5,7
    3652:	40a90933          	sub	s2,s2,a0
    3656:	e4071ee3          	bnez	a4,34b2 <__subsf3+0xd0>
    365a:	b7d1                	j	361e <__subsf3+0x23c>
    365c:	40af0433          	sub	s0,t5,a0
    3660:	00541793          	slli	a5,s0,0x5
    3664:	0c07c363          	bltz	a5,372a <__subsf3+0x348>
    3668:	e0041ce3          	bnez	s0,3480 <__subsf3+0x9e>
    366c:	4e81                	li	t4,0
    366e:	4681                	li	a3,0
    3670:	4781                	li	a5,0
    3672:	b5b5                	j	34de <__subsf3+0xfc>
    3674:	40d80733          	sub	a4,a6,a3
    3678:	c6b5                	beqz	a3,36e4 <__subsf3+0x302>
    367a:	0ff00793          	li	a5,255
    367e:	f2f80ee3          	beq	a6,a5,35ba <__subsf3+0x1d8>
    3682:	040007b7          	lui	a5,0x4000
    3686:	00ff6f33          	or	t5,t5,a5
    368a:	47ed                	li	a5,27
    368c:	0ce7cd63          	blt	a5,a4,3766 <__subsf3+0x384>
    3690:	02000793          	li	a5,32
    3694:	8f99                	sub	a5,a5,a4
    3696:	00ff17b3          	sll	a5,t5,a5
    369a:	00ef5733          	srl	a4,t5,a4
    369e:	00f037b3          	snez	a5,a5
    36a2:	8f5d                	or	a4,a4,a5
    36a4:	00a707b3          	add	a5,a4,a0
    36a8:	8942                	mv	s2,a6
    36aa:	bdc1                	j	357a <__subsf3+0x198>
    36ac:	0ff00793          	li	a5,255
    36b0:	f0f804e3          	beq	a6,a5,35b8 <__subsf3+0x1d6>
    36b4:	040007b7          	lui	a5,0x4000
    36b8:	00ff6f33          	or	t5,t5,a5
    36bc:	47ed                	li	a5,27
    36be:	08e7c263          	blt	a5,a4,3742 <__subsf3+0x360>
    36c2:	02000793          	li	a5,32
    36c6:	8f99                	sub	a5,a5,a4
    36c8:	00ff17b3          	sll	a5,t5,a5
    36cc:	00ef5733          	srl	a4,t5,a4
    36d0:	00f037b3          	snez	a5,a5
    36d4:	8fd9                	or	a5,a5,a4
    36d6:	40f507b3          	sub	a5,a0,a5
    36da:	8942                	mv	s2,a6
    36dc:	84ae                	mv	s1,a1
    36de:	bb49                	j	3470 <__subsf3+0x8e>
    36e0:	4785                	li	a5,1
    36e2:	b369                	j	346c <__subsf3+0x8a>
    36e4:	060f0e63          	beqz	t5,3760 <__subsf3+0x37e>
    36e8:	177d                	addi	a4,a4,-1
    36ea:	00af07b3          	add	a5,t5,a0
    36ee:	8942                	mv	s2,a6
    36f0:	e80705e3          	beqz	a4,357a <__subsf3+0x198>
    36f4:	0ff00793          	li	a5,255
    36f8:	f8f819e3          	bne	a6,a5,368a <__subsf3+0x2a8>
    36fc:	8e32                	mv	t3,a2
    36fe:	bd7d                	j	35bc <__subsf3+0x1da>
    3700:	8e32                	mv	t3,a2
    3702:	8942                	mv	s2,a6
    3704:	84ae                	mv	s1,a1
    3706:	bf31                	j	3622 <__subsf3+0x240>
    3708:	ea0f09e3          	beqz	t5,35ba <__subsf3+0x1d8>
    370c:	ea0508e3          	beqz	a0,35bc <__subsf3+0x1da>
    3710:	bd45                	j	35c0 <__subsf3+0x1de>
    3712:	cd0d                	beqz	a0,374c <__subsf3+0x36a>
    3714:	8eae                	mv	t4,a1
    3716:	87b2                	mv	a5,a2
    3718:	b3d9                	j	34de <__subsf3+0xfc>
    371a:	0ff00793          	li	a5,255
    371e:	f2f900e3          	beq	s2,a5,363e <__subsf3+0x25c>
    3722:	00af07b3          	add	a5,t5,a0
    3726:	8385                	srli	a5,a5,0x1
    3728:	b5fd                	j	3616 <__subsf3+0x234>
    372a:	41e50433          	sub	s0,a0,t5
    372e:	84ae                	mv	s1,a1
    3730:	bb81                	j	3480 <__subsf3+0x9e>
    3732:	fc0f1de3          	bnez	t5,370c <__subsf3+0x32a>
    3736:	e80505e3          	beqz	a0,35c0 <__subsf3+0x1de>
    373a:	84ae                	mv	s1,a1
    373c:	bdbd                	j	35ba <__subsf3+0x1d8>
    373e:	4785                	li	a5,1
    3740:	bd25                	j	3578 <__subsf3+0x196>
    3742:	4785                	li	a5,1
    3744:	bf49                	j	36d6 <__subsf3+0x2f4>
    3746:	4901                	li	s2,0
    3748:	ec0797e3          	bnez	a5,3616 <__subsf3+0x234>
    374c:	4e81                	li	t4,0
    374e:	4781                	li	a5,0
    3750:	b379                	j	34de <__subsf3+0xfc>
    3752:	41e507b3          	sub	a5,a0,t5
    3756:	8942                	mv	s2,a6
    3758:	84ae                	mv	s1,a1
    375a:	bb19                	j	3470 <__subsf3+0x8e>
    375c:	87b2                	mv	a5,a2
    375e:	b341                	j	34de <__subsf3+0xfc>
    3760:	8e32                	mv	t3,a2
    3762:	8942                	mv	s2,a6
    3764:	bd7d                	j	3622 <__subsf3+0x240>
    3766:	4705                	li	a4,1
    3768:	bf35                	j	36a4 <__subsf3+0x2c2>

0000376a <__fixunssfsi>:
    376a:	01755713          	srli	a4,a0,0x17
    376e:	00800637          	lui	a2,0x800
    3772:	fff60793          	addi	a5,a2,-1 # 7fffff <_data_lma+0x7f4deb>
    3776:	0ff77713          	andi	a4,a4,255
    377a:	07e00593          	li	a1,126
    377e:	00a7f6b3          	and	a3,a5,a0
    3782:	01f55793          	srli	a5,a0,0x1f
    3786:	4501                	li	a0,0
    3788:	00e5f463          	bgeu	a1,a4,3790 <__fixunssfsi+0x26>
    378c:	c399                	beqz	a5,3792 <__fixunssfsi+0x28>
    378e:	8082                	ret
    3790:	8082                	ret
    3792:	09e00793          	li	a5,158
    3796:	557d                	li	a0,-1
    3798:	fee7ebe3          	bltu	a5,a4,378e <__fixunssfsi+0x24>
    379c:	09500593          	li	a1,149
    37a0:	00c6e7b3          	or	a5,a3,a2
    37a4:	00e5d763          	bge	a1,a4,37b2 <__fixunssfsi+0x48>
    37a8:	f6a70713          	addi	a4,a4,-150 # fbffff6a <_eusrstack+0xdbff7f6a>
    37ac:	00e79533          	sll	a0,a5,a4
    37b0:	8082                	ret
    37b2:	09600513          	li	a0,150
    37b6:	40e50733          	sub	a4,a0,a4
    37ba:	00e7d533          	srl	a0,a5,a4
    37be:	8082                	ret

000037c0 <__floatsisf>:
    37c0:	1141                	addi	sp,sp,-16
    37c2:	c606                	sw	ra,12(sp)
    37c4:	c422                	sw	s0,8(sp)
    37c6:	c226                	sw	s1,4(sp)
    37c8:	cd0d                	beqz	a0,3802 <__floatsisf+0x42>
    37ca:	41f55793          	srai	a5,a0,0x1f
    37ce:	00a7c433          	xor	s0,a5,a0
    37d2:	8c1d                	sub	s0,s0,a5
    37d4:	84aa                	mv	s1,a0
    37d6:	8522                	mv	a0,s0
    37d8:	2425                	jal	3a00 <__clzsi2>
    37da:	09e00793          	li	a5,158
    37de:	40a78733          	sub	a4,a5,a0
    37e2:	09600793          	li	a5,150
    37e6:	80fd                	srli	s1,s1,0x1f
    37e8:	02e7cc63          	blt	a5,a4,3820 <__floatsisf+0x60>
    37ec:	46a1                	li	a3,8
    37ee:	0ff77793          	andi	a5,a4,255
    37f2:	00a6d563          	bge	a3,a0,37fc <__floatsisf+0x3c>
    37f6:	1561                	addi	a0,a0,-8
    37f8:	00a41433          	sll	s0,s0,a0
    37fc:	0426                	slli	s0,s0,0x9
    37fe:	8025                	srli	s0,s0,0x9
    3800:	a021                	j	3808 <__floatsisf+0x48>
    3802:	4481                	li	s1,0
    3804:	4781                	li	a5,0
    3806:	4401                	li	s0,0
    3808:	0426                	slli	s0,s0,0x9
    380a:	00945513          	srli	a0,s0,0x9
    380e:	40b2                	lw	ra,12(sp)
    3810:	4422                	lw	s0,8(sp)
    3812:	07de                	slli	a5,a5,0x17
    3814:	04fe                	slli	s1,s1,0x1f
    3816:	8d5d                	or	a0,a0,a5
    3818:	8d45                	or	a0,a0,s1
    381a:	4492                	lw	s1,4(sp)
    381c:	0141                	addi	sp,sp,16
    381e:	8082                	ret
    3820:	09900793          	li	a5,153
    3824:	00e7dd63          	bge	a5,a4,383e <__floatsisf+0x7e>
    3828:	01b50793          	addi	a5,a0,27
    382c:	4695                	li	a3,5
    382e:	00f417b3          	sll	a5,s0,a5
    3832:	8e89                	sub	a3,a3,a0
    3834:	00d45433          	srl	s0,s0,a3
    3838:	00f037b3          	snez	a5,a5
    383c:	8c5d                	or	s0,s0,a5
    383e:	4795                	li	a5,5
    3840:	00a7d663          	bge	a5,a0,384c <__floatsisf+0x8c>
    3844:	ffb50793          	addi	a5,a0,-5
    3848:	00f41433          	sll	s0,s0,a5
    384c:	fc0006b7          	lui	a3,0xfc000
    3850:	16fd                	addi	a3,a3,-1
    3852:	00747793          	andi	a5,s0,7
    3856:	00d47633          	and	a2,s0,a3
    385a:	c385                	beqz	a5,387a <__floatsisf+0xba>
    385c:	00f47793          	andi	a5,s0,15
    3860:	4591                	li	a1,4
    3862:	00b78c63          	beq	a5,a1,387a <__floatsisf+0xba>
    3866:	0611                	addi	a2,a2,4
    3868:	00561793          	slli	a5,a2,0x5
    386c:	0007d763          	bgez	a5,387a <__floatsisf+0xba>
    3870:	09f00793          	li	a5,159
    3874:	8e75                	and	a2,a2,a3
    3876:	40a78733          	sub	a4,a5,a0
    387a:	00661413          	slli	s0,a2,0x6
    387e:	8025                	srli	s0,s0,0x9
    3880:	0ff77793          	andi	a5,a4,255
    3884:	b751                	j	3808 <__floatsisf+0x48>

00003886 <__floatunsisf>:
    3886:	1141                	addi	sp,sp,-16
    3888:	c606                	sw	ra,12(sp)
    388a:	c422                	sw	s0,8(sp)
    388c:	cd15                	beqz	a0,38c8 <__floatunsisf+0x42>
    388e:	842a                	mv	s0,a0
    3890:	2a85                	jal	3a00 <__clzsi2>
    3892:	09e00793          	li	a5,158
    3896:	40a78733          	sub	a4,a5,a0
    389a:	09600793          	li	a5,150
    389e:	04e7c063          	blt	a5,a4,38de <__floatunsisf+0x58>
    38a2:	46a1                	li	a3,8
    38a4:	0ff77793          	andi	a5,a4,255
    38a8:	00a6d563          	bge	a3,a0,38b2 <__floatunsisf+0x2c>
    38ac:	1561                	addi	a0,a0,-8
    38ae:	00a41433          	sll	s0,s0,a0
    38b2:	0426                	slli	s0,s0,0x9
    38b4:	8025                	srli	s0,s0,0x9
    38b6:	0426                	slli	s0,s0,0x9
    38b8:	00945513          	srli	a0,s0,0x9
    38bc:	40b2                	lw	ra,12(sp)
    38be:	4422                	lw	s0,8(sp)
    38c0:	07de                	slli	a5,a5,0x17
    38c2:	8d5d                	or	a0,a0,a5
    38c4:	0141                	addi	sp,sp,16
    38c6:	8082                	ret
    38c8:	4401                	li	s0,0
    38ca:	0426                	slli	s0,s0,0x9
    38cc:	00945513          	srli	a0,s0,0x9
    38d0:	40b2                	lw	ra,12(sp)
    38d2:	4422                	lw	s0,8(sp)
    38d4:	4781                	li	a5,0
    38d6:	07de                	slli	a5,a5,0x17
    38d8:	8d5d                	or	a0,a0,a5
    38da:	0141                	addi	sp,sp,16
    38dc:	8082                	ret
    38de:	09900793          	li	a5,153
    38e2:	00e7dd63          	bge	a5,a4,38fc <__floatunsisf+0x76>
    38e6:	01b50793          	addi	a5,a0,27
    38ea:	4695                	li	a3,5
    38ec:	00f417b3          	sll	a5,s0,a5
    38f0:	8e89                	sub	a3,a3,a0
    38f2:	00f037b3          	snez	a5,a5
    38f6:	00d45433          	srl	s0,s0,a3
    38fa:	8c5d                	or	s0,s0,a5
    38fc:	4795                	li	a5,5
    38fe:	00a7d663          	bge	a5,a0,390a <__floatunsisf+0x84>
    3902:	ffb50793          	addi	a5,a0,-5
    3906:	00f41433          	sll	s0,s0,a5
    390a:	fc0006b7          	lui	a3,0xfc000
    390e:	16fd                	addi	a3,a3,-1
    3910:	00747793          	andi	a5,s0,7
    3914:	00d47633          	and	a2,s0,a3
    3918:	c385                	beqz	a5,3938 <__floatunsisf+0xb2>
    391a:	00f47793          	andi	a5,s0,15
    391e:	4591                	li	a1,4
    3920:	00b78c63          	beq	a5,a1,3938 <__floatunsisf+0xb2>
    3924:	0611                	addi	a2,a2,4
    3926:	00561793          	slli	a5,a2,0x5
    392a:	0007d763          	bgez	a5,3938 <__floatunsisf+0xb2>
    392e:	09f00793          	li	a5,159
    3932:	8e75                	and	a2,a2,a3
    3934:	40a78733          	sub	a4,a5,a0
    3938:	00661413          	slli	s0,a2,0x6
    393c:	8025                	srli	s0,s0,0x9
    393e:	0426                	slli	s0,s0,0x9
    3940:	00945513          	srli	a0,s0,0x9
    3944:	40b2                	lw	ra,12(sp)
    3946:	4422                	lw	s0,8(sp)
    3948:	0ff77793          	andi	a5,a4,255
    394c:	07de                	slli	a5,a5,0x17
    394e:	8d5d                	or	a0,a0,a5
    3950:	0141                	addi	sp,sp,16
    3952:	8082                	ret

00003954 <__extendsfdf2>:
    3954:	01755713          	srli	a4,a0,0x17
    3958:	0ff77713          	andi	a4,a4,255
    395c:	1141                	addi	sp,sp,-16
    395e:	00170793          	addi	a5,a4,1
    3962:	c422                	sw	s0,8(sp)
    3964:	c226                	sw	s1,4(sp)
    3966:	00951413          	slli	s0,a0,0x9
    396a:	c606                	sw	ra,12(sp)
    396c:	0fe7f793          	andi	a5,a5,254
    3970:	8025                	srli	s0,s0,0x9
    3972:	01f55493          	srli	s1,a0,0x1f
    3976:	c785                	beqz	a5,399e <__extendsfdf2+0x4a>
    3978:	00345793          	srli	a5,s0,0x3
    397c:	38070713          	addi	a4,a4,896
    3980:	0476                	slli	s0,s0,0x1d
    3982:	07b2                	slli	a5,a5,0xc
    3984:	0752                	slli	a4,a4,0x14
    3986:	83b1                	srli	a5,a5,0xc
    3988:	01f49513          	slli	a0,s1,0x1f
    398c:	8fd9                	or	a5,a5,a4
    398e:	8fc9                	or	a5,a5,a0
    3990:	40b2                	lw	ra,12(sp)
    3992:	8522                	mv	a0,s0
    3994:	4422                	lw	s0,8(sp)
    3996:	4492                	lw	s1,4(sp)
    3998:	85be                	mv	a1,a5
    399a:	0141                	addi	sp,sp,16
    399c:	8082                	ret
    399e:	eb05                	bnez	a4,39ce <__extendsfdf2+0x7a>
    39a0:	c439                	beqz	s0,39ee <__extendsfdf2+0x9a>
    39a2:	8522                	mv	a0,s0
    39a4:	28b1                	jal	3a00 <__clzsi2>
    39a6:	47a9                	li	a5,10
    39a8:	04a7c663          	blt	a5,a0,39f4 <__extendsfdf2+0xa0>
    39ac:	472d                	li	a4,11
    39ae:	8f09                	sub	a4,a4,a0
    39b0:	01550793          	addi	a5,a0,21
    39b4:	00e45733          	srl	a4,s0,a4
    39b8:	00f41433          	sll	s0,s0,a5
    39bc:	00c71793          	slli	a5,a4,0xc
    39c0:	38900713          	li	a4,905
    39c4:	8f09                	sub	a4,a4,a0
    39c6:	83b1                	srli	a5,a5,0xc
    39c8:	7ff77713          	andi	a4,a4,2047
    39cc:	bf5d                	j	3982 <__extendsfdf2+0x2e>
    39ce:	cc01                	beqz	s0,39e6 <__extendsfdf2+0x92>
    39d0:	00345713          	srli	a4,s0,0x3
    39d4:	000807b7          	lui	a5,0x80
    39d8:	8fd9                	or	a5,a5,a4
    39da:	07b2                	slli	a5,a5,0xc
    39dc:	0476                	slli	s0,s0,0x1d
    39de:	83b1                	srli	a5,a5,0xc
    39e0:	7ff00713          	li	a4,2047
    39e4:	bf79                	j	3982 <__extendsfdf2+0x2e>
    39e6:	7ff00713          	li	a4,2047
    39ea:	4781                	li	a5,0
    39ec:	bf59                	j	3982 <__extendsfdf2+0x2e>
    39ee:	4701                	li	a4,0
    39f0:	4781                	li	a5,0
    39f2:	bf41                	j	3982 <__extendsfdf2+0x2e>
    39f4:	ff550713          	addi	a4,a0,-11
    39f8:	00e41733          	sll	a4,s0,a4
    39fc:	4401                	li	s0,0
    39fe:	bf7d                	j	39bc <__extendsfdf2+0x68>

00003a00 <__clzsi2>:
    3a00:	67c1                	lui	a5,0x10
    3a02:	02f57c63          	bgeu	a0,a5,3a3a <__clzsi2+0x3a>
    3a06:	0ff00793          	li	a5,255
    3a0a:	02000713          	li	a4,32
    3a0e:	00a7eb63          	bltu	a5,a0,3a24 <__clzsi2+0x24>
    3a12:	00007797          	auipc	a5,0x7
    3a16:	31e78793          	addi	a5,a5,798 # ad30 <__clz_tab>
    3a1a:	97aa                	add	a5,a5,a0
    3a1c:	2388                	lbu	a0,0(a5)
    3a1e:	40a70533          	sub	a0,a4,a0
    3a22:	8082                	ret
    3a24:	8121                	srli	a0,a0,0x8
    3a26:	00007797          	auipc	a5,0x7
    3a2a:	30a78793          	addi	a5,a5,778 # ad30 <__clz_tab>
    3a2e:	97aa                	add	a5,a5,a0
    3a30:	2388                	lbu	a0,0(a5)
    3a32:	4761                	li	a4,24
    3a34:	40a70533          	sub	a0,a4,a0
    3a38:	8082                	ret
    3a3a:	010007b7          	lui	a5,0x1000
    3a3e:	00f56d63          	bltu	a0,a5,3a58 <__clzsi2+0x58>
    3a42:	8161                	srli	a0,a0,0x18
    3a44:	00007797          	auipc	a5,0x7
    3a48:	2ec78793          	addi	a5,a5,748 # ad30 <__clz_tab>
    3a4c:	97aa                	add	a5,a5,a0
    3a4e:	2388                	lbu	a0,0(a5)
    3a50:	4721                	li	a4,8
    3a52:	40a70533          	sub	a0,a4,a0
    3a56:	8082                	ret
    3a58:	8141                	srli	a0,a0,0x10
    3a5a:	00007797          	auipc	a5,0x7
    3a5e:	2d678793          	addi	a5,a5,726 # ad30 <__clz_tab>
    3a62:	97aa                	add	a5,a5,a0
    3a64:	2388                	lbu	a0,0(a5)
    3a66:	4741                	li	a4,16
    3a68:	40a70533          	sub	a0,a4,a0
    3a6c:	8082                	ret

00003a6e <__cvt>:
    3a6e:	7179                	addi	sp,sp,-48
    3a70:	d422                	sw	s0,40(sp)
    3a72:	d04a                	sw	s2,32(sp)
    3a74:	cc52                	sw	s4,24(sp)
    3a76:	ca56                	sw	s5,20(sp)
    3a78:	c85a                	sw	s6,16(sp)
    3a7a:	d606                	sw	ra,44(sp)
    3a7c:	d226                	sw	s1,36(sp)
    3a7e:	ce4e                	sw	s3,28(sp)
    3a80:	8a3a                	mv	s4,a4
    3a82:	8aae                	mv	s5,a1
    3a84:	8432                	mv	s0,a2
    3a86:	8936                	mv	s2,a3
    3a88:	8b42                	mv	s6,a6
    3a8a:	4701                	li	a4,0
    3a8c:	00065863          	bgez	a2,3a9c <__cvt+0x2e>
    3a90:	80000737          	lui	a4,0x80000
    3a94:	00c74433          	xor	s0,a4,a2
    3a98:	02d00713          	li	a4,45
    3a9c:	a398                	sb	a4,0(a5)
    3a9e:	fdf8f493          	andi	s1,a7,-33
    3aa2:	04600793          	li	a5,70
    3aa6:	468d                	li	a3,3
    3aa8:	00f48863          	beq	s1,a5,3ab8 <__cvt+0x4a>
    3aac:	04500793          	li	a5,69
    3ab0:	4689                	li	a3,2
    3ab2:	00f49363          	bne	s1,a5,3ab8 <__cvt+0x4a>
    3ab6:	0905                	addi	s2,s2,1
    3ab8:	87da                	mv	a5,s6
    3aba:	00c10893          	addi	a7,sp,12
    3abe:	00810813          	addi	a6,sp,8
    3ac2:	874a                	mv	a4,s2
    3ac4:	85d6                	mv	a1,s5
    3ac6:	8622                	mv	a2,s0
    3ac8:	0ee020ef          	jal	ra,5bb6 <_dtoa_r>
    3acc:	04700793          	li	a5,71
    3ad0:	89aa                	mv	s3,a0
    3ad2:	00f49663          	bne	s1,a5,3ade <__cvt+0x70>
    3ad6:	001a7a13          	andi	s4,s4,1
    3ada:	040a0a63          	beqz	s4,3b2e <__cvt+0xc0>
    3ade:	04600793          	li	a5,70
    3ae2:	01298a33          	add	s4,s3,s2
    3ae6:	02f49763          	bne	s1,a5,3b14 <__cvt+0xa6>
    3aea:	0009c703          	lbu	a4,0(s3)
    3aee:	03000793          	li	a5,48
    3af2:	00f71e63          	bne	a4,a5,3b0e <__cvt+0xa0>
    3af6:	4601                	li	a2,0
    3af8:	4681                	li	a3,0
    3afa:	8556                	mv	a0,s5
    3afc:	85a2                	mv	a1,s0
    3afe:	77d050ef          	jal	ra,9a7a <__eqdf2>
    3b02:	c511                	beqz	a0,3b0e <__cvt+0xa0>
    3b04:	4785                	li	a5,1
    3b06:	41278933          	sub	s2,a5,s2
    3b0a:	012b2023          	sw	s2,0(s6)
    3b0e:	000b2783          	lw	a5,0(s6)
    3b12:	9a3e                	add	s4,s4,a5
    3b14:	4601                	li	a2,0
    3b16:	4681                	li	a3,0
    3b18:	8556                	mv	a0,s5
    3b1a:	85a2                	mv	a1,s0
    3b1c:	75f050ef          	jal	ra,9a7a <__eqdf2>
    3b20:	e111                	bnez	a0,3b24 <__cvt+0xb6>
    3b22:	c652                	sw	s4,12(sp)
    3b24:	03000713          	li	a4,48
    3b28:	47b2                	lw	a5,12(sp)
    3b2a:	0347e263          	bltu	a5,s4,3b4e <__cvt+0xe0>
    3b2e:	47b2                	lw	a5,12(sp)
    3b30:	5742                	lw	a4,48(sp)
    3b32:	50b2                	lw	ra,44(sp)
    3b34:	5422                	lw	s0,40(sp)
    3b36:	413787b3          	sub	a5,a5,s3
    3b3a:	c31c                	sw	a5,0(a4)
    3b3c:	854e                	mv	a0,s3
    3b3e:	5492                	lw	s1,36(sp)
    3b40:	5902                	lw	s2,32(sp)
    3b42:	49f2                	lw	s3,28(sp)
    3b44:	4a62                	lw	s4,24(sp)
    3b46:	4ad2                	lw	s5,20(sp)
    3b48:	4b42                	lw	s6,16(sp)
    3b4a:	6145                	addi	sp,sp,48
    3b4c:	8082                	ret
    3b4e:	00178693          	addi	a3,a5,1
    3b52:	c636                	sw	a3,12(sp)
    3b54:	a398                	sb	a4,0(a5)
    3b56:	bfc9                	j	3b28 <__cvt+0xba>

00003b58 <__exponent>:
    3b58:	a110                	sb	a2,0(a0)
    3b5a:	00250713          	addi	a4,a0,2
    3b5e:	02b00793          	li	a5,43
    3b62:	0005d663          	bgez	a1,3b6e <__exponent+0x16>
    3b66:	40b005b3          	neg	a1,a1
    3b6a:	02d00793          	li	a5,45
    3b6e:	b11c                	sb	a5,1(a0)
    3b70:	47a5                	li	a5,9
    3b72:	04b7da63          	bge	a5,a1,3bc6 <__exponent+0x6e>
    3b76:	1141                	addi	sp,sp,-16
    3b78:	00f10793          	addi	a5,sp,15
    3b7c:	88be                	mv	a7,a5
    3b7e:	4829                	li	a6,10
    3b80:	06300313          	li	t1,99
    3b84:	0305e6b3          	rem	a3,a1,a6
    3b88:	fff78613          	addi	a2,a5,-1
    3b8c:	03068693          	addi	a3,a3,48 # fc000030 <_eusrstack+0xdbff8030>
    3b90:	fed78fa3          	sb	a3,-1(a5)
    3b94:	0305c6b3          	div	a3,a1,a6
    3b98:	00b34d63          	blt	t1,a1,3bb2 <__exponent+0x5a>
    3b9c:	03068693          	addi	a3,a3,48
    3ba0:	17f9                	addi	a5,a5,-2
    3ba2:	fed60fa3          	sb	a3,-1(a2)
    3ba6:	0117e963          	bltu	a5,a7,3bb8 <__exponent+0x60>
    3baa:	40a70533          	sub	a0,a4,a0
    3bae:	0141                	addi	sp,sp,16
    3bb0:	8082                	ret
    3bb2:	87b2                	mv	a5,a2
    3bb4:	85b6                	mv	a1,a3
    3bb6:	b7f9                	j	3b84 <__exponent+0x2c>
    3bb8:	0785                	addi	a5,a5,1
    3bba:	fff7c683          	lbu	a3,-1(a5)
    3bbe:	0705                	addi	a4,a4,1
    3bc0:	fed70fa3          	sb	a3,-1(a4) # 7fffffff <_eusrstack+0x5fff7fff>
    3bc4:	b7cd                	j	3ba6 <__exponent+0x4e>
    3bc6:	03000793          	li	a5,48
    3bca:	00450713          	addi	a4,a0,4
    3bce:	03058593          	addi	a1,a1,48 # 10030 <_data_lma+0x4e1c>
    3bd2:	a13c                	sb	a5,2(a0)
    3bd4:	b12c                	sb	a1,3(a0)
    3bd6:	40a70533          	sub	a0,a4,a0
    3bda:	8082                	ret

00003bdc <_printf_float>:
    3bdc:	7119                	addi	sp,sp,-128
    3bde:	ce3a                	sw	a4,28(sp)
    3be0:	de86                	sw	ra,124(sp)
    3be2:	dca2                	sw	s0,120(sp)
    3be4:	daa6                	sw	s1,116(sp)
    3be6:	842e                	mv	s0,a1
    3be8:	d8ca                	sw	s2,112(sp)
    3bea:	d6ce                	sw	s3,108(sp)
    3bec:	d4d2                	sw	s4,104(sp)
    3bee:	89b6                	mv	s3,a3
    3bf0:	d0da                	sw	s6,96(sp)
    3bf2:	cede                	sw	s7,92(sp)
    3bf4:	cce2                	sw	s8,88(sp)
    3bf6:	8932                	mv	s2,a2
    3bf8:	d2d6                	sw	s5,100(sp)
    3bfa:	cae6                	sw	s9,84(sp)
    3bfc:	c8ea                	sw	s10,80(sp)
    3bfe:	c6ee                	sw	s11,76(sp)
    3c00:	84aa                	mv	s1,a0
    3c02:	6ec030ef          	jal	ra,72ee <_localeconv_r>
    3c06:	00052b83          	lw	s7,0(a0)
    3c0a:	855e                	mv	a0,s7
    3c0c:	627000ef          	jal	ra,4a32 <strlen>
    3c10:	00042b03          	lw	s6,0(s0) # 4000000 <_data_lma+0x3ff4dec>
    3c14:	4772                	lw	a4,28(sp)
    3c16:	dc02                	sw	zero,56(sp)
    3c18:	100b7693          	andi	a3,s6,256
    3c1c:	8c2a                	mv	s8,a0
    3c1e:	01844a03          	lbu	s4,24(s0)
    3c22:	431c                	lw	a5,0(a4)
    3c24:	caf1                	beqz	a3,3cf8 <_printf_float+0x11c>
    3c26:	00478693          	addi	a3,a5,4
    3c2a:	c314                	sw	a3,0(a4)
    3c2c:	439c                	lw	a5,0(a5)
    3c2e:	1008                	addi	a0,sp,32
    3c30:	4398                	lw	a4,0(a5)
    3c32:	d03a                	sw	a4,32(sp)
    3c34:	43d8                	lw	a4,4(a5)
    3c36:	d23a                	sw	a4,36(sp)
    3c38:	4798                	lw	a4,8(a5)
    3c3a:	d43a                	sw	a4,40(sp)
    3c3c:	47dc                	lw	a5,12(a5)
    3c3e:	d63e                	sw	a5,44(sp)
    3c40:	3b9060ef          	jal	ra,a7f8 <__trunctfdf2>
    3c44:	c428                	sw	a0,72(s0)
    3c46:	c46c                	sw	a1,76(s0)
    3c48:	04c42c83          	lw	s9,76(s0)
    3c4c:	00007717          	auipc	a4,0x7
    3c50:	1e470713          	addi	a4,a4,484 # ae30 <__clz_tab+0x100>
    3c54:	04842a83          	lw	s5,72(s0)
    3c58:	00072d03          	lw	s10,0(a4)
    3c5c:	00472d83          	lw	s11,4(a4)
    3c60:	001c9793          	slli	a5,s9,0x1
    3c64:	8385                	srli	a5,a5,0x1
    3c66:	866a                	mv	a2,s10
    3c68:	86ee                	mv	a3,s11
    3c6a:	8556                	mv	a0,s5
    3c6c:	85be                	mv	a1,a5
    3c6e:	ce3e                	sw	a5,28(sp)
    3c70:	716060ef          	jal	ra,a386 <__unorddf2>
    3c74:	ed41                	bnez	a0,3d0c <_printf_float+0x130>
    3c76:	47f2                	lw	a5,28(sp)
    3c78:	866a                	mv	a2,s10
    3c7a:	86ee                	mv	a3,s11
    3c7c:	8556                	mv	a0,s5
    3c7e:	85be                	mv	a1,a5
    3c80:	713050ef          	jal	ra,9b92 <__ledf2>
    3c84:	08a05463          	blez	a0,3d0c <_printf_float+0x130>
    3c88:	4601                	li	a2,0
    3c8a:	4681                	li	a3,0
    3c8c:	8556                	mv	a0,s5
    3c8e:	85e6                	mv	a1,s9
    3c90:	703050ef          	jal	ra,9b92 <__ledf2>
    3c94:	00055663          	bgez	a0,3ca0 <_printf_float+0xc4>
    3c98:	02d00793          	li	a5,45
    3c9c:	04f401a3          	sb	a5,67(s0)
    3ca0:	04700793          	li	a5,71
    3ca4:	00007a97          	auipc	s5,0x7
    3ca8:	194a8a93          	addi	s5,s5,404 # ae38 <__clz_tab+0x108>
    3cac:	0147f663          	bgeu	a5,s4,3cb8 <_printf_float+0xdc>
    3cb0:	00007a97          	auipc	s5,0x7
    3cb4:	18ca8a93          	addi	s5,s5,396 # ae3c <__clz_tab+0x10c>
    3cb8:	ffbb7b13          	andi	s6,s6,-5
    3cbc:	478d                	li	a5,3
    3cbe:	01642023          	sw	s6,0(s0)
    3cc2:	c81c                	sw	a5,16(s0)
    3cc4:	4b01                	li	s6,0
    3cc6:	874e                	mv	a4,s3
    3cc8:	86ca                	mv	a3,s2
    3cca:	1870                	addi	a2,sp,60
    3ccc:	85a2                	mv	a1,s0
    3cce:	8526                	mv	a0,s1
    3cd0:	26f1                	jal	409c <_printf_common>
    3cd2:	5cfd                	li	s9,-1
    3cd4:	15951c63          	bne	a0,s9,3e2c <_printf_float+0x250>
    3cd8:	557d                	li	a0,-1
    3cda:	50f6                	lw	ra,124(sp)
    3cdc:	5466                	lw	s0,120(sp)
    3cde:	54d6                	lw	s1,116(sp)
    3ce0:	5946                	lw	s2,112(sp)
    3ce2:	59b6                	lw	s3,108(sp)
    3ce4:	5a26                	lw	s4,104(sp)
    3ce6:	5a96                	lw	s5,100(sp)
    3ce8:	5b06                	lw	s6,96(sp)
    3cea:	4bf6                	lw	s7,92(sp)
    3cec:	4c66                	lw	s8,88(sp)
    3cee:	4cd6                	lw	s9,84(sp)
    3cf0:	4d46                	lw	s10,80(sp)
    3cf2:	4db6                	lw	s11,76(sp)
    3cf4:	6109                	addi	sp,sp,128
    3cf6:	8082                	ret
    3cf8:	079d                	addi	a5,a5,7
    3cfa:	9be1                	andi	a5,a5,-8
    3cfc:	00878693          	addi	a3,a5,8
    3d00:	c314                	sw	a3,0(a4)
    3d02:	4398                	lw	a4,0(a5)
    3d04:	43dc                	lw	a5,4(a5)
    3d06:	c438                	sw	a4,72(s0)
    3d08:	c47c                	sw	a5,76(s0)
    3d0a:	bf3d                	j	3c48 <_printf_float+0x6c>
    3d0c:	8656                	mv	a2,s5
    3d0e:	86e6                	mv	a3,s9
    3d10:	8556                	mv	a0,s5
    3d12:	85e6                	mv	a1,s9
    3d14:	672060ef          	jal	ra,a386 <__unorddf2>
    3d18:	cd11                	beqz	a0,3d34 <_printf_float+0x158>
    3d1a:	04700793          	li	a5,71
    3d1e:	00007a97          	auipc	s5,0x7
    3d22:	122a8a93          	addi	s5,s5,290 # ae40 <__clz_tab+0x110>
    3d26:	f947f9e3          	bgeu	a5,s4,3cb8 <_printf_float+0xdc>
    3d2a:	00007a97          	auipc	s5,0x7
    3d2e:	11aa8a93          	addi	s5,s5,282 # ae44 <__clz_tab+0x114>
    3d32:	b759                	j	3cb8 <_printf_float+0xdc>
    3d34:	405c                	lw	a5,4(s0)
    3d36:	577d                	li	a4,-1
    3d38:	0dfa7d13          	andi	s10,s4,223
    3d3c:	08e79363          	bne	a5,a4,3dc2 <_printf_float+0x1e6>
    3d40:	4799                	li	a5,6
    3d42:	c05c                	sw	a5,4(s0)
    3d44:	4054                	lw	a3,4(s0)
    3d46:	400b6713          	ori	a4,s6,1024
    3d4a:	183c                	addi	a5,sp,56
    3d4c:	85d6                	mv	a1,s5
    3d4e:	c03e                	sw	a5,0(sp)
    3d50:	c018                	sw	a4,0(s0)
    3d52:	03310793          	addi	a5,sp,51
    3d56:	c202                	sw	zero,4(sp)
    3d58:	88d2                	mv	a7,s4
    3d5a:	03410813          	addi	a6,sp,52
    3d5e:	8666                	mv	a2,s9
    3d60:	8526                	mv	a0,s1
    3d62:	3331                	jal	3a6e <__cvt>
    3d64:	04700793          	li	a5,71
    3d68:	8aaa                	mv	s5,a0
    3d6a:	55d2                	lw	a1,52(sp)
    3d6c:	00fd1b63          	bne	s10,a5,3d82 <_printf_float+0x1a6>
    3d70:	57f5                	li	a5,-3
    3d72:	00f5c563          	blt	a1,a5,3d7c <_printf_float+0x1a0>
    3d76:	405c                	lw	a5,4(s0)
    3d78:	08b7d763          	bge	a5,a1,3e06 <_printf_float+0x22a>
    3d7c:	1a79                	addi	s4,s4,-2
    3d7e:	0ffa7a13          	andi	s4,s4,255
    3d82:	06500793          	li	a5,101
    3d86:	0547e563          	bltu	a5,s4,3dd0 <_printf_float+0x1f4>
    3d8a:	15fd                	addi	a1,a1,-1
    3d8c:	8652                	mv	a2,s4
    3d8e:	05040513          	addi	a0,s0,80
    3d92:	da2e                	sw	a1,52(sp)
    3d94:	33d1                	jal	3b58 <__exponent>
    3d96:	5762                	lw	a4,56(sp)
    3d98:	4685                	li	a3,1
    3d9a:	8b2a                	mv	s6,a0
    3d9c:	00a707b3          	add	a5,a4,a0
    3da0:	c81c                	sw	a5,16(s0)
    3da2:	00e6c563          	blt	a3,a4,3dac <_printf_float+0x1d0>
    3da6:	4018                	lw	a4,0(s0)
    3da8:	8b05                	andi	a4,a4,1
    3daa:	c319                	beqz	a4,3db0 <_printf_float+0x1d4>
    3dac:	0785                	addi	a5,a5,1
    3dae:	c81c                	sw	a5,16(s0)
    3db0:	03314783          	lbu	a5,51(sp)
    3db4:	f00789e3          	beqz	a5,3cc6 <_printf_float+0xea>
    3db8:	02d00793          	li	a5,45
    3dbc:	04f401a3          	sb	a5,67(s0)
    3dc0:	b719                	j	3cc6 <_printf_float+0xea>
    3dc2:	04700713          	li	a4,71
    3dc6:	f6ed1fe3          	bne	s10,a4,3d44 <_printf_float+0x168>
    3dca:	ffad                	bnez	a5,3d44 <_printf_float+0x168>
    3dcc:	4785                	li	a5,1
    3dce:	bf95                	j	3d42 <_printf_float+0x166>
    3dd0:	06600793          	li	a5,102
    3dd4:	02fa1b63          	bne	s4,a5,3e0a <_printf_float+0x22e>
    3dd8:	405c                	lw	a5,4(s0)
    3dda:	00b05b63          	blez	a1,3df0 <_printf_float+0x214>
    3dde:	c80c                	sw	a1,16(s0)
    3de0:	e781                	bnez	a5,3de8 <_printf_float+0x20c>
    3de2:	4018                	lw	a4,0(s0)
    3de4:	8b05                	andi	a4,a4,1
    3de6:	cf09                	beqz	a4,3e00 <_printf_float+0x224>
    3de8:	0785                	addi	a5,a5,1
    3dea:	97ae                	add	a5,a5,a1
    3dec:	c81c                	sw	a5,16(s0)
    3dee:	a809                	j	3e00 <_printf_float+0x224>
    3df0:	e789                	bnez	a5,3dfa <_printf_float+0x21e>
    3df2:	4018                	lw	a4,0(s0)
    3df4:	4685                	li	a3,1
    3df6:	8b05                	andi	a4,a4,1
    3df8:	c319                	beqz	a4,3dfe <_printf_float+0x222>
    3dfa:	00278693          	addi	a3,a5,2
    3dfe:	c814                	sw	a3,16(s0)
    3e00:	cc2c                	sw	a1,88(s0)
    3e02:	4b01                	li	s6,0
    3e04:	b775                	j	3db0 <_printf_float+0x1d4>
    3e06:	06700a13          	li	s4,103
    3e0a:	57e2                	lw	a5,56(sp)
    3e0c:	00f5c963          	blt	a1,a5,3e1e <_printf_float+0x242>
    3e10:	401c                	lw	a5,0(s0)
    3e12:	c80c                	sw	a1,16(s0)
    3e14:	8b85                	andi	a5,a5,1
    3e16:	d7ed                	beqz	a5,3e00 <_printf_float+0x224>
    3e18:	00158793          	addi	a5,a1,1
    3e1c:	bfc1                	j	3dec <_printf_float+0x210>
    3e1e:	4705                	li	a4,1
    3e20:	00b04463          	bgtz	a1,3e28 <_printf_float+0x24c>
    3e24:	4709                	li	a4,2
    3e26:	8f0d                	sub	a4,a4,a1
    3e28:	97ba                	add	a5,a5,a4
    3e2a:	b7c9                	j	3dec <_printf_float+0x210>
    3e2c:	401c                	lw	a5,0(s0)
    3e2e:	4007f713          	andi	a4,a5,1024
    3e32:	e315                	bnez	a4,3e56 <_printf_float+0x27a>
    3e34:	4814                	lw	a3,16(s0)
    3e36:	8656                	mv	a2,s5
    3e38:	85ca                	mv	a1,s2
    3e3a:	8526                	mv	a0,s1
    3e3c:	9982                	jalr	s3
    3e3e:	e9950de3          	beq	a0,s9,3cd8 <_printf_float+0xfc>
    3e42:	401c                	lw	a5,0(s0)
    3e44:	8b89                	andi	a5,a5,2
    3e46:	24079663          	bnez	a5,4092 <_printf_float+0x4b6>
    3e4a:	57f2                	lw	a5,60(sp)
    3e4c:	4448                	lw	a0,12(s0)
    3e4e:	e8f556e3          	bge	a0,a5,3cda <_printf_float+0xfe>
    3e52:	853e                	mv	a0,a5
    3e54:	b559                	j	3cda <_printf_float+0xfe>
    3e56:	06500713          	li	a4,101
    3e5a:	19477b63          	bgeu	a4,s4,3ff0 <_printf_float+0x414>
    3e5e:	4428                	lw	a0,72(s0)
    3e60:	446c                	lw	a1,76(s0)
    3e62:	4601                	li	a2,0
    3e64:	4681                	li	a3,0
    3e66:	415050ef          	jal	ra,9a7a <__eqdf2>
    3e6a:	e939                	bnez	a0,3ec0 <_printf_float+0x2e4>
    3e6c:	4685                	li	a3,1
    3e6e:	00007617          	auipc	a2,0x7
    3e72:	fda60613          	addi	a2,a2,-38 # ae48 <__clz_tab+0x118>
    3e76:	85ca                	mv	a1,s2
    3e78:	8526                	mv	a0,s1
    3e7a:	9982                	jalr	s3
    3e7c:	e5950ee3          	beq	a0,s9,3cd8 <_printf_float+0xfc>
    3e80:	5752                	lw	a4,52(sp)
    3e82:	57e2                	lw	a5,56(sp)
    3e84:	00f74563          	blt	a4,a5,3e8e <_printf_float+0x2b2>
    3e88:	401c                	lw	a5,0(s0)
    3e8a:	8b85                	andi	a5,a5,1
    3e8c:	dbdd                	beqz	a5,3e42 <_printf_float+0x266>
    3e8e:	86e2                	mv	a3,s8
    3e90:	865e                	mv	a2,s7
    3e92:	85ca                	mv	a1,s2
    3e94:	8526                	mv	a0,s1
    3e96:	9982                	jalr	s3
    3e98:	57fd                	li	a5,-1
    3e9a:	e2f50fe3          	beq	a0,a5,3cd8 <_printf_float+0xfc>
    3e9e:	4a01                	li	s4,0
    3ea0:	01a40a93          	addi	s5,s0,26
    3ea4:	5b7d                	li	s6,-1
    3ea6:	57e2                	lw	a5,56(sp)
    3ea8:	17fd                	addi	a5,a5,-1
    3eaa:	f8fa5ce3          	bge	s4,a5,3e42 <_printf_float+0x266>
    3eae:	4685                	li	a3,1
    3eb0:	8656                	mv	a2,s5
    3eb2:	85ca                	mv	a1,s2
    3eb4:	8526                	mv	a0,s1
    3eb6:	9982                	jalr	s3
    3eb8:	e36500e3          	beq	a0,s6,3cd8 <_printf_float+0xfc>
    3ebc:	0a05                	addi	s4,s4,1
    3ebe:	b7e5                	j	3ea6 <_printf_float+0x2ca>
    3ec0:	57d2                	lw	a5,52(sp)
    3ec2:	06f04663          	bgtz	a5,3f2e <_printf_float+0x352>
    3ec6:	4685                	li	a3,1
    3ec8:	00007617          	auipc	a2,0x7
    3ecc:	f8060613          	addi	a2,a2,-128 # ae48 <__clz_tab+0x118>
    3ed0:	85ca                	mv	a1,s2
    3ed2:	8526                	mv	a0,s1
    3ed4:	9982                	jalr	s3
    3ed6:	e19501e3          	beq	a0,s9,3cd8 <_printf_float+0xfc>
    3eda:	57d2                	lw	a5,52(sp)
    3edc:	5762                	lw	a4,56(sp)
    3ede:	8fd9                	or	a5,a5,a4
    3ee0:	e781                	bnez	a5,3ee8 <_printf_float+0x30c>
    3ee2:	401c                	lw	a5,0(s0)
    3ee4:	8b85                	andi	a5,a5,1
    3ee6:	dfb1                	beqz	a5,3e42 <_printf_float+0x266>
    3ee8:	86e2                	mv	a3,s8
    3eea:	865e                	mv	a2,s7
    3eec:	85ca                	mv	a1,s2
    3eee:	8526                	mv	a0,s1
    3ef0:	9982                	jalr	s3
    3ef2:	57fd                	li	a5,-1
    3ef4:	def502e3          	beq	a0,a5,3cd8 <_printf_float+0xfc>
    3ef8:	4a01                	li	s4,0
    3efa:	01a40b13          	addi	s6,s0,26
    3efe:	5bfd                	li	s7,-1
    3f00:	57d2                	lw	a5,52(sp)
    3f02:	40f007b3          	neg	a5,a5
    3f06:	00fa4b63          	blt	s4,a5,3f1c <_printf_float+0x340>
    3f0a:	56e2                	lw	a3,56(sp)
    3f0c:	8656                	mv	a2,s5
    3f0e:	85ca                	mv	a1,s2
    3f10:	8526                	mv	a0,s1
    3f12:	9982                	jalr	s3
    3f14:	57fd                	li	a5,-1
    3f16:	f2f516e3          	bne	a0,a5,3e42 <_printf_float+0x266>
    3f1a:	bb7d                	j	3cd8 <_printf_float+0xfc>
    3f1c:	4685                	li	a3,1
    3f1e:	865a                	mv	a2,s6
    3f20:	85ca                	mv	a1,s2
    3f22:	8526                	mv	a0,s1
    3f24:	9982                	jalr	s3
    3f26:	db7509e3          	beq	a0,s7,3cd8 <_printf_float+0xfc>
    3f2a:	0a05                	addi	s4,s4,1
    3f2c:	bfd1                	j	3f00 <_printf_float+0x324>
    3f2e:	4c3c                	lw	a5,88(s0)
    3f30:	5a62                	lw	s4,56(sp)
    3f32:	0147d363          	bge	a5,s4,3f38 <_printf_float+0x35c>
    3f36:	8a3e                	mv	s4,a5
    3f38:	01405a63          	blez	s4,3f4c <_printf_float+0x370>
    3f3c:	86d2                	mv	a3,s4
    3f3e:	8656                	mv	a2,s5
    3f40:	85ca                	mv	a1,s2
    3f42:	8526                	mv	a0,s1
    3f44:	9982                	jalr	s3
    3f46:	57fd                	li	a5,-1
    3f48:	d8f508e3          	beq	a0,a5,3cd8 <_printf_float+0xfc>
    3f4c:	4c81                	li	s9,0
    3f4e:	01a40d13          	addi	s10,s0,26
    3f52:	5dfd                	li	s11,-1
    3f54:	a809                	j	3f66 <_printf_float+0x38a>
    3f56:	4685                	li	a3,1
    3f58:	866a                	mv	a2,s10
    3f5a:	85ca                	mv	a1,s2
    3f5c:	8526                	mv	a0,s1
    3f5e:	9982                	jalr	s3
    3f60:	d7b50ce3          	beq	a0,s11,3cd8 <_printf_float+0xfc>
    3f64:	0c85                	addi	s9,s9,1
    3f66:	05842b03          	lw	s6,88(s0)
    3f6a:	87d2                	mv	a5,s4
    3f6c:	000a5363          	bgez	s4,3f72 <_printf_float+0x396>
    3f70:	4781                	li	a5,0
    3f72:	40fb07b3          	sub	a5,s6,a5
    3f76:	fefcc0e3          	blt	s9,a5,3f56 <_printf_float+0x37a>
    3f7a:	5752                	lw	a4,52(sp)
    3f7c:	57e2                	lw	a5,56(sp)
    3f7e:	02f74d63          	blt	a4,a5,3fb8 <_printf_float+0x3dc>
    3f82:	401c                	lw	a5,0(s0)
    3f84:	8b85                	andi	a5,a5,1
    3f86:	eb8d                	bnez	a5,3fb8 <_printf_float+0x3dc>
    3f88:	57e2                	lw	a5,56(sp)
    3f8a:	5752                	lw	a4,52(sp)
    3f8c:	40e78a33          	sub	s4,a5,a4
    3f90:	00eb4463          	blt	s6,a4,3f98 <_printf_float+0x3bc>
    3f94:	41678a33          	sub	s4,a5,s6
    3f98:	01405b63          	blez	s4,3fae <_printf_float+0x3d2>
    3f9c:	86d2                	mv	a3,s4
    3f9e:	016a8633          	add	a2,s5,s6
    3fa2:	85ca                	mv	a1,s2
    3fa4:	8526                	mv	a0,s1
    3fa6:	9982                	jalr	s3
    3fa8:	57fd                	li	a5,-1
    3faa:	d2f507e3          	beq	a0,a5,3cd8 <_printf_float+0xfc>
    3fae:	4a81                	li	s5,0
    3fb0:	01a40b13          	addi	s6,s0,26
    3fb4:	5bfd                	li	s7,-1
    3fb6:	a015                	j	3fda <_printf_float+0x3fe>
    3fb8:	86e2                	mv	a3,s8
    3fba:	865e                	mv	a2,s7
    3fbc:	85ca                	mv	a1,s2
    3fbe:	8526                	mv	a0,s1
    3fc0:	9982                	jalr	s3
    3fc2:	57fd                	li	a5,-1
    3fc4:	fcf512e3          	bne	a0,a5,3f88 <_printf_float+0x3ac>
    3fc8:	bb01                	j	3cd8 <_printf_float+0xfc>
    3fca:	4685                	li	a3,1
    3fcc:	865a                	mv	a2,s6
    3fce:	85ca                	mv	a1,s2
    3fd0:	8526                	mv	a0,s1
    3fd2:	9982                	jalr	s3
    3fd4:	d17502e3          	beq	a0,s7,3cd8 <_printf_float+0xfc>
    3fd8:	0a85                	addi	s5,s5,1
    3fda:	5752                	lw	a4,52(sp)
    3fdc:	57e2                	lw	a5,56(sp)
    3fde:	8f99                	sub	a5,a5,a4
    3fe0:	8752                	mv	a4,s4
    3fe2:	000a5363          	bgez	s4,3fe8 <_printf_float+0x40c>
    3fe6:	4701                	li	a4,0
    3fe8:	8f99                	sub	a5,a5,a4
    3fea:	fefac0e3          	blt	s5,a5,3fca <_printf_float+0x3ee>
    3fee:	bd91                	j	3e42 <_printf_float+0x266>
    3ff0:	56e2                	lw	a3,56(sp)
    3ff2:	4705                	li	a4,1
    3ff4:	00d74463          	blt	a4,a3,3ffc <_printf_float+0x420>
    3ff8:	8b85                	andi	a5,a5,1
    3ffa:	c7b5                	beqz	a5,4066 <_printf_float+0x48a>
    3ffc:	4685                	li	a3,1
    3ffe:	8656                	mv	a2,s5
    4000:	85ca                	mv	a1,s2
    4002:	8526                	mv	a0,s1
    4004:	9982                	jalr	s3
    4006:	5a7d                	li	s4,-1
    4008:	cd4508e3          	beq	a0,s4,3cd8 <_printf_float+0xfc>
    400c:	86e2                	mv	a3,s8
    400e:	865e                	mv	a2,s7
    4010:	85ca                	mv	a1,s2
    4012:	8526                	mv	a0,s1
    4014:	9982                	jalr	s3
    4016:	cd4501e3          	beq	a0,s4,3cd8 <_printf_float+0xfc>
    401a:	4428                	lw	a0,72(s0)
    401c:	446c                	lw	a1,76(s0)
    401e:	4601                	li	a2,0
    4020:	4681                	li	a3,0
    4022:	259050ef          	jal	ra,9a7a <__eqdf2>
    4026:	c91d                	beqz	a0,405c <_printf_float+0x480>
    4028:	56e2                	lw	a3,56(sp)
    402a:	001a8613          	addi	a2,s5,1
    402e:	85ca                	mv	a1,s2
    4030:	16fd                	addi	a3,a3,-1
    4032:	8526                	mv	a0,s1
    4034:	9982                	jalr	s3
    4036:	cb4501e3          	beq	a0,s4,3cd8 <_printf_float+0xfc>
    403a:	86da                	mv	a3,s6
    403c:	05040613          	addi	a2,s0,80
    4040:	b5f9                	j	3f0e <_printf_float+0x332>
    4042:	4685                	li	a3,1
    4044:	8656                	mv	a2,s5
    4046:	85ca                	mv	a1,s2
    4048:	8526                	mv	a0,s1
    404a:	9982                	jalr	s3
    404c:	c97506e3          	beq	a0,s7,3cd8 <_printf_float+0xfc>
    4050:	0a05                	addi	s4,s4,1
    4052:	57e2                	lw	a5,56(sp)
    4054:	17fd                	addi	a5,a5,-1
    4056:	fefa46e3          	blt	s4,a5,4042 <_printf_float+0x466>
    405a:	b7c5                	j	403a <_printf_float+0x45e>
    405c:	4a01                	li	s4,0
    405e:	01a40a93          	addi	s5,s0,26
    4062:	5bfd                	li	s7,-1
    4064:	b7fd                	j	4052 <_printf_float+0x476>
    4066:	4685                	li	a3,1
    4068:	8656                	mv	a2,s5
    406a:	85ca                	mv	a1,s2
    406c:	8526                	mv	a0,s1
    406e:	9982                	jalr	s3
    4070:	fd9515e3          	bne	a0,s9,403a <_printf_float+0x45e>
    4074:	b195                	j	3cd8 <_printf_float+0xfc>
    4076:	4685                	li	a3,1
    4078:	8656                	mv	a2,s5
    407a:	85ca                	mv	a1,s2
    407c:	8526                	mv	a0,s1
    407e:	9982                	jalr	s3
    4080:	c5650ce3          	beq	a0,s6,3cd8 <_printf_float+0xfc>
    4084:	0a05                	addi	s4,s4,1
    4086:	445c                	lw	a5,12(s0)
    4088:	5772                	lw	a4,60(sp)
    408a:	8f99                	sub	a5,a5,a4
    408c:	fefa45e3          	blt	s4,a5,4076 <_printf_float+0x49a>
    4090:	bb6d                	j	3e4a <_printf_float+0x26e>
    4092:	4a01                	li	s4,0
    4094:	01940a93          	addi	s5,s0,25
    4098:	5b7d                	li	s6,-1
    409a:	b7f5                	j	4086 <_printf_float+0x4aa>

0000409c <_printf_common>:
    409c:	7179                	addi	sp,sp,-48
    409e:	ca56                	sw	s5,20(sp)
    40a0:	499c                	lw	a5,16(a1)
    40a2:	8aba                	mv	s5,a4
    40a4:	4598                	lw	a4,8(a1)
    40a6:	d422                	sw	s0,40(sp)
    40a8:	d226                	sw	s1,36(sp)
    40aa:	ce4e                	sw	s3,28(sp)
    40ac:	cc52                	sw	s4,24(sp)
    40ae:	d606                	sw	ra,44(sp)
    40b0:	d04a                	sw	s2,32(sp)
    40b2:	c85a                	sw	s6,16(sp)
    40b4:	c65e                	sw	s7,12(sp)
    40b6:	89aa                	mv	s3,a0
    40b8:	842e                	mv	s0,a1
    40ba:	84b2                	mv	s1,a2
    40bc:	8a36                	mv	s4,a3
    40be:	00e7d363          	bge	a5,a4,40c4 <_printf_common+0x28>
    40c2:	87ba                	mv	a5,a4
    40c4:	c09c                	sw	a5,0(s1)
    40c6:	04344703          	lbu	a4,67(s0)
    40ca:	c319                	beqz	a4,40d0 <_printf_common+0x34>
    40cc:	0785                	addi	a5,a5,1
    40ce:	c09c                	sw	a5,0(s1)
    40d0:	401c                	lw	a5,0(s0)
    40d2:	0207f793          	andi	a5,a5,32
    40d6:	c781                	beqz	a5,40de <_printf_common+0x42>
    40d8:	409c                	lw	a5,0(s1)
    40da:	0789                	addi	a5,a5,2
    40dc:	c09c                	sw	a5,0(s1)
    40de:	00042903          	lw	s2,0(s0)
    40e2:	00697913          	andi	s2,s2,6
    40e6:	00091a63          	bnez	s2,40fa <_printf_common+0x5e>
    40ea:	01940b13          	addi	s6,s0,25
    40ee:	5bfd                	li	s7,-1
    40f0:	445c                	lw	a5,12(s0)
    40f2:	4098                	lw	a4,0(s1)
    40f4:	8f99                	sub	a5,a5,a4
    40f6:	04f94c63          	blt	s2,a5,414e <_printf_common+0xb2>
    40fa:	401c                	lw	a5,0(s0)
    40fc:	04344683          	lbu	a3,67(s0)
    4100:	0207f793          	andi	a5,a5,32
    4104:	00d036b3          	snez	a3,a3
    4108:	eba5                	bnez	a5,4178 <_printf_common+0xdc>
    410a:	04340613          	addi	a2,s0,67
    410e:	85d2                	mv	a1,s4
    4110:	854e                	mv	a0,s3
    4112:	9a82                	jalr	s5
    4114:	57fd                	li	a5,-1
    4116:	04f50363          	beq	a0,a5,415c <_printf_common+0xc0>
    411a:	401c                	lw	a5,0(s0)
    411c:	4611                	li	a2,4
    411e:	4098                	lw	a4,0(s1)
    4120:	8b99                	andi	a5,a5,6
    4122:	4454                	lw	a3,12(s0)
    4124:	4481                	li	s1,0
    4126:	00c79763          	bne	a5,a2,4134 <_printf_common+0x98>
    412a:	40e684b3          	sub	s1,a3,a4
    412e:	0004d363          	bgez	s1,4134 <_printf_common+0x98>
    4132:	4481                	li	s1,0
    4134:	441c                	lw	a5,8(s0)
    4136:	4818                	lw	a4,16(s0)
    4138:	00f75463          	bge	a4,a5,4140 <_printf_common+0xa4>
    413c:	8f99                	sub	a5,a5,a4
    413e:	94be                	add	s1,s1,a5
    4140:	4901                	li	s2,0
    4142:	0469                	addi	s0,s0,26
    4144:	5b7d                	li	s6,-1
    4146:	05249863          	bne	s1,s2,4196 <_printf_common+0xfa>
    414a:	4501                	li	a0,0
    414c:	a809                	j	415e <_printf_common+0xc2>
    414e:	4685                	li	a3,1
    4150:	865a                	mv	a2,s6
    4152:	85d2                	mv	a1,s4
    4154:	854e                	mv	a0,s3
    4156:	9a82                	jalr	s5
    4158:	01751e63          	bne	a0,s7,4174 <_printf_common+0xd8>
    415c:	557d                	li	a0,-1
    415e:	50b2                	lw	ra,44(sp)
    4160:	5422                	lw	s0,40(sp)
    4162:	5492                	lw	s1,36(sp)
    4164:	5902                	lw	s2,32(sp)
    4166:	49f2                	lw	s3,28(sp)
    4168:	4a62                	lw	s4,24(sp)
    416a:	4ad2                	lw	s5,20(sp)
    416c:	4b42                	lw	s6,16(sp)
    416e:	4bb2                	lw	s7,12(sp)
    4170:	6145                	addi	sp,sp,48
    4172:	8082                	ret
    4174:	0905                	addi	s2,s2,1
    4176:	bfad                	j	40f0 <_printf_common+0x54>
    4178:	00d40733          	add	a4,s0,a3
    417c:	03000613          	li	a2,48
    4180:	04c701a3          	sb	a2,67(a4)
    4184:	04544703          	lbu	a4,69(s0)
    4188:	00168793          	addi	a5,a3,1
    418c:	97a2                	add	a5,a5,s0
    418e:	0689                	addi	a3,a3,2
    4190:	04e781a3          	sb	a4,67(a5)
    4194:	bf9d                	j	410a <_printf_common+0x6e>
    4196:	4685                	li	a3,1
    4198:	8622                	mv	a2,s0
    419a:	85d2                	mv	a1,s4
    419c:	854e                	mv	a0,s3
    419e:	9a82                	jalr	s5
    41a0:	fb650ee3          	beq	a0,s6,415c <_printf_common+0xc0>
    41a4:	0905                	addi	s2,s2,1
    41a6:	b745                	j	4146 <_printf_common+0xaa>

000041a8 <_printf_i>:
    41a8:	7179                	addi	sp,sp,-48
    41aa:	d422                	sw	s0,40(sp)
    41ac:	d226                	sw	s1,36(sp)
    41ae:	d04a                	sw	s2,32(sp)
    41b0:	ce4e                	sw	s3,28(sp)
    41b2:	d606                	sw	ra,44(sp)
    41b4:	cc52                	sw	s4,24(sp)
    41b6:	ca56                	sw	s5,20(sp)
    41b8:	c85a                	sw	s6,16(sp)
    41ba:	89b6                	mv	s3,a3
    41bc:	2d94                	lbu	a3,24(a1)
    41be:	06900793          	li	a5,105
    41c2:	8932                	mv	s2,a2
    41c4:	84aa                	mv	s1,a0
    41c6:	842e                	mv	s0,a1
    41c8:	04358613          	addi	a2,a1,67
    41cc:	02f68d63          	beq	a3,a5,4206 <_printf_i+0x5e>
    41d0:	06d7e263          	bltu	a5,a3,4234 <_printf_i+0x8c>
    41d4:	05800793          	li	a5,88
    41d8:	18f68663          	beq	a3,a5,4364 <_printf_i+0x1bc>
    41dc:	00d7ed63          	bltu	a5,a3,41f6 <_printf_i+0x4e>
    41e0:	20068e63          	beqz	a3,43fc <_printf_i+0x254>
    41e4:	04300793          	li	a5,67
    41e8:	0af68f63          	beq	a3,a5,42a6 <_printf_i+0xfe>
    41ec:	04240a93          	addi	s5,s0,66
    41f0:	04d40123          	sb	a3,66(s0)
    41f4:	a0d1                	j	42b8 <_printf_i+0x110>
    41f6:	06300793          	li	a5,99
    41fa:	0af68663          	beq	a3,a5,42a6 <_printf_i+0xfe>
    41fe:	06400793          	li	a5,100
    4202:	fef695e3          	bne	a3,a5,41ec <_printf_i+0x44>
    4206:	401c                	lw	a5,0(s0)
    4208:	4308                	lw	a0,0(a4)
    420a:	0807f693          	andi	a3,a5,128
    420e:	00450593          	addi	a1,a0,4
    4212:	c6cd                	beqz	a3,42bc <_printf_i+0x114>
    4214:	411c                	lw	a5,0(a0)
    4216:	c30c                	sw	a1,0(a4)
    4218:	0007d863          	bgez	a5,4228 <_printf_i+0x80>
    421c:	02d00713          	li	a4,45
    4220:	40f007b3          	neg	a5,a5
    4224:	04e401a3          	sb	a4,67(s0)
    4228:	00007697          	auipc	a3,0x7
    422c:	c2468693          	addi	a3,a3,-988 # ae4c <__clz_tab+0x11c>
    4230:	4729                	li	a4,10
    4232:	a86d                	j	42ec <_printf_i+0x144>
    4234:	07000793          	li	a5,112
    4238:	16f68263          	beq	a3,a5,439c <_printf_i+0x1f4>
    423c:	02d7e563          	bltu	a5,a3,4266 <_printf_i+0xbe>
    4240:	06e00793          	li	a5,110
    4244:	18f68963          	beq	a3,a5,43d6 <_printf_i+0x22e>
    4248:	06f00793          	li	a5,111
    424c:	faf690e3          	bne	a3,a5,41ec <_printf_i+0x44>
    4250:	400c                	lw	a1,0(s0)
    4252:	431c                	lw	a5,0(a4)
    4254:	0805f813          	andi	a6,a1,128
    4258:	00478513          	addi	a0,a5,4
    425c:	06080863          	beqz	a6,42cc <_printf_i+0x124>
    4260:	c308                	sw	a0,0(a4)
    4262:	439c                	lw	a5,0(a5)
    4264:	a88d                	j	42d6 <_printf_i+0x12e>
    4266:	07500793          	li	a5,117
    426a:	fef683e3          	beq	a3,a5,4250 <_printf_i+0xa8>
    426e:	07800793          	li	a5,120
    4272:	12f68963          	beq	a3,a5,43a4 <_printf_i+0x1fc>
    4276:	07300793          	li	a5,115
    427a:	f6f699e3          	bne	a3,a5,41ec <_printf_i+0x44>
    427e:	431c                	lw	a5,0(a4)
    4280:	41d0                	lw	a2,4(a1)
    4282:	4581                	li	a1,0
    4284:	00478693          	addi	a3,a5,4
    4288:	c314                	sw	a3,0(a4)
    428a:	0007aa83          	lw	s5,0(a5)
    428e:	8556                	mv	a0,s5
    4290:	1a0030ef          	jal	ra,7430 <memchr>
    4294:	c501                	beqz	a0,429c <_printf_i+0xf4>
    4296:	41550533          	sub	a0,a0,s5
    429a:	c048                	sw	a0,4(s0)
    429c:	405c                	lw	a5,4(s0)
    429e:	c81c                	sw	a5,16(s0)
    42a0:	040401a3          	sb	zero,67(s0)
    42a4:	a861                	j	433c <_printf_i+0x194>
    42a6:	431c                	lw	a5,0(a4)
    42a8:	04240a93          	addi	s5,s0,66
    42ac:	00478693          	addi	a3,a5,4
    42b0:	439c                	lw	a5,0(a5)
    42b2:	c314                	sw	a3,0(a4)
    42b4:	04f40123          	sb	a5,66(s0)
    42b8:	4785                	li	a5,1
    42ba:	b7d5                	j	429e <_printf_i+0xf6>
    42bc:	0407f693          	andi	a3,a5,64
    42c0:	411c                	lw	a5,0(a0)
    42c2:	c30c                	sw	a1,0(a4)
    42c4:	dab1                	beqz	a3,4218 <_printf_i+0x70>
    42c6:	07c2                	slli	a5,a5,0x10
    42c8:	87c1                	srai	a5,a5,0x10
    42ca:	b7b9                	j	4218 <_printf_i+0x70>
    42cc:	0405f593          	andi	a1,a1,64
    42d0:	c308                	sw	a0,0(a4)
    42d2:	d9c1                	beqz	a1,4262 <_printf_i+0xba>
    42d4:	239e                	lhu	a5,0(a5)
    42d6:	06f00713          	li	a4,111
    42da:	0ee68663          	beq	a3,a4,43c6 <_printf_i+0x21e>
    42de:	00007697          	auipc	a3,0x7
    42e2:	b6e68693          	addi	a3,a3,-1170 # ae4c <__clz_tab+0x11c>
    42e6:	4729                	li	a4,10
    42e8:	040401a3          	sb	zero,67(s0)
    42ec:	404c                	lw	a1,4(s0)
    42ee:	c40c                	sw	a1,8(s0)
    42f0:	0005c563          	bltz	a1,42fa <_printf_i+0x152>
    42f4:	4008                	lw	a0,0(s0)
    42f6:	996d                	andi	a0,a0,-5
    42f8:	c008                	sw	a0,0(s0)
    42fa:	e399                	bnez	a5,4300 <_printf_i+0x158>
    42fc:	8ab2                	mv	s5,a2
    42fe:	cd89                	beqz	a1,4318 <_printf_i+0x170>
    4300:	8ab2                	mv	s5,a2
    4302:	02e7f5b3          	remu	a1,a5,a4
    4306:	1afd                	addi	s5,s5,-1
    4308:	95b6                	add	a1,a1,a3
    430a:	218c                	lbu	a1,0(a1)
    430c:	00ba8023          	sb	a1,0(s5)
    4310:	02e7d5b3          	divu	a1,a5,a4
    4314:	0ae7ff63          	bgeu	a5,a4,43d2 <_printf_i+0x22a>
    4318:	47a1                	li	a5,8
    431a:	00f71e63          	bne	a4,a5,4336 <_printf_i+0x18e>
    431e:	401c                	lw	a5,0(s0)
    4320:	8b85                	andi	a5,a5,1
    4322:	cb91                	beqz	a5,4336 <_printf_i+0x18e>
    4324:	4058                	lw	a4,4(s0)
    4326:	481c                	lw	a5,16(s0)
    4328:	00e7c763          	blt	a5,a4,4336 <_printf_i+0x18e>
    432c:	03000793          	li	a5,48
    4330:	fefa8fa3          	sb	a5,-1(s5)
    4334:	1afd                	addi	s5,s5,-1
    4336:	41560633          	sub	a2,a2,s5
    433a:	c810                	sw	a2,16(s0)
    433c:	874e                	mv	a4,s3
    433e:	86ca                	mv	a3,s2
    4340:	0070                	addi	a2,sp,12
    4342:	85a2                	mv	a1,s0
    4344:	8526                	mv	a0,s1
    4346:	3b99                	jal	409c <_printf_common>
    4348:	5a7d                	li	s4,-1
    434a:	0b451d63          	bne	a0,s4,4404 <_printf_i+0x25c>
    434e:	557d                	li	a0,-1
    4350:	50b2                	lw	ra,44(sp)
    4352:	5422                	lw	s0,40(sp)
    4354:	5492                	lw	s1,36(sp)
    4356:	5902                	lw	s2,32(sp)
    4358:	49f2                	lw	s3,28(sp)
    435a:	4a62                	lw	s4,24(sp)
    435c:	4ad2                	lw	s5,20(sp)
    435e:	4b42                	lw	s6,16(sp)
    4360:	6145                	addi	sp,sp,48
    4362:	8082                	ret
    4364:	04d582a3          	sb	a3,69(a1)
    4368:	00007697          	auipc	a3,0x7
    436c:	ae468693          	addi	a3,a3,-1308 # ae4c <__clz_tab+0x11c>
    4370:	400c                	lw	a1,0(s0)
    4372:	4308                	lw	a0,0(a4)
    4374:	0805f813          	andi	a6,a1,128
    4378:	411c                	lw	a5,0(a0)
    437a:	0511                	addi	a0,a0,4
    437c:	02080d63          	beqz	a6,43b6 <_printf_i+0x20e>
    4380:	c308                	sw	a0,0(a4)
    4382:	0015f713          	andi	a4,a1,1
    4386:	c701                	beqz	a4,438e <_printf_i+0x1e6>
    4388:	0205e593          	ori	a1,a1,32
    438c:	c00c                	sw	a1,0(s0)
    438e:	4741                	li	a4,16
    4390:	ffa1                	bnez	a5,42e8 <_printf_i+0x140>
    4392:	400c                	lw	a1,0(s0)
    4394:	fdf5f593          	andi	a1,a1,-33
    4398:	c00c                	sw	a1,0(s0)
    439a:	b7b9                	j	42e8 <_printf_i+0x140>
    439c:	419c                	lw	a5,0(a1)
    439e:	0207e793          	ori	a5,a5,32
    43a2:	c19c                	sw	a5,0(a1)
    43a4:	07800793          	li	a5,120
    43a8:	04f402a3          	sb	a5,69(s0)
    43ac:	00007697          	auipc	a3,0x7
    43b0:	ab468693          	addi	a3,a3,-1356 # ae60 <__clz_tab+0x130>
    43b4:	bf75                	j	4370 <_printf_i+0x1c8>
    43b6:	0405f813          	andi	a6,a1,64
    43ba:	c308                	sw	a0,0(a4)
    43bc:	fc0803e3          	beqz	a6,4382 <_printf_i+0x1da>
    43c0:	07c2                	slli	a5,a5,0x10
    43c2:	83c1                	srli	a5,a5,0x10
    43c4:	bf7d                	j	4382 <_printf_i+0x1da>
    43c6:	00007697          	auipc	a3,0x7
    43ca:	a8668693          	addi	a3,a3,-1402 # ae4c <__clz_tab+0x11c>
    43ce:	4721                	li	a4,8
    43d0:	bf21                	j	42e8 <_printf_i+0x140>
    43d2:	87ae                	mv	a5,a1
    43d4:	b73d                	j	4302 <_printf_i+0x15a>
    43d6:	4194                	lw	a3,0(a1)
    43d8:	431c                	lw	a5,0(a4)
    43da:	49cc                	lw	a1,20(a1)
    43dc:	0806f813          	andi	a6,a3,128
    43e0:	00478513          	addi	a0,a5,4
    43e4:	00080663          	beqz	a6,43f0 <_printf_i+0x248>
    43e8:	c308                	sw	a0,0(a4)
    43ea:	439c                	lw	a5,0(a5)
    43ec:	c38c                	sw	a1,0(a5)
    43ee:	a039                	j	43fc <_printf_i+0x254>
    43f0:	c308                	sw	a0,0(a4)
    43f2:	0406f693          	andi	a3,a3,64
    43f6:	439c                	lw	a5,0(a5)
    43f8:	daf5                	beqz	a3,43ec <_printf_i+0x244>
    43fa:	a38e                	sh	a1,0(a5)
    43fc:	00042823          	sw	zero,16(s0)
    4400:	8ab2                	mv	s5,a2
    4402:	bf2d                	j	433c <_printf_i+0x194>
    4404:	4814                	lw	a3,16(s0)
    4406:	8656                	mv	a2,s5
    4408:	85ca                	mv	a1,s2
    440a:	8526                	mv	a0,s1
    440c:	9982                	jalr	s3
    440e:	f54500e3          	beq	a0,s4,434e <_printf_i+0x1a6>
    4412:	401c                	lw	a5,0(s0)
    4414:	8b89                	andi	a5,a5,2
    4416:	e78d                	bnez	a5,4440 <_printf_i+0x298>
    4418:	47b2                	lw	a5,12(sp)
    441a:	4448                	lw	a0,12(s0)
    441c:	f2f55ae3          	bge	a0,a5,4350 <_printf_i+0x1a8>
    4420:	853e                	mv	a0,a5
    4422:	b73d                	j	4350 <_printf_i+0x1a8>
    4424:	4685                	li	a3,1
    4426:	8656                	mv	a2,s5
    4428:	85ca                	mv	a1,s2
    442a:	8526                	mv	a0,s1
    442c:	9982                	jalr	s3
    442e:	f36500e3          	beq	a0,s6,434e <_printf_i+0x1a6>
    4432:	0a05                	addi	s4,s4,1
    4434:	445c                	lw	a5,12(s0)
    4436:	4732                	lw	a4,12(sp)
    4438:	8f99                	sub	a5,a5,a4
    443a:	fefa45e3          	blt	s4,a5,4424 <_printf_i+0x27c>
    443e:	bfe9                	j	4418 <_printf_i+0x270>
    4440:	4a01                	li	s4,0
    4442:	01940a93          	addi	s5,s0,25
    4446:	5b7d                	li	s6,-1
    4448:	b7f5                	j	4434 <_printf_i+0x28c>

0000444a <_scanf_float>:
    444a:	459c                	lw	a5,8(a1)
    444c:	711d                	addi	sp,sp,-96
    444e:	cca2                	sw	s0,88(sp)
    4450:	c6ce                	sw	s3,76(sp)
    4452:	c0da                	sw	s6,64(sp)
    4454:	da66                	sw	s9,52(sp)
    4456:	ce86                	sw	ra,92(sp)
    4458:	8cb2                	mv	s9,a2
    445a:	caa6                	sw	s1,84(sp)
    445c:	c8ca                	sw	s2,80(sp)
    445e:	c4d2                	sw	s4,72(sp)
    4460:	c2d6                	sw	s5,68(sp)
    4462:	de5e                	sw	s7,60(sp)
    4464:	dc62                	sw	s8,56(sp)
    4466:	d86a                	sw	s10,48(sp)
    4468:	d66e                	sw	s11,44(sp)
    446a:	fff78613          	addi	a2,a5,-1
    446e:	15c00713          	li	a4,348
    4472:	8b36                	mv	s6,a3
    4474:	89aa                	mv	s3,a0
    4476:	842e                	mv	s0,a1
    4478:	4681                	li	a3,0
    447a:	00c77763          	bgeu	a4,a2,4488 <_scanf_float+0x3e>
    447e:	ea378693          	addi	a3,a5,-349
    4482:	15d00793          	li	a5,349
    4486:	c59c                	sw	a5,8(a1)
    4488:	401c                	lw	a5,0(s0)
    448a:	01c40a93          	addi	s5,s0,28
    448e:	84d6                	mv	s1,s5
    4490:	7807e793          	ori	a5,a5,1920
    4494:	c01c                	sw	a5,0(s0)
    4496:	4901                	li	s2,0
    4498:	4d81                	li	s11,0
    449a:	4c01                	li	s8,0
    449c:	4a01                	li	s4,0
    449e:	4d01                	li	s10,0
    44a0:	4b81                	li	s7,0
    44a2:	04900613          	li	a2,73
    44a6:	70000813          	li	a6,1792
    44aa:	4885                	li	a7,1
    44ac:	40000e93          	li	t4,1024
    44b0:	4309                	li	t1,2
    44b2:	06500e13          	li	t3,101
    44b6:	4f1d                	li	t5,7
    44b8:	4418                	lw	a4,8(s0)
    44ba:	cb15                	beqz	a4,44ee <_scanf_float+0xa4>
    44bc:	000ca783          	lw	a5,0(s9)
    44c0:	239c                	lbu	a5,0(a5)
    44c2:	12c78b63          	beq	a5,a2,45f8 <_scanf_float+0x1ae>
    44c6:	0cf66863          	bltu	a2,a5,4596 <_scanf_float+0x14c>
    44ca:	03900593          	li	a1,57
    44ce:	0af5e463          	bltu	a1,a5,4576 <_scanf_float+0x12c>
    44d2:	03100593          	li	a1,49
    44d6:	14b7fb63          	bgeu	a5,a1,462c <_scanf_float+0x1e2>
    44da:	02d00593          	li	a1,45
    44de:	16b78263          	beq	a5,a1,4642 <_scanf_float+0x1f8>
    44e2:	04f5e363          	bltu	a1,a5,4528 <_scanf_float+0xde>
    44e6:	02b00713          	li	a4,43
    44ea:	14e78c63          	beq	a5,a4,4642 <_scanf_float+0x1f8>
    44ee:	000d0663          	beqz	s10,44fa <_scanf_float+0xb0>
    44f2:	401c                	lw	a5,0(s0)
    44f4:	eff7f793          	andi	a5,a5,-257
    44f8:	c01c                	sw	a5,0(s0)
    44fa:	1dfd                	addi	s11,s11,-1
    44fc:	4785                	li	a5,1
    44fe:	21b7e963          	bltu	a5,s11,4710 <_scanf_float+0x2c6>
    4502:	1e9aec63          	bltu	s5,s1,46fa <_scanf_float+0x2b0>
    4506:	4905                	li	s2,1
    4508:	40f6                	lw	ra,92(sp)
    450a:	4466                	lw	s0,88(sp)
    450c:	854a                	mv	a0,s2
    450e:	44d6                	lw	s1,84(sp)
    4510:	4946                	lw	s2,80(sp)
    4512:	49b6                	lw	s3,76(sp)
    4514:	4a26                	lw	s4,72(sp)
    4516:	4a96                	lw	s5,68(sp)
    4518:	4b06                	lw	s6,64(sp)
    451a:	5bf2                	lw	s7,60(sp)
    451c:	5c62                	lw	s8,56(sp)
    451e:	5cd2                	lw	s9,52(sp)
    4520:	5d42                	lw	s10,48(sp)
    4522:	5db2                	lw	s11,44(sp)
    4524:	6125                	addi	sp,sp,96
    4526:	8082                	ret
    4528:	02e00593          	li	a1,46
    452c:	14b78e63          	beq	a5,a1,4688 <_scanf_float+0x23e>
    4530:	03000593          	li	a1,48
    4534:	fab79de3          	bne	a5,a1,44ee <_scanf_float+0xa4>
    4538:	400c                	lw	a1,0(s0)
    453a:	1005f513          	andi	a0,a1,256
    453e:	c57d                	beqz	a0,462c <_scanf_float+0x1e2>
    4540:	f7f5f593          	andi	a1,a1,-129
    4544:	c00c                	sw	a1,0(s0)
    4546:	0d05                	addi	s10,s10,1
    4548:	c681                	beqz	a3,4550 <_scanf_float+0x106>
    454a:	0705                	addi	a4,a4,1
    454c:	16fd                	addi	a3,a3,-1
    454e:	c418                	sw	a4,8(s0)
    4550:	441c                	lw	a5,8(s0)
    4552:	17fd                	addi	a5,a5,-1
    4554:	c41c                	sw	a5,8(s0)
    4556:	481c                	lw	a5,16(s0)
    4558:	0785                	addi	a5,a5,1
    455a:	c81c                	sw	a5,16(s0)
    455c:	004ca783          	lw	a5,4(s9)
    4560:	17fd                	addi	a5,a5,-1
    4562:	00fca223          	sw	a5,4(s9)
    4566:	16f05563          	blez	a5,46d0 <_scanf_float+0x286>
    456a:	000ca783          	lw	a5,0(s9)
    456e:	0785                	addi	a5,a5,1
    4570:	00fca023          	sw	a5,0(s9)
    4574:	b791                	j	44b8 <_scanf_float+0x6e>
    4576:	04500713          	li	a4,69
    457a:	12e78163          	beq	a5,a4,469c <_scanf_float+0x252>
    457e:	04600713          	li	a4,70
    4582:	0ee78a63          	beq	a5,a4,4676 <_scanf_float+0x22c>
    4586:	04100713          	li	a4,65
    458a:	f6e792e3          	bne	a5,a4,44ee <_scanf_float+0xa4>
    458e:	f71d90e3          	bne	s11,a7,44ee <_scanf_float+0xa4>
    4592:	4d89                	li	s11,2
    4594:	a065                	j	463c <_scanf_float+0x1f2>
    4596:	11c78363          	beq	a5,t3,469c <_scanf_float+0x252>
    459a:	04fe6163          	bltu	t3,a5,45dc <_scanf_float+0x192>
    459e:	05400713          	li	a4,84
    45a2:	0ce78e63          	beq	a5,a4,467e <_scanf_float+0x234>
    45a6:	02f76463          	bltu	a4,a5,45ce <_scanf_float+0x184>
    45aa:	04e00713          	li	a4,78
    45ae:	f4e790e3          	bne	a5,a4,44ee <_scanf_float+0xa4>
    45b2:	0a0d9063          	bnez	s11,4652 <_scanf_float+0x208>
    45b6:	0a0d1063          	bnez	s10,4656 <_scanf_float+0x20c>
    45ba:	4018                	lw	a4,0(s0)
    45bc:	70077593          	andi	a1,a4,1792
    45c0:	09059b63          	bne	a1,a6,4656 <_scanf_float+0x20c>
    45c4:	87f77713          	andi	a4,a4,-1921
    45c8:	c018                	sw	a4,0(s0)
    45ca:	4d85                	li	s11,1
    45cc:	a885                	j	463c <_scanf_float+0x1f2>
    45ce:	05900713          	li	a4,89
    45d2:	04e78963          	beq	a5,a4,4624 <_scanf_float+0x1da>
    45d6:	06100713          	li	a4,97
    45da:	bf45                	j	458a <_scanf_float+0x140>
    45dc:	06e00713          	li	a4,110
    45e0:	fce789e3          	beq	a5,a4,45b2 <_scanf_float+0x168>
    45e4:	02f76863          	bltu	a4,a5,4614 <_scanf_float+0x1ca>
    45e8:	06600713          	li	a4,102
    45ec:	08e78563          	beq	a5,a4,4676 <_scanf_float+0x22c>
    45f0:	06900713          	li	a4,105
    45f4:	eee79de3          	bne	a5,a4,44ee <_scanf_float+0xa4>
    45f8:	06091863          	bnez	s2,4668 <_scanf_float+0x21e>
    45fc:	ee0d1be3          	bnez	s10,44f2 <_scanf_float+0xa8>
    4600:	4018                	lw	a4,0(s0)
    4602:	70077593          	andi	a1,a4,1792
    4606:	ef059ae3          	bne	a1,a6,44fa <_scanf_float+0xb0>
    460a:	87f77713          	andi	a4,a4,-1921
    460e:	c018                	sw	a4,0(s0)
    4610:	4905                	li	s2,1
    4612:	a02d                	j	463c <_scanf_float+0x1f2>
    4614:	07400713          	li	a4,116
    4618:	06e78363          	beq	a5,a4,467e <_scanf_float+0x234>
    461c:	07900713          	li	a4,121
    4620:	ece797e3          	bne	a5,a4,44ee <_scanf_float+0xa4>
    4624:	ede915e3          	bne	s2,t5,44ee <_scanf_float+0xa4>
    4628:	4921                	li	s2,8
    462a:	a809                	j	463c <_scanf_float+0x1f2>
    462c:	012d8733          	add	a4,s11,s2
    4630:	ea071fe3          	bnez	a4,44ee <_scanf_float+0xa4>
    4634:	4018                	lw	a4,0(s0)
    4636:	e7f77713          	andi	a4,a4,-385
    463a:	c018                	sw	a4,0(s0)
    463c:	a09c                	sb	a5,0(s1)
    463e:	0485                	addi	s1,s1,1
    4640:	bf01                	j	4550 <_scanf_float+0x106>
    4642:	4018                	lw	a4,0(s0)
    4644:	08077593          	andi	a1,a4,128
    4648:	ea0583e3          	beqz	a1,44ee <_scanf_float+0xa4>
    464c:	f7f77713          	andi	a4,a4,-129
    4650:	b7ed                	j	463a <_scanf_float+0x1f0>
    4652:	066d8d63          	beq	s11,t1,46cc <_scanf_float+0x282>
    4656:	01190563          	beq	s2,a7,4660 <_scanf_float+0x216>
    465a:	4711                	li	a4,4
    465c:	e8e919e3          	bne	s2,a4,44ee <_scanf_float+0xa4>
    4660:	0905                	addi	s2,s2,1
    4662:	0ff97913          	andi	s2,s2,255
    4666:	bfd9                	j	463c <_scanf_float+0x1f2>
    4668:	ffd90713          	addi	a4,s2,-3
    466c:	0fd77713          	andi	a4,a4,253
    4670:	e6071fe3          	bnez	a4,44ee <_scanf_float+0xa4>
    4674:	b7f5                	j	4660 <_scanf_float+0x216>
    4676:	e6691ce3          	bne	s2,t1,44ee <_scanf_float+0xa4>
    467a:	490d                	li	s2,3
    467c:	b7c1                	j	463c <_scanf_float+0x1f2>
    467e:	4719                	li	a4,6
    4680:	e6e917e3          	bne	s2,a4,44ee <_scanf_float+0xa4>
    4684:	491d                	li	s2,7
    4686:	bf5d                	j	463c <_scanf_float+0x1f2>
    4688:	4018                	lw	a4,0(s0)
    468a:	20077593          	andi	a1,a4,512
    468e:	e60580e3          	beqz	a1,44ee <_scanf_float+0xa4>
    4692:	d7f77713          	andi	a4,a4,-641
    4696:	c018                	sw	a4,0(s0)
    4698:	8bea                	mv	s7,s10
    469a:	b74d                	j	463c <_scanf_float+0x1f2>
    469c:	4018                	lw	a4,0(s0)
    469e:	50077593          	andi	a1,a4,1280
    46a2:	01d58863          	beq	a1,t4,46b2 <_scanf_float+0x268>
    46a6:	40077593          	andi	a1,a4,1024
    46aa:	e40582e3          	beqz	a1,44ee <_scanf_float+0xa4>
    46ae:	e40d06e3          	beqz	s10,44fa <_scanf_float+0xb0>
    46b2:	20077593          	andi	a1,a4,512
    46b6:	e581                	bnez	a1,46be <_scanf_float+0x274>
    46b8:	417d0a33          	sub	s4,s10,s7
    46bc:	8c26                	mv	s8,s1
    46be:	87f77713          	andi	a4,a4,-1921
    46c2:	18076713          	ori	a4,a4,384
    46c6:	c018                	sw	a4,0(s0)
    46c8:	4d01                	li	s10,0
    46ca:	bf8d                	j	463c <_scanf_float+0x1f2>
    46cc:	4d8d                	li	s11,3
    46ce:	b7bd                	j	463c <_scanf_float+0x1f2>
    46d0:	18042783          	lw	a5,384(s0)
    46d4:	85e6                	mv	a1,s9
    46d6:	854e                	mv	a0,s3
    46d8:	c636                	sw	a3,12(sp)
    46da:	9782                	jalr	a5
    46dc:	46b2                	lw	a3,12(sp)
    46de:	04900613          	li	a2,73
    46e2:	70000813          	li	a6,1792
    46e6:	4885                	li	a7,1
    46e8:	40000e93          	li	t4,1024
    46ec:	4309                	li	t1,2
    46ee:	06500e13          	li	t3,101
    46f2:	4f1d                	li	t5,7
    46f4:	dc0502e3          	beqz	a0,44b8 <_scanf_float+0x6e>
    46f8:	bbdd                	j	44ee <_scanf_float+0xa4>
    46fa:	14fd                	addi	s1,s1,-1
    46fc:	17c42783          	lw	a5,380(s0)
    4700:	208c                	lbu	a1,0(s1)
    4702:	8666                	mv	a2,s9
    4704:	854e                	mv	a0,s3
    4706:	9782                	jalr	a5
    4708:	481c                	lw	a5,16(s0)
    470a:	17fd                	addi	a5,a5,-1
    470c:	c81c                	sw	a5,16(s0)
    470e:	bbd5                	j	4502 <_scanf_float+0xb8>
    4710:	fff90793          	addi	a5,s2,-1
    4714:	4719                	li	a4,6
    4716:	02f76663          	bltu	a4,a5,4742 <_scanf_float+0x2f8>
    471a:	4789                	li	a5,2
    471c:	8da6                	mv	s11,s1
    471e:	0727ff63          	bgeu	a5,s2,479c <_scanf_float+0x352>
    4722:	40990733          	sub	a4,s2,s1
    4726:	0ff77713          	andi	a4,a4,255
    472a:	468d                	li	a3,3
    472c:	00ed87b3          	add	a5,s11,a4
    4730:	0ff7f793          	andi	a5,a5,255
    4734:	02f6eb63          	bltu	a3,a5,476a <_scanf_float+0x320>
    4738:	1975                	addi	s2,s2,-3
    473a:	0ff97913          	andi	s2,s2,255
    473e:	412484b3          	sub	s1,s1,s2
    4742:	401c                	lw	a5,0(s0)
    4744:	1007f713          	andi	a4,a5,256
    4748:	cf51                	beqz	a4,47e4 <_scanf_float+0x39a>
    474a:	4007f793          	andi	a5,a5,1024
    474e:	cbb1                	beqz	a5,47a2 <_scanf_float+0x358>
    4750:	da9afbe3          	bgeu	s5,s1,4506 <_scanf_float+0xbc>
    4754:	14fd                	addi	s1,s1,-1
    4756:	17c42783          	lw	a5,380(s0)
    475a:	208c                	lbu	a1,0(s1)
    475c:	8666                	mv	a2,s9
    475e:	854e                	mv	a0,s3
    4760:	9782                	jalr	a5
    4762:	481c                	lw	a5,16(s0)
    4764:	17fd                	addi	a5,a5,-1
    4766:	c81c                	sw	a5,16(s0)
    4768:	b7e5                	j	4750 <_scanf_float+0x306>
    476a:	1dfd                	addi	s11,s11,-1
    476c:	17c42783          	lw	a5,380(s0)
    4770:	000dc583          	lbu	a1,0(s11)
    4774:	8666                	mv	a2,s9
    4776:	854e                	mv	a0,s3
    4778:	c63a                	sw	a4,12(sp)
    477a:	9782                	jalr	a5
    477c:	481c                	lw	a5,16(s0)
    477e:	468d                	li	a3,3
    4780:	4732                	lw	a4,12(sp)
    4782:	17fd                	addi	a5,a5,-1
    4784:	c81c                	sw	a5,16(s0)
    4786:	b75d                	j	472c <_scanf_float+0x2e2>
    4788:	14fd                	addi	s1,s1,-1
    478a:	17c42783          	lw	a5,380(s0)
    478e:	208c                	lbu	a1,0(s1)
    4790:	8666                	mv	a2,s9
    4792:	854e                	mv	a0,s3
    4794:	9782                	jalr	a5
    4796:	481c                	lw	a5,16(s0)
    4798:	17fd                	addi	a5,a5,-1
    479a:	c81c                	sw	a5,16(s0)
    479c:	fe9ae6e3          	bltu	s5,s1,4788 <_scanf_float+0x33e>
    47a0:	b39d                	j	4506 <_scanf_float+0xbc>
    47a2:	481c                	lw	a5,16(s0)
    47a4:	fff4c583          	lbu	a1,-1(s1)
    47a8:	fff48913          	addi	s2,s1,-1
    47ac:	17fd                	addi	a5,a5,-1
    47ae:	c81c                	sw	a5,16(s0)
    47b0:	06500793          	li	a5,101
    47b4:	02f58263          	beq	a1,a5,47d8 <_scanf_float+0x38e>
    47b8:	04500793          	li	a5,69
    47bc:	00f58e63          	beq	a1,a5,47d8 <_scanf_float+0x38e>
    47c0:	17c42783          	lw	a5,380(s0)
    47c4:	8666                	mv	a2,s9
    47c6:	854e                	mv	a0,s3
    47c8:	9782                	jalr	a5
    47ca:	481c                	lw	a5,16(s0)
    47cc:	ffe4c583          	lbu	a1,-2(s1)
    47d0:	ffe48913          	addi	s2,s1,-2
    47d4:	17fd                	addi	a5,a5,-1
    47d6:	c81c                	sw	a5,16(s0)
    47d8:	17c42783          	lw	a5,380(s0)
    47dc:	8666                	mv	a2,s9
    47de:	854e                	mv	a0,s3
    47e0:	9782                	jalr	a5
    47e2:	84ca                	mv	s1,s2
    47e4:	00042903          	lw	s2,0(s0)
    47e8:	01097913          	andi	s2,s2,16
    47ec:	0c091363          	bnez	s2,48b2 <_scanf_float+0x468>
    47f0:	00048023          	sb	zero,0(s1)
    47f4:	401c                	lw	a5,0(s0)
    47f6:	40000713          	li	a4,1024
    47fa:	6007f793          	andi	a5,a5,1536
    47fe:	02e79e63          	bne	a5,a4,483a <_scanf_float+0x3f0>
    4802:	41ab8633          	sub	a2,s7,s10
    4806:	05ab9663          	bne	s7,s10,4852 <_scanf_float+0x408>
    480a:	85d6                	mv	a1,s5
    480c:	4601                	li	a2,0
    480e:	854e                	mv	a0,s3
    4810:	6ed000ef          	jal	ra,56fc <_strtod_r>
    4814:	4018                	lw	a4,0(s0)
    4816:	8a2a                	mv	s4,a0
    4818:	8aae                	mv	s5,a1
    481a:	00277693          	andi	a3,a4,2
    481e:	000b2783          	lw	a5,0(s6)
    4822:	c6a9                	beqz	a3,486c <_scanf_float+0x422>
    4824:	00478713          	addi	a4,a5,4
    4828:	00eb2023          	sw	a4,0(s6)
    482c:	439c                	lw	a5,0(a5)
    482e:	c388                	sw	a0,0(a5)
    4830:	c3cc                	sw	a1,4(a5)
    4832:	445c                	lw	a5,12(s0)
    4834:	0785                	addi	a5,a5,1
    4836:	c45c                	sw	a5,12(s0)
    4838:	b9c1                	j	4508 <_scanf_float+0xbe>
    483a:	fc0a08e3          	beqz	s4,480a <_scanf_float+0x3c0>
    483e:	4601                	li	a2,0
    4840:	46a9                	li	a3,10
    4842:	001c0593          	addi	a1,s8,1
    4846:	854e                	mv	a0,s3
    4848:	004010ef          	jal	ra,584c <_strtol_r>
    484c:	41450633          	sub	a2,a0,s4
    4850:	84e2                	mv	s1,s8
    4852:	16f40793          	addi	a5,s0,367
    4856:	00f4e463          	bltu	s1,a5,485e <_scanf_float+0x414>
    485a:	16e40493          	addi	s1,s0,366
    485e:	00006597          	auipc	a1,0x6
    4862:	61658593          	addi	a1,a1,1558 # ae74 <__clz_tab+0x144>
    4866:	8526                	mv	a0,s1
    4868:	2251                	jal	49ec <siprintf>
    486a:	b745                	j	480a <_scanf_float+0x3c0>
    486c:	00478693          	addi	a3,a5,4
    4870:	00db2023          	sw	a3,0(s6)
    4874:	8b11                	andi	a4,a4,4
    4876:	4384                	lw	s1,0(a5)
    4878:	cf19                	beqz	a4,4896 <_scanf_float+0x44c>
    487a:	85aa                	mv	a1,a0
    487c:	8656                	mv	a2,s5
    487e:	0808                	addi	a0,sp,16
    4880:	46f050ef          	jal	ra,a4ee <__extenddftf2>
    4884:	46d2                	lw	a3,20(sp)
    4886:	4762                	lw	a4,24(sp)
    4888:	47f2                	lw	a5,28(sp)
    488a:	4642                	lw	a2,16(sp)
    488c:	c0d4                	sw	a3,4(s1)
    488e:	c498                	sw	a4,8(s1)
    4890:	c090                	sw	a2,0(s1)
    4892:	c4dc                	sw	a5,12(s1)
    4894:	bf79                	j	4832 <_scanf_float+0x3e8>
    4896:	862a                	mv	a2,a0
    4898:	86ae                	mv	a3,a1
    489a:	2ed050ef          	jal	ra,a386 <__unorddf2>
    489e:	c509                	beqz	a0,48a8 <_scanf_float+0x45e>
    48a0:	4501                	li	a0,0
    48a2:	2a3d                	jal	49e0 <nanf>
    48a4:	c088                	sw	a0,0(s1)
    48a6:	b771                	j	4832 <_scanf_float+0x3e8>
    48a8:	8552                	mv	a0,s4
    48aa:	85d6                	mv	a1,s5
    48ac:	5e3050ef          	jal	ra,a68e <__truncdfsf2>
    48b0:	bfd5                	j	48a4 <_scanf_float+0x45a>
    48b2:	4901                	li	s2,0
    48b4:	b991                	j	4508 <_scanf_float+0xbe>

000048b6 <iprintf>:
    48b6:	7139                	addi	sp,sp,-64
    48b8:	da3e                	sw	a5,52(sp)
    48ba:	d22e                	sw	a1,36(sp)
    48bc:	d432                	sw	a2,40(sp)
    48be:	d636                	sw	a3,44(sp)
    48c0:	d83a                	sw	a4,48(sp)
    48c2:	dc42                	sw	a6,56(sp)
    48c4:	de46                	sw	a7,60(sp)
    48c6:	81418793          	addi	a5,gp,-2028 # 20000204 <_impure_ptr>
    48ca:	cc22                	sw	s0,24(sp)
    48cc:	4380                	lw	s0,0(a5)
    48ce:	ca26                	sw	s1,20(sp)
    48d0:	ce06                	sw	ra,28(sp)
    48d2:	84aa                	mv	s1,a0
    48d4:	c411                	beqz	s0,48e0 <iprintf+0x2a>
    48d6:	4c1c                	lw	a5,24(s0)
    48d8:	e781                	bnez	a5,48e0 <iprintf+0x2a>
    48da:	8522                	mv	a0,s0
    48dc:	140020ef          	jal	ra,6a1c <__sinit>
    48e0:	440c                	lw	a1,8(s0)
    48e2:	1054                	addi	a3,sp,36
    48e4:	8626                	mv	a2,s1
    48e6:	8522                	mv	a0,s0
    48e8:	c636                	sw	a3,12(sp)
    48ea:	771030ef          	jal	ra,885a <_vfiprintf_r>
    48ee:	40f2                	lw	ra,28(sp)
    48f0:	4462                	lw	s0,24(sp)
    48f2:	44d2                	lw	s1,20(sp)
    48f4:	6121                	addi	sp,sp,64
    48f6:	8082                	ret

000048f8 <_puts_r>:
    48f8:	1101                	addi	sp,sp,-32
    48fa:	ca26                	sw	s1,20(sp)
    48fc:	c84a                	sw	s2,16(sp)
    48fe:	ce06                	sw	ra,28(sp)
    4900:	cc22                	sw	s0,24(sp)
    4902:	c64e                	sw	s3,12(sp)
    4904:	c452                	sw	s4,8(sp)
    4906:	84aa                	mv	s1,a0
    4908:	892e                	mv	s2,a1
    490a:	c509                	beqz	a0,4914 <_puts_r+0x1c>
    490c:	4d1c                	lw	a5,24(a0)
    490e:	e399                	bnez	a5,4914 <_puts_r+0x1c>
    4910:	10c020ef          	jal	ra,6a1c <__sinit>
    4914:	4c9c                	lw	a5,24(s1)
    4916:	4480                	lw	s0,8(s1)
    4918:	e781                	bnez	a5,4920 <_puts_r+0x28>
    491a:	8526                	mv	a0,s1
    491c:	100020ef          	jal	ra,6a1c <__sinit>
    4920:	00006797          	auipc	a5,0x6
    4924:	67078793          	addi	a5,a5,1648 # af90 <__sf_fake_stdin>
    4928:	02f41c63          	bne	s0,a5,4960 <_puts_r+0x68>
    492c:	40c0                	lw	s0,4(s1)
    492e:	245e                	lhu	a5,12(s0)
    4930:	8ba1                	andi	a5,a5,8
    4932:	c7b9                	beqz	a5,4980 <_puts_r+0x88>
    4934:	481c                	lw	a5,16(s0)
    4936:	c7a9                	beqz	a5,4980 <_puts_r+0x88>
    4938:	59fd                	li	s3,-1
    493a:	4a29                	li	s4,10
    493c:	441c                	lw	a5,8(s0)
    493e:	00094583          	lbu	a1,0(s2)
    4942:	17fd                	addi	a5,a5,-1
    4944:	eda1                	bnez	a1,499c <_puts_r+0xa4>
    4946:	c41c                	sw	a5,8(s0)
    4948:	0807d063          	bgez	a5,49c8 <_puts_r+0xd0>
    494c:	8622                	mv	a2,s0
    494e:	45a9                	li	a1,10
    4950:	8526                	mv	a0,s1
    4952:	767000ef          	jal	ra,58b8 <__swbuf_r>
    4956:	57fd                	li	a5,-1
    4958:	02f50963          	beq	a0,a5,498a <_puts_r+0x92>
    495c:	4529                	li	a0,10
    495e:	a03d                	j	498c <_puts_r+0x94>
    4960:	00006797          	auipc	a5,0x6
    4964:	65078793          	addi	a5,a5,1616 # afb0 <__sf_fake_stdout>
    4968:	00f41463          	bne	s0,a5,4970 <_puts_r+0x78>
    496c:	4480                	lw	s0,8(s1)
    496e:	b7c1                	j	492e <_puts_r+0x36>
    4970:	00006797          	auipc	a5,0x6
    4974:	60078793          	addi	a5,a5,1536 # af70 <__sf_fake_stderr>
    4978:	faf41be3          	bne	s0,a5,492e <_puts_r+0x36>
    497c:	44c0                	lw	s0,12(s1)
    497e:	bf45                	j	492e <_puts_r+0x36>
    4980:	85a2                	mv	a1,s0
    4982:	8526                	mv	a0,s1
    4984:	7f7000ef          	jal	ra,597a <__swsetup_r>
    4988:	d945                	beqz	a0,4938 <_puts_r+0x40>
    498a:	557d                	li	a0,-1
    498c:	40f2                	lw	ra,28(sp)
    498e:	4462                	lw	s0,24(sp)
    4990:	44d2                	lw	s1,20(sp)
    4992:	4942                	lw	s2,16(sp)
    4994:	49b2                	lw	s3,12(sp)
    4996:	4a22                	lw	s4,8(sp)
    4998:	6105                	addi	sp,sp,32
    499a:	8082                	ret
    499c:	c41c                	sw	a5,8(s0)
    499e:	0905                	addi	s2,s2,1
    49a0:	0007d763          	bgez	a5,49ae <_puts_r+0xb6>
    49a4:	4c18                	lw	a4,24(s0)
    49a6:	00e7ca63          	blt	a5,a4,49ba <_puts_r+0xc2>
    49aa:	01458863          	beq	a1,s4,49ba <_puts_r+0xc2>
    49ae:	401c                	lw	a5,0(s0)
    49b0:	00178713          	addi	a4,a5,1
    49b4:	c018                	sw	a4,0(s0)
    49b6:	a38c                	sb	a1,0(a5)
    49b8:	b751                	j	493c <_puts_r+0x44>
    49ba:	8622                	mv	a2,s0
    49bc:	8526                	mv	a0,s1
    49be:	6fb000ef          	jal	ra,58b8 <__swbuf_r>
    49c2:	f7351de3          	bne	a0,s3,493c <_puts_r+0x44>
    49c6:	b7d1                	j	498a <_puts_r+0x92>
    49c8:	401c                	lw	a5,0(s0)
    49ca:	00178713          	addi	a4,a5,1
    49ce:	c018                	sw	a4,0(s0)
    49d0:	4729                	li	a4,10
    49d2:	a398                	sb	a4,0(a5)
    49d4:	b761                	j	495c <_puts_r+0x64>

000049d6 <puts>:
    49d6:	81418793          	addi	a5,gp,-2028 # 20000204 <_impure_ptr>
    49da:	85aa                	mv	a1,a0
    49dc:	4388                	lw	a0,0(a5)
    49de:	bf29                	j	48f8 <_puts_r>

000049e0 <nanf>:
    49e0:	00006797          	auipc	a5,0x6
    49e4:	49c78793          	addi	a5,a5,1180 # ae7c <__clz_tab+0x14c>
    49e8:	4388                	lw	a0,0(a5)
    49ea:	8082                	ret

000049ec <siprintf>:
    49ec:	7135                	addi	sp,sp,-160
    49ee:	cb3e                	sw	a5,148(sp)
    49f0:	800007b7          	lui	a5,0x80000
    49f4:	fff7c793          	not	a5,a5
    49f8:	ce3e                	sw	a5,28(sp)
    49fa:	c83e                	sw	a5,16(sp)
    49fc:	77c1                	lui	a5,0xffff0
    49fe:	20878793          	addi	a5,a5,520 # ffff0208 <_eusrstack+0xdffe8208>
    4a02:	c532                	sw	a2,136(sp)
    4a04:	c736                	sw	a3,140(sp)
    4a06:	c93a                	sw	a4,144(sp)
    4a08:	cd42                	sw	a6,152(sp)
    4a0a:	cf46                	sw	a7,156(sp)
    4a0c:	ca3e                	sw	a5,20(sp)
    4a0e:	81418793          	addi	a5,gp,-2028 # 20000204 <_impure_ptr>
    4a12:	c42a                	sw	a0,8(sp)
    4a14:	cc2a                	sw	a0,24(sp)
    4a16:	4388                	lw	a0,0(a5)
    4a18:	0134                	addi	a3,sp,136
    4a1a:	862e                	mv	a2,a1
    4a1c:	002c                	addi	a1,sp,8
    4a1e:	de86                	sw	ra,124(sp)
    4a20:	c236                	sw	a3,4(sp)
    4a22:	6ee030ef          	jal	ra,8110 <_svfiprintf_r>
    4a26:	47a2                	lw	a5,8(sp)
    4a28:	00078023          	sb	zero,0(a5)
    4a2c:	50f6                	lw	ra,124(sp)
    4a2e:	610d                	addi	sp,sp,160
    4a30:	8082                	ret

00004a32 <strlen>:
    4a32:	87aa                	mv	a5,a0
    4a34:	0785                	addi	a5,a5,1
    4a36:	fff7c703          	lbu	a4,-1(a5)
    4a3a:	ff6d                	bnez	a4,4a34 <strlen+0x2>
    4a3c:	40a78533          	sub	a0,a5,a0
    4a40:	157d                	addi	a0,a0,-1
    4a42:	8082                	ret

00004a44 <sulp>:
    4a44:	1101                	addi	sp,sp,-32
    4a46:	cc22                	sw	s0,24(sp)
    4a48:	872a                	mv	a4,a0
    4a4a:	842e                	mv	s0,a1
    4a4c:	853a                	mv	a0,a4
    4a4e:	85a2                	mv	a1,s0
    4a50:	c632                	sw	a2,12(sp)
    4a52:	ce06                	sw	ra,28(sp)
    4a54:	172030ef          	jal	ra,7bc6 <__ulp>
    4a58:	4632                	lw	a2,12(sp)
    4a5a:	882a                	mv	a6,a0
    4a5c:	88ae                	mv	a7,a1
    4a5e:	c605                	beqz	a2,4a86 <sulp+0x42>
    4a60:	8051                	srli	s0,s0,0x14
    4a62:	7ff47413          	andi	s0,s0,2047
    4a66:	06b00793          	li	a5,107
    4a6a:	8f81                	sub	a5,a5,s0
    4a6c:	00f05d63          	blez	a5,4a86 <sulp+0x42>
    4a70:	07d2                	slli	a5,a5,0x14
    4a72:	3ff00737          	lui	a4,0x3ff00
    4a76:	4801                	li	a6,0
    4a78:	973e                	add	a4,a4,a5
    4a7a:	8642                	mv	a2,a6
    4a7c:	86ba                	mv	a3,a4
    4a7e:	d2ffd0ef          	jal	ra,27ac <__muldf3>
    4a82:	882a                	mv	a6,a0
    4a84:	88ae                	mv	a7,a1
    4a86:	40f2                	lw	ra,28(sp)
    4a88:	4462                	lw	s0,24(sp)
    4a8a:	8542                	mv	a0,a6
    4a8c:	85c6                	mv	a1,a7
    4a8e:	6105                	addi	sp,sp,32
    4a90:	8082                	ret

00004a92 <_strtod_l>:
    4a92:	7135                	addi	sp,sp,-160
    4a94:	c94a                	sw	s2,144(sp)
    4a96:	892a                	mv	s2,a0
    4a98:	8536                	mv	a0,a3
    4a9a:	d432                	sw	a2,40(sp)
    4a9c:	c636                	sw	a3,12(sp)
    4a9e:	cf06                	sw	ra,156(sp)
    4aa0:	cd22                	sw	s0,152(sp)
    4aa2:	cb26                	sw	s1,148(sp)
    4aa4:	c74e                	sw	s3,140(sp)
    4aa6:	d8ea                	sw	s10,112(sp)
    4aa8:	d6ee                	sw	s11,108(sp)
    4aaa:	8d2e                	mv	s10,a1
    4aac:	c552                	sw	s4,136(sp)
    4aae:	c356                	sw	s5,132(sp)
    4ab0:	c15a                	sw	s6,128(sp)
    4ab2:	dede                	sw	s7,124(sp)
    4ab4:	dce2                	sw	s8,120(sp)
    4ab6:	dae6                	sw	s9,116(sp)
    4ab8:	c882                	sw	zero,80(sp)
    4aba:	02f020ef          	jal	ra,72e8 <__localeconv_l>
    4abe:	8daa                	mv	s11,a0
    4ac0:	4108                	lw	a0,0(a0)
    4ac2:	4481                	li	s1,0
    4ac4:	4401                	li	s0,0
    4ac6:	37b5                	jal	4a32 <strlen>
    4ac8:	46b2                	lw	a3,12(sp)
    4aca:	89aa                	mv	s3,a0
    4acc:	c6ea                	sw	s10,76(sp)
    4ace:	4635                	li	a2,13
    4ad0:	02b00593          	li	a1,43
    4ad4:	02d00513          	li	a0,45
    4ad8:	02000813          	li	a6,32
    4adc:	48a5                	li	a7,9
    4ade:	47b6                	lw	a5,76(sp)
    4ae0:	2398                	lbu	a4,0(a5)
    4ae2:	08e66b63          	bltu	a2,a4,4b78 <_strtod_l+0xe6>
    4ae6:	09177f63          	bgeu	a4,a7,4b84 <_strtod_l+0xf2>
    4aea:	c755                	beqz	a4,4b96 <_strtod_l+0x104>
    4aec:	c802                	sw	zero,16(sp)
    4aee:	4a36                	lw	s4,76(sp)
    4af0:	03000793          	li	a5,48
    4af4:	4a81                	li	s5,0
    4af6:	000a4703          	lbu	a4,0(s4)
    4afa:	12f71b63          	bne	a4,a5,4c30 <_strtod_l+0x19e>
    4afe:	001a4783          	lbu	a5,1(s4)
    4b02:	05800713          	li	a4,88
    4b06:	00e78863          	beq	a5,a4,4b16 <_strtod_l+0x84>
    4b0a:	07800613          	li	a2,120
    4b0e:	03000713          	li	a4,48
    4b12:	10c79663          	bne	a5,a2,4c1e <_strtod_l+0x18c>
    4b16:	47c2                	lw	a5,16(sp)
    4b18:	8836                	mv	a6,a3
    4b1a:	0898                	addi	a4,sp,80
    4b1c:	08d4                	addi	a3,sp,84
    4b1e:	00006617          	auipc	a2,0x6
    4b22:	3c260613          	addi	a2,a2,962 # aee0 <fpi.3395>
    4b26:	00ec                	addi	a1,sp,76
    4b28:	854a                	mv	a0,s2
    4b2a:	11e020ef          	jal	ra,6c48 <__gethex>
    4b2e:	00757993          	andi	s3,a0,7
    4b32:	8aaa                	mv	s5,a0
    4b34:	00098863          	beqz	s3,4b44 <_strtod_l+0xb2>
    4b38:	4799                	li	a5,6
    4b3a:	06f99763          	bne	s3,a5,4ba8 <_strtod_l+0x116>
    4b3e:	0a05                	addi	s4,s4,1
    4b40:	c6d2                	sw	s4,76(sp)
    4b42:	c802                	sw	zero,16(sp)
    4b44:	57a2                	lw	a5,40(sp)
    4b46:	c781                	beqz	a5,4b4e <_strtod_l+0xbc>
    4b48:	47b6                	lw	a5,76(sp)
    4b4a:	5722                	lw	a4,40(sp)
    4b4c:	c31c                	sw	a5,0(a4)
    4b4e:	47c2                	lw	a5,16(sp)
    4b50:	c7b9                	beqz	a5,4b9e <_strtod_l+0x10c>
    4b52:	800005b7          	lui	a1,0x80000
    4b56:	8da1                	xor	a1,a1,s0
    4b58:	40fa                	lw	ra,156(sp)
    4b5a:	446a                	lw	s0,152(sp)
    4b5c:	8526                	mv	a0,s1
    4b5e:	494a                	lw	s2,144(sp)
    4b60:	44da                	lw	s1,148(sp)
    4b62:	49ba                	lw	s3,140(sp)
    4b64:	4a2a                	lw	s4,136(sp)
    4b66:	4a9a                	lw	s5,132(sp)
    4b68:	4b0a                	lw	s6,128(sp)
    4b6a:	5bf6                	lw	s7,124(sp)
    4b6c:	5c66                	lw	s8,120(sp)
    4b6e:	5cd6                	lw	s9,116(sp)
    4b70:	5d46                	lw	s10,112(sp)
    4b72:	5db6                	lw	s11,108(sp)
    4b74:	610d                	addi	sp,sp,160
    4b76:	8082                	ret
    4b78:	00b70963          	beq	a4,a1,4b8a <_strtod_l+0xf8>
    4b7c:	02a70363          	beq	a4,a0,4ba2 <_strtod_l+0x110>
    4b80:	f70716e3          	bne	a4,a6,4aec <_strtod_l+0x5a>
    4b84:	0785                	addi	a5,a5,1
    4b86:	c6be                	sw	a5,76(sp)
    4b88:	bf99                	j	4ade <_strtod_l+0x4c>
    4b8a:	c802                	sw	zero,16(sp)
    4b8c:	00178713          	addi	a4,a5,1
    4b90:	c6ba                	sw	a4,76(sp)
    4b92:	339c                	lbu	a5,1(a5)
    4b94:	ffa9                	bnez	a5,4aee <_strtod_l+0x5c>
    4b96:	57a2                	lw	a5,40(sp)
    4b98:	c6ea                	sw	s10,76(sp)
    4b9a:	c802                	sw	zero,16(sp)
    4b9c:	f7d5                	bnez	a5,4b48 <_strtod_l+0xb6>
    4b9e:	85a2                	mv	a1,s0
    4ba0:	bf65                	j	4b58 <_strtod_l+0xc6>
    4ba2:	4705                	li	a4,1
    4ba4:	c83a                	sw	a4,16(sp)
    4ba6:	b7dd                	j	4b8c <_strtod_l+0xfa>
    4ba8:	4646                	lw	a2,80(sp)
    4baa:	ca11                	beqz	a2,4bbe <_strtod_l+0x12c>
    4bac:	03500593          	li	a1,53
    4bb0:	08a8                	addi	a0,sp,88
    4bb2:	256030ef          	jal	ra,7e08 <__copybits>
    4bb6:	45c6                	lw	a1,80(sp)
    4bb8:	854a                	mv	a0,s2
    4bba:	1cd020ef          	jal	ra,7586 <_Bfree>
    4bbe:	19fd                	addi	s3,s3,-1
    4bc0:	4791                	li	a5,4
    4bc2:	0137ee63          	bltu	a5,s3,4bde <_strtod_l+0x14c>
    4bc6:	00006717          	auipc	a4,0x6
    4bca:	2ba70713          	addi	a4,a4,698 # ae80 <__clz_tab+0x150>
    4bce:	098a                	slli	s3,s3,0x2
    4bd0:	99ba                	add	s3,s3,a4
    4bd2:	0009a783          	lw	a5,0(s3)
    4bd6:	97ba                	add	a5,a5,a4
    4bd8:	8782                	jr	a5
    4bda:	44e6                	lw	s1,88(sp)
    4bdc:	4476                	lw	s0,92(sp)
    4bde:	008afa93          	andi	s5,s5,8
    4be2:	f60a81e3          	beqz	s5,4b44 <_strtod_l+0xb2>
    4be6:	800007b7          	lui	a5,0x80000
    4bea:	8c5d                	or	s0,s0,a5
    4bec:	bfa1                	j	4b44 <_strtod_l+0xb2>
    4bee:	45f6                	lw	a1,92(sp)
    4bf0:	fff00437          	lui	s0,0xfff00
    4bf4:	147d                	addi	s0,s0,-1
    4bf6:	0085f7b3          	and	a5,a1,s0
    4bfa:	4456                	lw	s0,84(sp)
    4bfc:	44e6                	lw	s1,88(sp)
    4bfe:	43340413          	addi	s0,s0,1075 # fff00433 <_eusrstack+0xdfef8433>
    4c02:	01441593          	slli	a1,s0,0x14
    4c06:	00b7e433          	or	s0,a5,a1
    4c0a:	bfd1                	j	4bde <_strtod_l+0x14c>
    4c0c:	7ff00437          	lui	s0,0x7ff00
    4c10:	b7f9                	j	4bde <_strtod_l+0x14c>
    4c12:	800005b7          	lui	a1,0x80000
    4c16:	fff5c413          	not	s0,a1
    4c1a:	54fd                	li	s1,-1
    4c1c:	b7c9                	j	4bde <_strtod_l+0x14c>
    4c1e:	47b6                	lw	a5,76(sp)
    4c20:	00178693          	addi	a3,a5,1 # 80000001 <_eusrstack+0x5fff8001>
    4c24:	c6b6                	sw	a3,76(sp)
    4c26:	339c                	lbu	a5,1(a5)
    4c28:	fee78be3          	beq	a5,a4,4c1e <_strtod_l+0x18c>
    4c2c:	df81                	beqz	a5,4b44 <_strtod_l+0xb2>
    4c2e:	4a85                	li	s5,1
    4c30:	4cb6                	lw	s9,76(sp)
    4c32:	4a01                	li	s4,0
    4c34:	4b81                	li	s7,0
    4c36:	4c01                	li	s8,0
    4c38:	46a5                	li	a3,9
    4c3a:	45a1                	li	a1,8
    4c3c:	47a9                	li	a5,10
    4c3e:	4536                	lw	a0,76(sp)
    4c40:	00054b03          	lbu	s6,0(a0)
    4c44:	fd0b0713          	addi	a4,s6,-48
    4c48:	0ff77613          	andi	a2,a4,255
    4c4c:	04c6fd63          	bgeu	a3,a2,4ca6 <_strtod_l+0x214>
    4c50:	000da583          	lw	a1,0(s11)
    4c54:	864e                	mv	a2,s3
    4c56:	324040ef          	jal	ra,8f7a <strncmp>
    4c5a:	c13d                	beqz	a0,4cc0 <_strtod_l+0x22e>
    4c5c:	87da                	mv	a5,s6
    4c5e:	8de2                	mv	s11,s8
    4c60:	4681                	li	a3,0
    4c62:	4b01                	li	s6,0
    4c64:	4501                	li	a0,0
    4c66:	06500713          	li	a4,101
    4c6a:	00e78763          	beq	a5,a4,4c78 <_strtod_l+0x1e6>
    4c6e:	04500713          	li	a4,69
    4c72:	4981                	li	s3,0
    4c74:	16e79563          	bne	a5,a4,4dde <_strtod_l+0x34c>
    4c78:	000d9663          	bnez	s11,4c84 <_strtod_l+0x1f2>
    4c7c:	0156e7b3          	or	a5,a3,s5
    4c80:	db99                	beqz	a5,4b96 <_strtod_l+0x104>
    4c82:	4d81                	li	s11,0
    4c84:	4d36                	lw	s10,76(sp)
    4c86:	02b00713          	li	a4,43
    4c8a:	001d0793          	addi	a5,s10,1
    4c8e:	c6be                	sw	a5,76(sp)
    4c90:	001d4783          	lbu	a5,1(s10)
    4c94:	0ce78f63          	beq	a5,a4,4d72 <_strtod_l+0x2e0>
    4c98:	02d00713          	li	a4,45
    4c9c:	4801                	li	a6,0
    4c9e:	0ee79063          	bne	a5,a4,4d7e <_strtod_l+0x2ec>
    4ca2:	4805                	li	a6,1
    4ca4:	a8c1                	j	4d74 <_strtod_l+0x2e2>
    4ca6:	0185c963          	blt	a1,s8,4cb8 <_strtod_l+0x226>
    4caa:	02fb8bb3          	mul	s7,s7,a5
    4cae:	9bba                	add	s7,s7,a4
    4cb0:	0505                	addi	a0,a0,1
    4cb2:	0c05                	addi	s8,s8,1
    4cb4:	c6aa                	sw	a0,76(sp)
    4cb6:	b761                	j	4c3e <_strtod_l+0x1ac>
    4cb8:	02fa0a33          	mul	s4,s4,a5
    4cbc:	9a3a                	add	s4,s4,a4
    4cbe:	bfcd                	j	4cb0 <_strtod_l+0x21e>
    4cc0:	4536                	lw	a0,76(sp)
    4cc2:	4681                	li	a3,0
    4cc4:	954e                	add	a0,a0,s3
    4cc6:	c6aa                	sw	a0,76(sp)
    4cc8:	211c                	lbu	a5,0(a0)
    4cca:	060c0b63          	beqz	s8,4d40 <_strtod_l+0x2ae>
    4cce:	4b01                	li	s6,0
    4cd0:	8de2                	mv	s11,s8
    4cd2:	fd078713          	addi	a4,a5,-48
    4cd6:	4625                	li	a2,9
    4cd8:	02e67563          	bgeu	a2,a4,4d02 <_strtod_l+0x270>
    4cdc:	4505                	li	a0,1
    4cde:	b761                	j	4c66 <_strtod_l+0x1d4>
    4ce0:	47b6                	lw	a5,76(sp)
    4ce2:	0685                	addi	a3,a3,1
    4ce4:	00178613          	addi	a2,a5,1
    4ce8:	c6b2                	sw	a2,76(sp)
    4cea:	339c                	lbu	a5,1(a5)
    4cec:	fee78ae3          	beq	a5,a4,4ce0 <_strtod_l+0x24e>
    4cf0:	fcf78713          	addi	a4,a5,-49
    4cf4:	4621                	li	a2,8
    4cf6:	1ee666e3          	bltu	a2,a4,56e2 <_strtod_l+0xc50>
    4cfa:	4cb6                	lw	s9,76(sp)
    4cfc:	8b36                	mv	s6,a3
    4cfe:	4d81                	li	s11,0
    4d00:	4681                	li	a3,0
    4d02:	fd078793          	addi	a5,a5,-48
    4d06:	00168713          	addi	a4,a3,1
    4d0a:	c785                	beqz	a5,4d32 <_strtod_l+0x2a0>
    4d0c:	9b3a                	add	s6,s6,a4
    4d0e:	01b68533          	add	a0,a3,s11
    4d12:	876e                	mv	a4,s11
    4d14:	4821                	li	a6,8
    4d16:	48c1                	li	a7,16
    4d18:	4629                	li	a2,10
    4d1a:	02a71663          	bne	a4,a0,4d46 <_strtod_l+0x2b4>
    4d1e:	0d85                	addi	s11,s11,1
    4d20:	9db6                	add	s11,s11,a3
    4d22:	46a1                	li	a3,8
    4d24:	02e6ce63          	blt	a3,a4,4d60 <_strtod_l+0x2ce>
    4d28:	4729                	li	a4,10
    4d2a:	02eb8bb3          	mul	s7,s7,a4
    4d2e:	4701                	li	a4,0
    4d30:	9bbe                	add	s7,s7,a5
    4d32:	47b6                	lw	a5,76(sp)
    4d34:	00178693          	addi	a3,a5,1
    4d38:	c6b6                	sw	a3,76(sp)
    4d3a:	339c                	lbu	a5,1(a5)
    4d3c:	86ba                	mv	a3,a4
    4d3e:	bf51                	j	4cd2 <_strtod_l+0x240>
    4d40:	03000713          	li	a4,48
    4d44:	b765                	j	4cec <_strtod_l+0x25a>
    4d46:	00170593          	addi	a1,a4,1
    4d4a:	00e84663          	blt	a6,a4,4d56 <_strtod_l+0x2c4>
    4d4e:	02cb8bb3          	mul	s7,s7,a2
    4d52:	872e                	mv	a4,a1
    4d54:	b7d9                	j	4d1a <_strtod_l+0x288>
    4d56:	feb8cee3          	blt	a7,a1,4d52 <_strtod_l+0x2c0>
    4d5a:	02ca0a33          	mul	s4,s4,a2
    4d5e:	bfd5                	j	4d52 <_strtod_l+0x2c0>
    4d60:	46c1                	li	a3,16
    4d62:	4701                	li	a4,0
    4d64:	fdb6c7e3          	blt	a3,s11,4d32 <_strtod_l+0x2a0>
    4d68:	46a9                	li	a3,10
    4d6a:	02da0a33          	mul	s4,s4,a3
    4d6e:	9a3e                	add	s4,s4,a5
    4d70:	b7c9                	j	4d32 <_strtod_l+0x2a0>
    4d72:	4801                	li	a6,0
    4d74:	002d0793          	addi	a5,s10,2
    4d78:	c6be                	sw	a5,76(sp)
    4d7a:	002d4783          	lbu	a5,2(s10)
    4d7e:	fd078713          	addi	a4,a5,-48
    4d82:	4625                	li	a2,9
    4d84:	0ce66563          	bltu	a2,a4,4e4e <_strtod_l+0x3bc>
    4d88:	03000713          	li	a4,48
    4d8c:	0ae78563          	beq	a5,a4,4e36 <_strtod_l+0x3a4>
    4d90:	fcf78713          	addi	a4,a5,-49
    4d94:	4621                	li	a2,8
    4d96:	4981                	li	s3,0
    4d98:	04e66363          	bltu	a2,a4,4dde <_strtod_l+0x34c>
    4d9c:	48b6                	lw	a7,76(sp)
    4d9e:	fd078713          	addi	a4,a5,-48
    4da2:	4325                	li	t1,9
    4da4:	4e29                	li	t3,10
    4da6:	47b6                	lw	a5,76(sp)
    4da8:	00178613          	addi	a2,a5,1
    4dac:	c6b2                	sw	a2,76(sp)
    4dae:	339c                	lbu	a5,1(a5)
    4db0:	fd078593          	addi	a1,a5,-48
    4db4:	0ff5f593          	andi	a1,a1,255
    4db8:	08b37563          	bgeu	t1,a1,4e42 <_strtod_l+0x3b0>
    4dbc:	6995                	lui	s3,0x5
    4dbe:	41160633          	sub	a2,a2,a7
    4dc2:	e1f98993          	addi	s3,s3,-481 # 4e1f <_strtod_l+0x38d>
    4dc6:	48a1                	li	a7,8
    4dc8:	85ce                	mv	a1,s3
    4dca:	00c8c663          	blt	a7,a2,4dd6 <_strtod_l+0x344>
    4dce:	89ba                	mv	s3,a4
    4dd0:	00e5d363          	bge	a1,a4,4dd6 <_strtod_l+0x344>
    4dd4:	89ae                	mv	s3,a1
    4dd6:	00080463          	beqz	a6,4dde <_strtod_l+0x34c>
    4dda:	413009b3          	neg	s3,s3
    4dde:	0c0d9663          	bnez	s11,4eaa <_strtod_l+0x418>
    4de2:	00dae6b3          	or	a3,s5,a3
    4de6:	d4069fe3          	bnez	a3,4b44 <_strtod_l+0xb2>
    4dea:	da0516e3          	bnez	a0,4b96 <_strtod_l+0x104>
    4dee:	04e00713          	li	a4,78
    4df2:	06e78963          	beq	a5,a4,4e64 <_strtod_l+0x3d2>
    4df6:	04f74f63          	blt	a4,a5,4e54 <_strtod_l+0x3c2>
    4dfa:	04900713          	li	a4,73
    4dfe:	d8e79ce3          	bne	a5,a4,4b96 <_strtod_l+0x104>
    4e02:	00006597          	auipc	a1,0x6
    4e06:	0ce58593          	addi	a1,a1,206 # aed0 <__clz_tab+0x1a0>
    4e0a:	00e8                	addi	a0,sp,76
    4e0c:	332020ef          	jal	ra,713e <__match>
    4e10:	d80503e3          	beqz	a0,4b96 <_strtod_l+0x104>
    4e14:	47b6                	lw	a5,76(sp)
    4e16:	00006597          	auipc	a1,0x6
    4e1a:	0be58593          	addi	a1,a1,190 # aed4 <__clz_tab+0x1a4>
    4e1e:	00e8                	addi	a0,sp,76
    4e20:	17fd                	addi	a5,a5,-1
    4e22:	c6be                	sw	a5,76(sp)
    4e24:	31a020ef          	jal	ra,713e <__match>
    4e28:	e501                	bnez	a0,4e30 <_strtod_l+0x39e>
    4e2a:	47b6                	lw	a5,76(sp)
    4e2c:	0785                	addi	a5,a5,1
    4e2e:	c6be                	sw	a5,76(sp)
    4e30:	7ff00437          	lui	s0,0x7ff00
    4e34:	bb01                	j	4b44 <_strtod_l+0xb2>
    4e36:	47b6                	lw	a5,76(sp)
    4e38:	00178613          	addi	a2,a5,1
    4e3c:	c6b2                	sw	a2,76(sp)
    4e3e:	339c                	lbu	a5,1(a5)
    4e40:	b7b1                	j	4d8c <_strtod_l+0x2fa>
    4e42:	03c70733          	mul	a4,a4,t3
    4e46:	97ba                	add	a5,a5,a4
    4e48:	fd078713          	addi	a4,a5,-48
    4e4c:	bfa9                	j	4da6 <_strtod_l+0x314>
    4e4e:	c6ea                	sw	s10,76(sp)
    4e50:	4981                	li	s3,0
    4e52:	b771                	j	4dde <_strtod_l+0x34c>
    4e54:	06900713          	li	a4,105
    4e58:	fae785e3          	beq	a5,a4,4e02 <_strtod_l+0x370>
    4e5c:	06e00713          	li	a4,110
    4e60:	d2e79be3          	bne	a5,a4,4b96 <_strtod_l+0x104>
    4e64:	00006597          	auipc	a1,0x6
    4e68:	07858593          	addi	a1,a1,120 # aedc <__clz_tab+0x1ac>
    4e6c:	00e8                	addi	a0,sp,76
    4e6e:	2d0020ef          	jal	ra,713e <__match>
    4e72:	d20502e3          	beqz	a0,4b96 <_strtod_l+0x104>
    4e76:	47b6                	lw	a5,76(sp)
    4e78:	2398                	lbu	a4,0(a5)
    4e7a:	02800793          	li	a5,40
    4e7e:	02f71363          	bne	a4,a5,4ea4 <_strtod_l+0x412>
    4e82:	08b0                	addi	a2,sp,88
    4e84:	00006597          	auipc	a1,0x6
    4e88:	07058593          	addi	a1,a1,112 # aef4 <fpinan.3431>
    4e8c:	00e8                	addi	a0,sp,76
    4e8e:	2de020ef          	jal	ra,716c <__hexnan>
    4e92:	4795                	li	a5,5
    4e94:	00f51863          	bne	a0,a5,4ea4 <_strtod_l+0x412>
    4e98:	45f6                	lw	a1,92(sp)
    4e9a:	7ff00437          	lui	s0,0x7ff00
    4e9e:	44e6                	lw	s1,88(sp)
    4ea0:	8c4d                	or	s0,s0,a1
    4ea2:	b14d                	j	4b44 <_strtod_l+0xb2>
    4ea4:	fff80437          	lui	s0,0xfff80
    4ea8:	b971                	j	4b44 <_strtod_l+0xb2>
    4eaa:	41698ab3          	sub	s5,s3,s6
    4eae:	000c1363          	bnez	s8,4eb4 <_strtod_l+0x422>
    4eb2:	8c6e                	mv	s8,s11
    4eb4:	47c1                	li	a5,16
    4eb6:	8d6e                	mv	s10,s11
    4eb8:	01b7d363          	bge	a5,s11,4ebe <_strtod_l+0x42c>
    4ebc:	4d41                	li	s10,16
    4ebe:	855e                	mv	a0,s7
    4ec0:	5c6050ef          	jal	ra,a486 <__floatunsidf>
    4ec4:	47a5                	li	a5,9
    4ec6:	84aa                	mv	s1,a0
    4ec8:	842e                	mv	s0,a1
    4eca:	03b7dc63          	bge	a5,s11,4f02 <_strtod_l+0x470>
    4ece:	ff7d0793          	addi	a5,s10,-9
    4ed2:	00379713          	slli	a4,a5,0x3
    4ed6:	00006797          	auipc	a5,0x6
    4eda:	13278793          	addi	a5,a5,306 # b008 <__mprec_tens>
    4ede:	97ba                	add	a5,a5,a4
    4ee0:	4390                	lw	a2,0(a5)
    4ee2:	43d4                	lw	a3,4(a5)
    4ee4:	8c9fd0ef          	jal	ra,27ac <__muldf3>
    4ee8:	842a                	mv	s0,a0
    4eea:	8552                	mv	a0,s4
    4eec:	84ae                	mv	s1,a1
    4eee:	598050ef          	jal	ra,a486 <__floatunsidf>
    4ef2:	862a                	mv	a2,a0
    4ef4:	86ae                	mv	a3,a1
    4ef6:	8522                	mv	a0,s0
    4ef8:	85a6                	mv	a1,s1
    4efa:	450040ef          	jal	ra,934a <__adddf3>
    4efe:	84aa                	mv	s1,a0
    4f00:	842e                	mv	s0,a1
    4f02:	47bd                	li	a5,15
    4f04:	09b7cd63          	blt	a5,s11,4f9e <_strtod_l+0x50c>
    4f08:	c20a8ee3          	beqz	s5,4b44 <_strtod_l+0xb2>
    4f0c:	07505463          	blez	s5,4f74 <_strtod_l+0x4e2>
    4f10:	4759                	li	a4,22
    4f12:	03574363          	blt	a4,s5,4f38 <_strtod_l+0x4a6>
    4f16:	0a8e                	slli	s5,s5,0x3
    4f18:	00006797          	auipc	a5,0x6
    4f1c:	0f078793          	addi	a5,a5,240 # b008 <__mprec_tens>
    4f20:	9abe                	add	s5,s5,a5
    4f22:	000aa503          	lw	a0,0(s5)
    4f26:	004aa583          	lw	a1,4(s5)
    4f2a:	8626                	mv	a2,s1
    4f2c:	86a2                	mv	a3,s0
    4f2e:	87ffd0ef          	jal	ra,27ac <__muldf3>
    4f32:	84aa                	mv	s1,a0
    4f34:	842e                	mv	s0,a1
    4f36:	b139                	j	4b44 <_strtod_l+0xb2>
    4f38:	02500713          	li	a4,37
    4f3c:	41b70733          	sub	a4,a4,s11
    4f40:	05574f63          	blt	a4,s5,4f9e <_strtod_l+0x50c>
    4f44:	41b78db3          	sub	s11,a5,s11
    4f48:	00006917          	auipc	s2,0x6
    4f4c:	0c090913          	addi	s2,s2,192 # b008 <__mprec_tens>
    4f50:	003d9793          	slli	a5,s11,0x3
    4f54:	97ca                	add	a5,a5,s2
    4f56:	4388                	lw	a0,0(a5)
    4f58:	43cc                	lw	a1,4(a5)
    4f5a:	41ba8db3          	sub	s11,s5,s11
    4f5e:	8626                	mv	a2,s1
    4f60:	86a2                	mv	a3,s0
    4f62:	0d8e                	slli	s11,s11,0x3
    4f64:	849fd0ef          	jal	ra,27ac <__muldf3>
    4f68:	9dca                	add	s11,s11,s2
    4f6a:	000da603          	lw	a2,0(s11)
    4f6e:	004da683          	lw	a3,4(s11)
    4f72:	bf75                	j	4f2e <_strtod_l+0x49c>
    4f74:	57a9                	li	a5,-22
    4f76:	02fac463          	blt	s5,a5,4f9e <_strtod_l+0x50c>
    4f7a:	413b09b3          	sub	s3,s6,s3
    4f7e:	00399b13          	slli	s6,s3,0x3
    4f82:	00006997          	auipc	s3,0x6
    4f86:	08698993          	addi	s3,s3,134 # b008 <__mprec_tens>
    4f8a:	99da                	add	s3,s3,s6
    4f8c:	0009a603          	lw	a2,0(s3)
    4f90:	0049a683          	lw	a3,4(s3)
    4f94:	8526                	mv	a0,s1
    4f96:	85a2                	mv	a1,s0
    4f98:	a60fd0ef          	jal	ra,21f8 <__divdf3>
    4f9c:	bf59                	j	4f32 <_strtod_l+0x4a0>
    4f9e:	41ad8d33          	sub	s10,s11,s10
    4fa2:	9d56                	add	s10,s10,s5
    4fa4:	11a05763          	blez	s10,50b2 <_strtod_l+0x620>
    4fa8:	00fd7793          	andi	a5,s10,15
    4fac:	cf99                	beqz	a5,4fca <_strtod_l+0x538>
    4fae:	00006717          	auipc	a4,0x6
    4fb2:	05a70713          	addi	a4,a4,90 # b008 <__mprec_tens>
    4fb6:	078e                	slli	a5,a5,0x3
    4fb8:	97ba                	add	a5,a5,a4
    4fba:	4388                	lw	a0,0(a5)
    4fbc:	43cc                	lw	a1,4(a5)
    4fbe:	8626                	mv	a2,s1
    4fc0:	86a2                	mv	a3,s0
    4fc2:	feafd0ef          	jal	ra,27ac <__muldf3>
    4fc6:	84aa                	mv	s1,a0
    4fc8:	842e                	mv	s0,a1
    4fca:	ff0d7d13          	andi	s10,s10,-16
    4fce:	0a0d0863          	beqz	s10,507e <_strtod_l+0x5ec>
    4fd2:	13400793          	li	a5,308
    4fd6:	05a7d563          	bge	a5,s10,5020 <_strtod_l+0x58e>
    4fda:	4b01                	li	s6,0
    4fdc:	4981                	li	s3,0
    4fde:	c602                	sw	zero,12(sp)
    4fe0:	4b81                	li	s7,0
    4fe2:	02200793          	li	a5,34
    4fe6:	00f92023          	sw	a5,0(s2)
    4fea:	7ff00437          	lui	s0,0x7ff00
    4fee:	4481                	li	s1,0
    4ff0:	47b2                	lw	a5,12(sp)
    4ff2:	b40789e3          	beqz	a5,4b44 <_strtod_l+0xb2>
    4ff6:	45c6                	lw	a1,80(sp)
    4ff8:	854a                	mv	a0,s2
    4ffa:	58c020ef          	jal	ra,7586 <_Bfree>
    4ffe:	85de                	mv	a1,s7
    5000:	854a                	mv	a0,s2
    5002:	584020ef          	jal	ra,7586 <_Bfree>
    5006:	85ce                	mv	a1,s3
    5008:	854a                	mv	a0,s2
    500a:	57c020ef          	jal	ra,7586 <_Bfree>
    500e:	45b2                	lw	a1,12(sp)
    5010:	854a                	mv	a0,s2
    5012:	574020ef          	jal	ra,7586 <_Bfree>
    5016:	85da                	mv	a1,s6
    5018:	854a                	mv	a0,s2
    501a:	56c020ef          	jal	ra,7586 <_Bfree>
    501e:	b61d                	j	4b44 <_strtod_l+0xb2>
    5020:	404d5d13          	srai	s10,s10,0x4
    5024:	8526                	mv	a0,s1
    5026:	85a2                	mv	a1,s0
    5028:	4781                	li	a5,0
    502a:	4a01                	li	s4,0
    502c:	4805                	li	a6,1
    502e:	00006897          	auipc	a7,0x6
    5032:	fb288893          	addi	a7,a7,-78 # afe0 <__mprec_bigtens>
    5036:	05a84663          	blt	a6,s10,5082 <_strtod_l+0x5f0>
    503a:	c399                	beqz	a5,5040 <_strtod_l+0x5ae>
    503c:	84aa                	mv	s1,a0
    503e:	842e                	mv	s0,a1
    5040:	00006717          	auipc	a4,0x6
    5044:	fa070713          	addi	a4,a4,-96 # afe0 <__mprec_bigtens>
    5048:	003a1793          	slli	a5,s4,0x3
    504c:	97ba                	add	a5,a5,a4
    504e:	4388                	lw	a0,0(a5)
    5050:	43cc                	lw	a1,4(a5)
    5052:	fcb00737          	lui	a4,0xfcb00
    5056:	9722                	add	a4,a4,s0
    5058:	8626                	mv	a2,s1
    505a:	86ba                	mv	a3,a4
    505c:	f50fd0ef          	jal	ra,27ac <__muldf3>
    5060:	7ff00437          	lui	s0,0x7ff00
    5064:	00b477b3          	and	a5,s0,a1
    5068:	7ca00737          	lui	a4,0x7ca00
    506c:	84aa                	mv	s1,a0
    506e:	f6f766e3          	bltu	a4,a5,4fda <_strtod_l+0x548>
    5072:	7c900737          	lui	a4,0x7c900
    5076:	02f77a63          	bgeu	a4,a5,50aa <_strtod_l+0x618>
    507a:	147d                	addi	s0,s0,-1
    507c:	54fd                	li	s1,-1
    507e:	4a01                	li	s4,0
    5080:	a8dd                	j	5176 <_strtod_l+0x6e4>
    5082:	001d7713          	andi	a4,s10,1
    5086:	cf11                	beqz	a4,50a2 <_strtod_l+0x610>
    5088:	003a1713          	slli	a4,s4,0x3
    508c:	9746                	add	a4,a4,a7
    508e:	4310                	lw	a2,0(a4)
    5090:	4354                	lw	a3,4(a4)
    5092:	f1afd0ef          	jal	ra,27ac <__muldf3>
    5096:	4785                	li	a5,1
    5098:	4805                	li	a6,1
    509a:	00006897          	auipc	a7,0x6
    509e:	f4688893          	addi	a7,a7,-186 # afe0 <__mprec_bigtens>
    50a2:	0a05                	addi	s4,s4,1
    50a4:	401d5d13          	srai	s10,s10,0x1
    50a8:	b779                	j	5036 <_strtod_l+0x5a4>
    50aa:	03500437          	lui	s0,0x3500
    50ae:	942e                	add	s0,s0,a1
    50b0:	b7f9                	j	507e <_strtod_l+0x5ec>
    50b2:	fc0d06e3          	beqz	s10,507e <_strtod_l+0x5ec>
    50b6:	41a00d33          	neg	s10,s10
    50ba:	00fd7793          	andi	a5,s10,15
    50be:	cf99                	beqz	a5,50dc <_strtod_l+0x64a>
    50c0:	00006717          	auipc	a4,0x6
    50c4:	f4870713          	addi	a4,a4,-184 # b008 <__mprec_tens>
    50c8:	078e                	slli	a5,a5,0x3
    50ca:	97ba                	add	a5,a5,a4
    50cc:	4390                	lw	a2,0(a5)
    50ce:	43d4                	lw	a3,4(a5)
    50d0:	8526                	mv	a0,s1
    50d2:	85a2                	mv	a1,s0
    50d4:	924fd0ef          	jal	ra,21f8 <__divdf3>
    50d8:	84aa                	mv	s1,a0
    50da:	842e                	mv	s0,a1
    50dc:	404d5d13          	srai	s10,s10,0x4
    50e0:	f80d0fe3          	beqz	s10,507e <_strtod_l+0x5ec>
    50e4:	47fd                	li	a5,31
    50e6:	01a7dd63          	bge	a5,s10,5100 <_strtod_l+0x66e>
    50ea:	4b01                	li	s6,0
    50ec:	4981                	li	s3,0
    50ee:	c602                	sw	zero,12(sp)
    50f0:	4b81                	li	s7,0
    50f2:	02200793          	li	a5,34
    50f6:	4481                	li	s1,0
    50f8:	4401                	li	s0,0
    50fa:	00f92023          	sw	a5,0(s2)
    50fe:	bdcd                	j	4ff0 <_strtod_l+0x55e>
    5100:	010d7a13          	andi	s4,s10,16
    5104:	000a0463          	beqz	s4,510c <_strtod_l+0x67a>
    5108:	06a00a13          	li	s4,106
    510c:	8526                	mv	a0,s1
    510e:	85a2                	mv	a1,s0
    5110:	00006797          	auipc	a5,0x6
    5114:	df878793          	addi	a5,a5,-520 # af08 <tinytens>
    5118:	4701                	li	a4,0
    511a:	001d7693          	andi	a3,s10,1
    511e:	ca81                	beqz	a3,512e <_strtod_l+0x69c>
    5120:	4390                	lw	a2,0(a5)
    5122:	43d4                	lw	a3,4(a5)
    5124:	c63e                	sw	a5,12(sp)
    5126:	e86fd0ef          	jal	ra,27ac <__muldf3>
    512a:	47b2                	lw	a5,12(sp)
    512c:	4705                	li	a4,1
    512e:	401d5d13          	srai	s10,s10,0x1
    5132:	07a1                	addi	a5,a5,8
    5134:	fe0d13e3          	bnez	s10,511a <_strtod_l+0x688>
    5138:	c319                	beqz	a4,513e <_strtod_l+0x6ac>
    513a:	84aa                	mv	s1,a0
    513c:	842e                	mv	s0,a1
    513e:	020a0563          	beqz	s4,5168 <_strtod_l+0x6d6>
    5142:	01445793          	srli	a5,s0,0x14
    5146:	7ff7f713          	andi	a4,a5,2047
    514a:	06b00793          	li	a5,107
    514e:	8f99                	sub	a5,a5,a4
    5150:	00f05c63          	blez	a5,5168 <_strtod_l+0x6d6>
    5154:	477d                	li	a4,31
    5156:	22f75463          	bge	a4,a5,537e <_strtod_l+0x8ec>
    515a:	03400713          	li	a4,52
    515e:	4481                	li	s1,0
    5160:	20f75963          	bge	a4,a5,5372 <_strtod_l+0x8e0>
    5164:	03700437          	lui	s0,0x3700
    5168:	4601                	li	a2,0
    516a:	4681                	li	a3,0
    516c:	8526                	mv	a0,s1
    516e:	85a2                	mv	a1,s0
    5170:	10b040ef          	jal	ra,9a7a <__eqdf2>
    5174:	d93d                	beqz	a0,50ea <_strtod_l+0x658>
    5176:	875e                	mv	a4,s7
    5178:	86ee                	mv	a3,s11
    517a:	8662                	mv	a2,s8
    517c:	85e6                	mv	a1,s9
    517e:	854a                	mv	a0,s2
    5180:	4e2020ef          	jal	ra,7662 <__s2b>
    5184:	c62a                	sw	a0,12(sp)
    5186:	e4050ae3          	beqz	a0,4fda <_strtod_l+0x548>
    518a:	41fad793          	srai	a5,s5,0x1f
    518e:	413b09b3          	sub	s3,s6,s3
    5192:	00f9f7b3          	and	a5,s3,a5
    5196:	d03e                	sw	a5,32(sp)
    5198:	ce56                	sw	s5,28(sp)
    519a:	000ad363          	bgez	s5,51a0 <_strtod_l+0x70e>
    519e:	ce02                	sw	zero,28(sp)
    51a0:	47b2                	lw	a5,12(sp)
    51a2:	4b01                	li	s6,0
    51a4:	4981                	li	s3,0
    51a6:	07b1                	addi	a5,a5,12
    51a8:	d83e                	sw	a5,48(sp)
    51aa:	001007b7          	lui	a5,0x100
    51ae:	17fd                	addi	a5,a5,-1
    51b0:	d63e                	sw	a5,44(sp)
    51b2:	47b2                	lw	a5,12(sp)
    51b4:	854a                	mv	a0,s2
    51b6:	43cc                	lw	a1,4(a5)
    51b8:	342020ef          	jal	ra,74fa <_Balloc>
    51bc:	8baa                	mv	s7,a0
    51be:	e20502e3          	beqz	a0,4fe2 <_strtod_l+0x550>
    51c2:	47b2                	lw	a5,12(sp)
    51c4:	55c2                	lw	a1,48(sp)
    51c6:	0531                	addi	a0,a0,12
    51c8:	4b90                	lw	a2,16(a5)
    51ca:	0609                	addi	a2,a2,2
    51cc:	060a                	slli	a2,a2,0x2
    51ce:	27a020ef          	jal	ra,7448 <memcpy>
    51d2:	08b8                	addi	a4,sp,88
    51d4:	08d4                	addi	a3,sp,84
    51d6:	8622                	mv	a2,s0
    51d8:	85a6                	mv	a1,s1
    51da:	854a                	mv	a0,s2
    51dc:	ca26                	sw	s1,20(sp)
    51de:	cc22                	sw	s0,24(sp)
    51e0:	2e1020ef          	jal	ra,7cc0 <__d2b>
    51e4:	c8aa                	sw	a0,80(sp)
    51e6:	de050ee3          	beqz	a0,4fe2 <_strtod_l+0x550>
    51ea:	4585                	li	a1,1
    51ec:	854a                	mv	a0,s2
    51ee:	5c8020ef          	jal	ra,77b6 <__i2b>
    51f2:	89aa                	mv	s3,a0
    51f4:	de0507e3          	beqz	a0,4fe2 <_strtod_l+0x550>
    51f8:	47d6                	lw	a5,84(sp)
    51fa:	1807c763          	bltz	a5,5388 <_strtod_l+0x8f6>
    51fe:	5702                	lw	a4,32(sp)
    5200:	4c72                	lw	s8,28(sp)
    5202:	00e78d33          	add	s10,a5,a4
    5206:	4766                	lw	a4,88(sp)
    5208:	414787b3          	sub	a5,a5,s4
    520c:	03600693          	li	a3,54
    5210:	97ba                	add	a5,a5,a4
    5212:	17fd                	addi	a5,a5,-1
    5214:	c0200d93          	li	s11,-1022
    5218:	8e99                	sub	a3,a3,a4
    521a:	19b7d663          	bge	a5,s11,53a6 <_strtod_l+0x914>
    521e:	40fd8733          	sub	a4,s11,a5
    5222:	467d                	li	a2,31
    5224:	8e99                	sub	a3,a3,a4
    5226:	16e64663          	blt	a2,a4,5392 <_strtod_l+0x900>
    522a:	4d85                	li	s11,1
    522c:	00ed97b3          	sll	a5,s11,a4
    5230:	d23e                	sw	a5,36(sp)
    5232:	4c81                	li	s9,0
    5234:	9c36                	add	s8,s8,a3
    5236:	00dd0db3          	add	s11,s10,a3
    523a:	9c52                	add	s8,s8,s4
    523c:	87ea                	mv	a5,s10
    523e:	01add363          	bge	s11,s10,5244 <_strtod_l+0x7b2>
    5242:	87ee                	mv	a5,s11
    5244:	00fc5363          	bge	s8,a5,524a <_strtod_l+0x7b8>
    5248:	87e2                	mv	a5,s8
    524a:	00f05863          	blez	a5,525a <_strtod_l+0x7c8>
    524e:	40fd8db3          	sub	s11,s11,a5
    5252:	40fc0c33          	sub	s8,s8,a5
    5256:	40fd0d33          	sub	s10,s10,a5
    525a:	5782                	lw	a5,32(sp)
    525c:	02f05863          	blez	a5,528c <_strtod_l+0x7fa>
    5260:	85ce                	mv	a1,s3
    5262:	863e                	mv	a2,a5
    5264:	854a                	mv	a0,s2
    5266:	6b0020ef          	jal	ra,7916 <__pow5mult>
    526a:	89aa                	mv	s3,a0
    526c:	d6050be3          	beqz	a0,4fe2 <_strtod_l+0x550>
    5270:	4646                	lw	a2,80(sp)
    5272:	85aa                	mv	a1,a0
    5274:	854a                	mv	a0,s2
    5276:	55c020ef          	jal	ra,77d2 <__multiply>
    527a:	da2a                	sw	a0,52(sp)
    527c:	d60503e3          	beqz	a0,4fe2 <_strtod_l+0x550>
    5280:	45c6                	lw	a1,80(sp)
    5282:	854a                	mv	a0,s2
    5284:	302020ef          	jal	ra,7586 <_Bfree>
    5288:	57d2                	lw	a5,52(sp)
    528a:	c8be                	sw	a5,80(sp)
    528c:	11b04f63          	bgtz	s11,53aa <_strtod_l+0x918>
    5290:	01505a63          	blez	s5,52a4 <_strtod_l+0x812>
    5294:	4672                	lw	a2,28(sp)
    5296:	85de                	mv	a1,s7
    5298:	854a                	mv	a0,s2
    529a:	67c020ef          	jal	ra,7916 <__pow5mult>
    529e:	8baa                	mv	s7,a0
    52a0:	d40501e3          	beqz	a0,4fe2 <_strtod_l+0x550>
    52a4:	01805a63          	blez	s8,52b8 <_strtod_l+0x826>
    52a8:	85de                	mv	a1,s7
    52aa:	8662                	mv	a2,s8
    52ac:	854a                	mv	a0,s2
    52ae:	726020ef          	jal	ra,79d4 <__lshift>
    52b2:	8baa                	mv	s7,a0
    52b4:	d20507e3          	beqz	a0,4fe2 <_strtod_l+0x550>
    52b8:	01a05a63          	blez	s10,52cc <_strtod_l+0x83a>
    52bc:	85ce                	mv	a1,s3
    52be:	866a                	mv	a2,s10
    52c0:	854a                	mv	a0,s2
    52c2:	712020ef          	jal	ra,79d4 <__lshift>
    52c6:	89aa                	mv	s3,a0
    52c8:	d0050de3          	beqz	a0,4fe2 <_strtod_l+0x550>
    52cc:	45c6                	lw	a1,80(sp)
    52ce:	865e                	mv	a2,s7
    52d0:	854a                	mv	a0,s2
    52d2:	003020ef          	jal	ra,7ad4 <__mdiff>
    52d6:	8b2a                	mv	s6,a0
    52d8:	d00505e3          	beqz	a0,4fe2 <_strtod_l+0x550>
    52dc:	00c52c03          	lw	s8,12(a0)
    52e0:	85ce                	mv	a1,s3
    52e2:	00052623          	sw	zero,12(a0)
    52e6:	7bc020ef          	jal	ra,7aa2 <__mcmp>
    52ea:	0c055963          	bgez	a0,53bc <_strtod_l+0x92a>
    52ee:	009c6c33          	or	s8,s8,s1
    52f2:	120c1163          	bnez	s8,5414 <_strtod_l+0x982>
    52f6:	00c41793          	slli	a5,s0,0xc
    52fa:	10079d63          	bnez	a5,5414 <_strtod_l+0x982>
    52fe:	7ff007b7          	lui	a5,0x7ff00
    5302:	8fe1                	and	a5,a5,s0
    5304:	06b00737          	lui	a4,0x6b00
    5308:	10f77663          	bgeu	a4,a5,5414 <_strtod_l+0x982>
    530c:	014b2783          	lw	a5,20(s6)
    5310:	e791                	bnez	a5,531c <_strtod_l+0x88a>
    5312:	010b2703          	lw	a4,16(s6)
    5316:	4785                	li	a5,1
    5318:	0ee7de63          	bge	a5,a4,5414 <_strtod_l+0x982>
    531c:	85da                	mv	a1,s6
    531e:	4605                	li	a2,1
    5320:	854a                	mv	a0,s2
    5322:	6b2020ef          	jal	ra,79d4 <__lshift>
    5326:	85ce                	mv	a1,s3
    5328:	8b2a                	mv	s6,a0
    532a:	778020ef          	jal	ra,7aa2 <__mcmp>
    532e:	0ea05363          	blez	a0,5414 <_strtod_l+0x982>
    5332:	100a0c63          	beqz	s4,544a <_strtod_l+0x9b8>
    5336:	7ff007b7          	lui	a5,0x7ff00
    533a:	8fe1                	and	a5,a5,s0
    533c:	06b00737          	lui	a4,0x6b00
    5340:	10f74563          	blt	a4,a5,544a <_strtod_l+0x9b8>
    5344:	03700737          	lui	a4,0x3700
    5348:	daf755e3          	bge	a4,a5,50f2 <_strtod_l+0x660>
    534c:	4701                	li	a4,0
    534e:	395007b7          	lui	a5,0x39500
    5352:	8526                	mv	a0,s1
    5354:	85a2                	mv	a1,s0
    5356:	863a                	mv	a2,a4
    5358:	86be                	mv	a3,a5
    535a:	c52fd0ef          	jal	ra,27ac <__muldf3>
    535e:	842e                	mv	s0,a1
    5360:	8dc9                	or	a1,a1,a0
    5362:	84aa                	mv	s1,a0
    5364:	c80599e3          	bnez	a1,4ff6 <_strtod_l+0x564>
    5368:	02200793          	li	a5,34
    536c:	00f92023          	sw	a5,0(s2)
    5370:	b159                	j	4ff6 <_strtod_l+0x564>
    5372:	1781                	addi	a5,a5,-32
    5374:	577d                	li	a4,-1
    5376:	00f717b3          	sll	a5,a4,a5
    537a:	8c7d                	and	s0,s0,a5
    537c:	b3f5                	j	5168 <_strtod_l+0x6d6>
    537e:	577d                	li	a4,-1
    5380:	00f717b3          	sll	a5,a4,a5
    5384:	8cfd                	and	s1,s1,a5
    5386:	b3cd                	j	5168 <_strtod_l+0x6d6>
    5388:	4772                	lw	a4,28(sp)
    538a:	5d02                	lw	s10,32(sp)
    538c:	40f70c33          	sub	s8,a4,a5
    5390:	bd9d                	j	5206 <_strtod_l+0x774>
    5392:	be200c93          	li	s9,-1054
    5396:	40fc87b3          	sub	a5,s9,a5
    539a:	4c85                	li	s9,1
    539c:	00fc9cb3          	sll	s9,s9,a5
    53a0:	4785                	li	a5,1
    53a2:	d23e                	sw	a5,36(sp)
    53a4:	bd41                	j	5234 <_strtod_l+0x7a2>
    53a6:	4c81                	li	s9,0
    53a8:	bfe5                	j	53a0 <_strtod_l+0x90e>
    53aa:	45c6                	lw	a1,80(sp)
    53ac:	866e                	mv	a2,s11
    53ae:	854a                	mv	a0,s2
    53b0:	624020ef          	jal	ra,79d4 <__lshift>
    53b4:	c8aa                	sw	a0,80(sp)
    53b6:	ec051de3          	bnez	a0,5290 <_strtod_l+0x7fe>
    53ba:	b125                	j	4fe2 <_strtod_l+0x550>
    53bc:	e969                	bnez	a0,548e <_strtod_l+0x9fc>
    53be:	00100737          	lui	a4,0x100
    53c2:	177d                	addi	a4,a4,-1
    53c4:	00e477b3          	and	a5,s0,a4
    53c8:	040c0963          	beqz	s8,541a <_strtod_l+0x988>
    53cc:	04e79963          	bne	a5,a4,541e <_strtod_l+0x98c>
    53d0:	577d                	li	a4,-1
    53d2:	020a0063          	beqz	s4,53f2 <_strtod_l+0x960>
    53d6:	7ff007b7          	lui	a5,0x7ff00
    53da:	8fe1                	and	a5,a5,s0
    53dc:	06a006b7          	lui	a3,0x6a00
    53e0:	00f6e963          	bltu	a3,a5,53f2 <_strtod_l+0x960>
    53e4:	83d1                	srli	a5,a5,0x14
    53e6:	06b00693          	li	a3,107
    53ea:	40f687b3          	sub	a5,a3,a5
    53ee:	00f71733          	sll	a4,a4,a5
    53f2:	02e49663          	bne	s1,a4,541e <_strtod_l+0x98c>
    53f6:	7ff007b7          	lui	a5,0x7ff00
    53fa:	17fd                	addi	a5,a5,-1
    53fc:	00f41563          	bne	s0,a5,5406 <_strtod_l+0x974>
    5400:	57fd                	li	a5,-1
    5402:	bef480e3          	beq	s1,a5,4fe2 <_strtod_l+0x550>
    5406:	7ff005b7          	lui	a1,0x7ff00
    540a:	8de1                	and	a1,a1,s0
    540c:	00100437          	lui	s0,0x100
    5410:	942e                	add	s0,s0,a1
    5412:	4481                	li	s1,0
    5414:	f20a1ce3          	bnez	s4,534c <_strtod_l+0x8ba>
    5418:	bef9                	j	4ff6 <_strtod_l+0x564>
    541a:	8fc5                	or	a5,a5,s1
    541c:	db99                	beqz	a5,5332 <_strtod_l+0x8a0>
    541e:	040c8263          	beqz	s9,5462 <_strtod_l+0x9d0>
    5422:	008cfcb3          	and	s9,s9,s0
    5426:	fe0c87e3          	beqz	s9,5414 <_strtod_l+0x982>
    542a:	8652                	mv	a2,s4
    542c:	8526                	mv	a0,s1
    542e:	85a2                	mv	a1,s0
    5430:	020c0f63          	beqz	s8,546e <_strtod_l+0x9dc>
    5434:	e10ff0ef          	jal	ra,4a44 <sulp>
    5438:	862a                	mv	a2,a0
    543a:	86ae                	mv	a3,a1
    543c:	4552                	lw	a0,20(sp)
    543e:	45e2                	lw	a1,24(sp)
    5440:	70b030ef          	jal	ra,934a <__adddf3>
    5444:	84aa                	mv	s1,a0
    5446:	842e                	mv	s0,a1
    5448:	b7f1                	j	5414 <_strtod_l+0x982>
    544a:	7ff005b7          	lui	a1,0x7ff00
    544e:	8de1                	and	a1,a1,s0
    5450:	fff00437          	lui	s0,0xfff00
    5454:	95a2                	add	a1,a1,s0
    5456:	00100437          	lui	s0,0x100
    545a:	147d                	addi	s0,s0,-1
    545c:	8c4d                	or	s0,s0,a1
    545e:	54fd                	li	s1,-1
    5460:	bf55                	j	5414 <_strtod_l+0x982>
    5462:	5792                	lw	a5,36(sp)
    5464:	0097fdb3          	and	s11,a5,s1
    5468:	fa0d86e3          	beqz	s11,5414 <_strtod_l+0x982>
    546c:	bf7d                	j	542a <_strtod_l+0x998>
    546e:	dd6ff0ef          	jal	ra,4a44 <sulp>
    5472:	862a                	mv	a2,a0
    5474:	86ae                	mv	a3,a1
    5476:	4552                	lw	a0,20(sp)
    5478:	45e2                	lw	a1,24(sp)
    547a:	7ce040ef          	jal	ra,9c48 <__subdf3>
    547e:	4601                	li	a2,0
    5480:	4681                	li	a3,0
    5482:	84aa                	mv	s1,a0
    5484:	842e                	mv	s0,a1
    5486:	5f4040ef          	jal	ra,9a7a <__eqdf2>
    548a:	f549                	bnez	a0,5414 <_strtod_l+0x982>
    548c:	b19d                	j	50f2 <_strtod_l+0x660>
    548e:	85ce                	mv	a1,s3
    5490:	855a                	mv	a0,s6
    5492:	103020ef          	jal	ra,7d94 <__ratio>
    5496:	00006797          	auipc	a5,0x6
    549a:	a1278793          	addi	a5,a5,-1518 # aea8 <__clz_tab+0x178>
    549e:	4390                	lw	a2,0(a5)
    54a0:	43d4                	lw	a3,4(a5)
    54a2:	8d2a                	mv	s10,a0
    54a4:	8dae                	mv	s11,a1
    54a6:	6ec040ef          	jal	ra,9b92 <__ledf2>
    54aa:	10a04263          	bgtz	a0,55ae <_strtod_l+0xb1c>
    54ae:	0a0c0163          	beqz	s8,5550 <_strtod_l+0xabe>
    54b2:	4d81                	li	s11,0
    54b4:	3ff00d37          	lui	s10,0x3ff00
    54b8:	4701                	li	a4,0
    54ba:	3ff007b7          	lui	a5,0x3ff00
    54be:	7ff006b7          	lui	a3,0x7ff00
    54c2:	00d47cb3          	and	s9,s0,a3
    54c6:	7fe006b7          	lui	a3,0x7fe00
    54ca:	16dc9f63          	bne	s9,a3,5648 <_strtod_l+0xbb6>
    54ce:	d26a                	sw	s10,36(sp)
    54d0:	fcb00d37          	lui	s10,0xfcb00
    54d4:	9d22                	add	s10,s10,s0
    54d6:	8526                	mv	a0,s1
    54d8:	85ea                	mv	a1,s10
    54da:	de3e                	sw	a5,60(sp)
    54dc:	dc3a                	sw	a4,56(sp)
    54de:	da6e                	sw	s11,52(sp)
    54e0:	6e6020ef          	jal	ra,7bc6 <__ulp>
    54e4:	58d2                	lw	a7,52(sp)
    54e6:	5812                	lw	a6,36(sp)
    54e8:	862a                	mv	a2,a0
    54ea:	86ae                	mv	a3,a1
    54ec:	8546                	mv	a0,a7
    54ee:	85c2                	mv	a1,a6
    54f0:	abcfd0ef          	jal	ra,27ac <__muldf3>
    54f4:	8626                	mv	a2,s1
    54f6:	86ea                	mv	a3,s10
    54f8:	653030ef          	jal	ra,934a <__adddf3>
    54fc:	84aa                	mv	s1,a0
    54fe:	7ff00537          	lui	a0,0x7ff00
    5502:	00b57633          	and	a2,a0,a1
    5506:	7ca006b7          	lui	a3,0x7ca00
    550a:	5762                	lw	a4,56(sp)
    550c:	57f2                	lw	a5,60(sp)
    550e:	0cd66563          	bltu	a2,a3,55d8 <_strtod_l+0xb46>
    5512:	4762                	lw	a4,24(sp)
    5514:	fff50793          	addi	a5,a0,-1 # 7fefffff <_eusrstack+0x5fef7fff>
    5518:	00e79663          	bne	a5,a4,5524 <_strtod_l+0xa92>
    551c:	4752                	lw	a4,20(sp)
    551e:	57fd                	li	a5,-1
    5520:	ace781e3          	beq	a5,a4,4fe2 <_strtod_l+0x550>
    5524:	7ff007b7          	lui	a5,0x7ff00
    5528:	fff78413          	addi	s0,a5,-1 # 7fefffff <_eusrstack+0x5fef7fff>
    552c:	54fd                	li	s1,-1
    552e:	45c6                	lw	a1,80(sp)
    5530:	854a                	mv	a0,s2
    5532:	054020ef          	jal	ra,7586 <_Bfree>
    5536:	85de                	mv	a1,s7
    5538:	854a                	mv	a0,s2
    553a:	04c020ef          	jal	ra,7586 <_Bfree>
    553e:	85ce                	mv	a1,s3
    5540:	854a                	mv	a0,s2
    5542:	044020ef          	jal	ra,7586 <_Bfree>
    5546:	85da                	mv	a1,s6
    5548:	854a                	mv	a0,s2
    554a:	03c020ef          	jal	ra,7586 <_Bfree>
    554e:	b195                	j	51b2 <_strtod_l+0x720>
    5550:	e0b1                	bnez	s1,5594 <_strtod_l+0xb02>
    5552:	57b2                	lw	a5,44(sp)
    5554:	8fe1                	and	a5,a5,s0
    5556:	e7a1                	bnez	a5,559e <_strtod_l+0xb0c>
    5558:	00006797          	auipc	a5,0x6
    555c:	94878793          	addi	a5,a5,-1720 # aea0 <__clz_tab+0x170>
    5560:	4390                	lw	a2,0(a5)
    5562:	43d4                	lw	a3,4(a5)
    5564:	856a                	mv	a0,s10
    5566:	85ee                	mv	a1,s11
    5568:	62a040ef          	jal	ra,9b92 <__ledf2>
    556c:	02054d63          	bltz	a0,55a6 <_strtod_l+0xb14>
    5570:	00006797          	auipc	a5,0x6
    5574:	92878793          	addi	a5,a5,-1752 # ae98 <__clz_tab+0x168>
    5578:	4390                	lw	a2,0(a5)
    557a:	43d4                	lw	a3,4(a5)
    557c:	856a                	mv	a0,s10
    557e:	85ee                	mv	a1,s11
    5580:	a2cfd0ef          	jal	ra,27ac <__muldf3>
    5584:	872a                	mv	a4,a0
    5586:	87ae                	mv	a5,a1
    5588:	80000d37          	lui	s10,0x80000
    558c:	8dba                	mv	s11,a4
    558e:	00fd4d33          	xor	s10,s10,a5
    5592:	b735                	j	54be <_strtod_l+0xa2c>
    5594:	4785                	li	a5,1
    5596:	00f49463          	bne	s1,a5,559e <_strtod_l+0xb0c>
    559a:	b4040ce3          	beqz	s0,50f2 <_strtod_l+0x660>
    559e:	4d81                	li	s11,0
    55a0:	bff00d37          	lui	s10,0xbff00
    55a4:	bf11                	j	54b8 <_strtod_l+0xa26>
    55a6:	4701                	li	a4,0
    55a8:	3fe007b7          	lui	a5,0x3fe00
    55ac:	bff1                	j	5588 <_strtod_l+0xaf6>
    55ae:	00006797          	auipc	a5,0x6
    55b2:	8ea78793          	addi	a5,a5,-1814 # ae98 <__clz_tab+0x168>
    55b6:	4390                	lw	a2,0(a5)
    55b8:	43d4                	lw	a3,4(a5)
    55ba:	856a                	mv	a0,s10
    55bc:	85ee                	mv	a1,s11
    55be:	9eefd0ef          	jal	ra,27ac <__muldf3>
    55c2:	872a                	mv	a4,a0
    55c4:	87ae                	mv	a5,a1
    55c6:	8d2e                	mv	s10,a1
    55c8:	000c1663          	bnez	s8,55d4 <_strtod_l+0xb42>
    55cc:	80000d37          	lui	s10,0x80000
    55d0:	00bd4d33          	xor	s10,s10,a1
    55d4:	8daa                	mv	s11,a0
    55d6:	b5e5                	j	54be <_strtod_l+0xa2c>
    55d8:	03500437          	lui	s0,0x3500
    55dc:	942e                	add	s0,s0,a1
    55de:	f40a18e3          	bnez	s4,552e <_strtod_l+0xa9c>
    55e2:	7ff006b7          	lui	a3,0x7ff00
    55e6:	8ee1                	and	a3,a3,s0
    55e8:	f4dc93e3          	bne	s9,a3,552e <_strtod_l+0xa9c>
    55ec:	85be                	mv	a1,a5
    55ee:	853a                	mv	a0,a4
    55f0:	8d3a                	mv	s10,a4
    55f2:	8cbe                	mv	s9,a5
    55f4:	5cf040ef          	jal	ra,a3c2 <__fixdfsi>
    55f8:	e6cfd0ef          	jal	ra,2c64 <__floatsidf>
    55fc:	862a                	mv	a2,a0
    55fe:	86ae                	mv	a3,a1
    5600:	856a                	mv	a0,s10
    5602:	85e6                	mv	a1,s9
    5604:	644040ef          	jal	ra,9c48 <__subdf3>
    5608:	57b2                	lw	a5,44(sp)
    560a:	8d2a                	mv	s10,a0
    560c:	8dae                	mv	s11,a1
    560e:	8fe1                	and	a5,a5,s0
    5610:	8fc5                	or	a5,a5,s1
    5612:	0187ec33          	or	s8,a5,s8
    5616:	0a0c0b63          	beqz	s8,56cc <_strtod_l+0xc3a>
    561a:	00006797          	auipc	a5,0x6
    561e:	89e78793          	addi	a5,a5,-1890 # aeb8 <__clz_tab+0x188>
    5622:	4390                	lw	a2,0(a5)
    5624:	43d4                	lw	a3,4(a5)
    5626:	56c040ef          	jal	ra,9b92 <__ledf2>
    562a:	9c0546e3          	bltz	a0,4ff6 <_strtod_l+0x564>
    562e:	00006797          	auipc	a5,0x6
    5632:	89278793          	addi	a5,a5,-1902 # aec0 <__clz_tab+0x190>
    5636:	4390                	lw	a2,0(a5)
    5638:	43d4                	lw	a3,4(a5)
    563a:	856a                	mv	a0,s10
    563c:	85ee                	mv	a1,s11
    563e:	4a6040ef          	jal	ra,9ae4 <__gedf2>
    5642:	eea056e3          	blez	a0,552e <_strtod_l+0xa9c>
    5646:	ba45                	j	4ff6 <_strtod_l+0x564>
    5648:	040a0d63          	beqz	s4,56a2 <_strtod_l+0xc10>
    564c:	06a006b7          	lui	a3,0x6a00
    5650:	0596e963          	bltu	a3,s9,56a2 <_strtod_l+0xc10>
    5654:	00006697          	auipc	a3,0x6
    5658:	85c68693          	addi	a3,a3,-1956 # aeb0 <__clz_tab+0x180>
    565c:	4290                	lw	a2,0(a3)
    565e:	42d4                	lw	a3,4(a3)
    5660:	853a                	mv	a0,a4
    5662:	85be                	mv	a1,a5
    5664:	da3a                	sw	a4,52(sp)
    5666:	d23e                	sw	a5,36(sp)
    5668:	52a040ef          	jal	ra,9b92 <__ledf2>
    566c:	5792                	lw	a5,36(sp)
    566e:	5752                	lw	a4,52(sp)
    5670:	02a04463          	bgtz	a0,5698 <_strtod_l+0xc06>
    5674:	853a                	mv	a0,a4
    5676:	85be                	mv	a1,a5
    5678:	5b3040ef          	jal	ra,a42a <__fixunsdfsi>
    567c:	e111                	bnez	a0,5680 <_strtod_l+0xbee>
    567e:	4505                	li	a0,1
    5680:	607040ef          	jal	ra,a486 <__floatunsidf>
    5684:	872a                	mv	a4,a0
    5686:	87ae                	mv	a5,a1
    5688:	8d2e                	mv	s10,a1
    568a:	000c1663          	bnez	s8,5696 <_strtod_l+0xc04>
    568e:	80000d37          	lui	s10,0x80000
    5692:	00bd4d33          	xor	s10,s10,a1
    5696:	8daa                	mv	s11,a0
    5698:	06b005b7          	lui	a1,0x6b00
    569c:	9d2e                	add	s10,s10,a1
    569e:	419d0d33          	sub	s10,s10,s9
    56a2:	4552                	lw	a0,20(sp)
    56a4:	45e2                	lw	a1,24(sp)
    56a6:	da3e                	sw	a5,52(sp)
    56a8:	d23a                	sw	a4,36(sp)
    56aa:	51c020ef          	jal	ra,7bc6 <__ulp>
    56ae:	862a                	mv	a2,a0
    56b0:	86ae                	mv	a3,a1
    56b2:	856e                	mv	a0,s11
    56b4:	85ea                	mv	a1,s10
    56b6:	8f6fd0ef          	jal	ra,27ac <__muldf3>
    56ba:	4652                	lw	a2,20(sp)
    56bc:	46e2                	lw	a3,24(sp)
    56be:	48d030ef          	jal	ra,934a <__adddf3>
    56c2:	84aa                	mv	s1,a0
    56c4:	842e                	mv	s0,a1
    56c6:	57d2                	lw	a5,52(sp)
    56c8:	5712                	lw	a4,36(sp)
    56ca:	bf11                	j	55de <_strtod_l+0xb4c>
    56cc:	00005797          	auipc	a5,0x5
    56d0:	7fc78793          	addi	a5,a5,2044 # aec8 <__clz_tab+0x198>
    56d4:	4390                	lw	a2,0(a5)
    56d6:	43d4                	lw	a3,4(a5)
    56d8:	4ba040ef          	jal	ra,9b92 <__ledf2>
    56dc:	e40559e3          	bgez	a0,552e <_strtod_l+0xa9c>
    56e0:	ba19                	j	4ff6 <_strtod_l+0x564>
    56e2:	06500713          	li	a4,101
    56e6:	00e78763          	beq	a5,a4,56f4 <_strtod_l+0xc62>
    56ea:	04500713          	li	a4,69
    56ee:	4505                	li	a0,1
    56f0:	eee79963          	bne	a5,a4,4de2 <_strtod_l+0x350>
    56f4:	4b01                	li	s6,0
    56f6:	4505                	li	a0,1
    56f8:	d84ff06f          	j	4c7c <_strtod_l+0x1ea>

000056fc <_strtod_r>:
    56fc:	81418793          	addi	a5,gp,-2028 # 20000204 <_impure_ptr>
    5700:	439c                	lw	a5,0(a5)
    5702:	5394                	lw	a3,32(a5)
    5704:	e689                	bnez	a3,570e <_strtod_r+0x12>
    5706:	1fffb697          	auipc	a3,0x1fffb
    570a:	97a68693          	addi	a3,a3,-1670 # 20000080 <__global_locale>
    570e:	b84ff06f          	j	4a92 <_strtod_l>

00005712 <_strtol_l.isra.0>:
    5712:	7179                	addi	sp,sp,-48
    5714:	d04a                	sw	s2,32(sp)
    5716:	ce4e                	sw	s3,28(sp)
    5718:	d606                	sw	ra,44(sp)
    571a:	d422                	sw	s0,40(sp)
    571c:	d226                	sw	s1,36(sp)
    571e:	89aa                	mv	s3,a0
    5720:	892e                	mv	s2,a1
    5722:	00190493          	addi	s1,s2,1
    5726:	fff4c403          	lbu	s0,-1(s1)
    572a:	853a                	mv	a0,a4
    572c:	c636                	sw	a3,12(sp)
    572e:	c432                	sw	a2,8(sp)
    5730:	c22e                	sw	a1,4(sp)
    5732:	c03a                	sw	a4,0(sp)
    5734:	397010ef          	jal	ra,72ca <__locale_ctype_ptr_l>
    5738:	9522                	add	a0,a0,s0
    573a:	311c                	lbu	a5,1(a0)
    573c:	4702                	lw	a4,0(sp)
    573e:	4592                	lw	a1,4(sp)
    5740:	8ba1                	andi	a5,a5,8
    5742:	4622                	lw	a2,8(sp)
    5744:	46b2                	lw	a3,12(sp)
    5746:	e3d1                	bnez	a5,57ca <_strtol_l.isra.0+0xb8>
    5748:	02d00793          	li	a5,45
    574c:	08f41163          	bne	s0,a5,57ce <_strtol_l.isra.0+0xbc>
    5750:	209c                	lbu	a5,0(s1)
    5752:	4305                	li	t1,1
    5754:	00290493          	addi	s1,s2,2
    5758:	c6e5                	beqz	a3,5840 <_strtol_l.isra.0+0x12e>
    575a:	4741                	li	a4,16
    575c:	02e69063          	bne	a3,a4,577c <_strtol_l.isra.0+0x6a>
    5760:	03000713          	li	a4,48
    5764:	00e79c63          	bne	a5,a4,577c <_strtol_l.isra.0+0x6a>
    5768:	209c                	lbu	a5,0(s1)
    576a:	05800713          	li	a4,88
    576e:	0df7f793          	andi	a5,a5,223
    5772:	0ce79263          	bne	a5,a4,5836 <_strtol_l.isra.0+0x124>
    5776:	309c                	lbu	a5,1(s1)
    5778:	46c1                	li	a3,16
    577a:	0489                	addi	s1,s1,2
    577c:	800008b7          	lui	a7,0x80000
    5780:	00031463          	bnez	t1,5788 <_strtol_l.isra.0+0x76>
    5784:	fff8c893          	not	a7,a7
    5788:	02d8ff33          	remu	t5,a7,a3
    578c:	4801                	li	a6,0
    578e:	4501                	li	a0,0
    5790:	4fa5                	li	t6,9
    5792:	4ee5                	li	t4,25
    5794:	52fd                	li	t0,-1
    5796:	02d8de33          	divu	t3,a7,a3
    579a:	fd078713          	addi	a4,a5,-48
    579e:	04efe363          	bltu	t6,a4,57e4 <_strtol_l.isra.0+0xd2>
    57a2:	87ba                	mv	a5,a4
    57a4:	04d7de63          	bge	a5,a3,5800 <_strtol_l.isra.0+0xee>
    57a8:	00580d63          	beq	a6,t0,57c2 <_strtol_l.isra.0+0xb0>
    57ac:	587d                	li	a6,-1
    57ae:	00ae6a63          	bltu	t3,a0,57c2 <_strtol_l.isra.0+0xb0>
    57b2:	00ae1463          	bne	t3,a0,57ba <_strtol_l.isra.0+0xa8>
    57b6:	00ff4663          	blt	t5,a5,57c2 <_strtol_l.isra.0+0xb0>
    57ba:	4805                	li	a6,1
    57bc:	02a68533          	mul	a0,a3,a0
    57c0:	953e                	add	a0,a0,a5
    57c2:	0485                	addi	s1,s1,1
    57c4:	fff4c783          	lbu	a5,-1(s1)
    57c8:	bfc9                	j	579a <_strtol_l.isra.0+0x88>
    57ca:	8926                	mv	s2,s1
    57cc:	bf99                	j	5722 <_strtol_l.isra.0+0x10>
    57ce:	02b00793          	li	a5,43
    57d2:	00f40563          	beq	s0,a5,57dc <_strtol_l.isra.0+0xca>
    57d6:	87a2                	mv	a5,s0
    57d8:	4301                	li	t1,0
    57da:	bfbd                	j	5758 <_strtol_l.isra.0+0x46>
    57dc:	209c                	lbu	a5,0(s1)
    57de:	00290493          	addi	s1,s2,2
    57e2:	bfdd                	j	57d8 <_strtol_l.isra.0+0xc6>
    57e4:	fbf78713          	addi	a4,a5,-65
    57e8:	00eee563          	bltu	t4,a4,57f2 <_strtol_l.isra.0+0xe0>
    57ec:	fc978793          	addi	a5,a5,-55
    57f0:	bf55                	j	57a4 <_strtol_l.isra.0+0x92>
    57f2:	f9f78713          	addi	a4,a5,-97
    57f6:	00eee563          	bltu	t4,a4,5800 <_strtol_l.isra.0+0xee>
    57fa:	fa978793          	addi	a5,a5,-87
    57fe:	b75d                	j	57a4 <_strtol_l.isra.0+0x92>
    5800:	57fd                	li	a5,-1
    5802:	00f81f63          	bne	a6,a5,5820 <_strtol_l.isra.0+0x10e>
    5806:	02200793          	li	a5,34
    580a:	00f9a023          	sw	a5,0(s3)
    580e:	8546                	mv	a0,a7
    5810:	ee19                	bnez	a2,582e <_strtol_l.isra.0+0x11c>
    5812:	50b2                	lw	ra,44(sp)
    5814:	5422                	lw	s0,40(sp)
    5816:	5492                	lw	s1,36(sp)
    5818:	5902                	lw	s2,32(sp)
    581a:	49f2                	lw	s3,28(sp)
    581c:	6145                	addi	sp,sp,48
    581e:	8082                	ret
    5820:	00030463          	beqz	t1,5828 <_strtol_l.isra.0+0x116>
    5824:	40a00533          	neg	a0,a0
    5828:	d66d                	beqz	a2,5812 <_strtol_l.isra.0+0x100>
    582a:	00080463          	beqz	a6,5832 <_strtol_l.isra.0+0x120>
    582e:	fff48593          	addi	a1,s1,-1
    5832:	c20c                	sw	a1,0(a2)
    5834:	bff9                	j	5812 <_strtol_l.isra.0+0x100>
    5836:	03000793          	li	a5,48
    583a:	f2a9                	bnez	a3,577c <_strtol_l.isra.0+0x6a>
    583c:	46a1                	li	a3,8
    583e:	bf3d                	j	577c <_strtol_l.isra.0+0x6a>
    5840:	03000713          	li	a4,48
    5844:	f2e782e3          	beq	a5,a4,5768 <_strtol_l.isra.0+0x56>
    5848:	46a9                	li	a3,10
    584a:	bf0d                	j	577c <_strtol_l.isra.0+0x6a>

0000584c <_strtol_r>:
    584c:	81418793          	addi	a5,gp,-2028 # 20000204 <_impure_ptr>
    5850:	439c                	lw	a5,0(a5)
    5852:	5398                	lw	a4,32(a5)
    5854:	e709                	bnez	a4,585e <_strtol_r+0x12>
    5856:	1fffb717          	auipc	a4,0x1fffb
    585a:	82a70713          	addi	a4,a4,-2006 # 20000080 <__global_locale>
    585e:	bd55                	j	5712 <_strtol_l.isra.0>

00005860 <_vsiscanf_r>:
    5860:	7175                	addi	sp,sp,-144
    5862:	c522                	sw	s0,136(sp)
    5864:	20400793          	li	a5,516
    5868:	842a                	mv	s0,a0
    586a:	852e                	mv	a0,a1
    586c:	c706                	sw	ra,140(sp)
    586e:	c632                	sw	a2,12(sp)
    5870:	c436                	sw	a3,8(sp)
    5872:	02f11223          	sh	a5,36(sp)
    5876:	cc2e                	sw	a1,24(sp)
    5878:	d42e                	sw	a1,40(sp)
    587a:	9b8ff0ef          	jal	ra,4a32 <strlen>
    587e:	46a2                	lw	a3,8(sp)
    5880:	4632                	lw	a2,12(sp)
    5882:	00003797          	auipc	a5,0x3
    5886:	67678793          	addi	a5,a5,1654 # 8ef8 <__seofread>
    588a:	ce2a                	sw	a0,28(sp)
    588c:	d62a                	sw	a0,44(sp)
    588e:	de3e                	sw	a5,60(sp)
    5890:	082c                	addi	a1,sp,24
    5892:	57fd                	li	a5,-1
    5894:	8522                	mv	a0,s0
    5896:	c682                	sw	zero,76(sp)
    5898:	d082                	sw	zero,96(sp)
    589a:	02f11323          	sh	a5,38(sp)
    589e:	3b5020ef          	jal	ra,8452 <__ssvfiscanf_r>
    58a2:	40ba                	lw	ra,140(sp)
    58a4:	442a                	lw	s0,136(sp)
    58a6:	6149                	addi	sp,sp,144
    58a8:	8082                	ret

000058aa <vsiscanf>:
    58aa:	81418793          	addi	a5,gp,-2028 # 20000204 <_impure_ptr>
    58ae:	86b2                	mv	a3,a2
    58b0:	862e                	mv	a2,a1
    58b2:	85aa                	mv	a1,a0
    58b4:	4388                	lw	a0,0(a5)
    58b6:	b76d                	j	5860 <_vsiscanf_r>

000058b8 <__swbuf_r>:
    58b8:	1101                	addi	sp,sp,-32
    58ba:	cc22                	sw	s0,24(sp)
    58bc:	ca26                	sw	s1,20(sp)
    58be:	c84a                	sw	s2,16(sp)
    58c0:	ce06                	sw	ra,28(sp)
    58c2:	c64e                	sw	s3,12(sp)
    58c4:	84aa                	mv	s1,a0
    58c6:	892e                	mv	s2,a1
    58c8:	8432                	mv	s0,a2
    58ca:	c509                	beqz	a0,58d4 <__swbuf_r+0x1c>
    58cc:	4d1c                	lw	a5,24(a0)
    58ce:	e399                	bnez	a5,58d4 <__swbuf_r+0x1c>
    58d0:	14c010ef          	jal	ra,6a1c <__sinit>
    58d4:	00005797          	auipc	a5,0x5
    58d8:	6bc78793          	addi	a5,a5,1724 # af90 <__sf_fake_stdin>
    58dc:	06f41963          	bne	s0,a5,594e <__swbuf_r+0x96>
    58e0:	40c0                	lw	s0,4(s1)
    58e2:	4c1c                	lw	a5,24(s0)
    58e4:	c41c                	sw	a5,8(s0)
    58e6:	245e                	lhu	a5,12(s0)
    58e8:	8ba1                	andi	a5,a5,8
    58ea:	c3d1                	beqz	a5,596e <__swbuf_r+0xb6>
    58ec:	481c                	lw	a5,16(s0)
    58ee:	c3c1                	beqz	a5,596e <__swbuf_r+0xb6>
    58f0:	481c                	lw	a5,16(s0)
    58f2:	4008                	lw	a0,0(s0)
    58f4:	0ff97993          	andi	s3,s2,255
    58f8:	0ff97913          	andi	s2,s2,255
    58fc:	8d1d                	sub	a0,a0,a5
    58fe:	485c                	lw	a5,20(s0)
    5900:	00f54763          	blt	a0,a5,590e <__swbuf_r+0x56>
    5904:	85a2                	mv	a1,s0
    5906:	8526                	mv	a0,s1
    5908:	7f7000ef          	jal	ra,68fe <_fflush_r>
    590c:	e52d                	bnez	a0,5976 <__swbuf_r+0xbe>
    590e:	441c                	lw	a5,8(s0)
    5910:	0505                	addi	a0,a0,1
    5912:	17fd                	addi	a5,a5,-1
    5914:	c41c                	sw	a5,8(s0)
    5916:	401c                	lw	a5,0(s0)
    5918:	00178713          	addi	a4,a5,1
    591c:	c018                	sw	a4,0(s0)
    591e:	01378023          	sb	s3,0(a5)
    5922:	485c                	lw	a5,20(s0)
    5924:	00a78863          	beq	a5,a0,5934 <__swbuf_r+0x7c>
    5928:	245e                	lhu	a5,12(s0)
    592a:	8b85                	andi	a5,a5,1
    592c:	cb89                	beqz	a5,593e <__swbuf_r+0x86>
    592e:	47a9                	li	a5,10
    5930:	00f91763          	bne	s2,a5,593e <__swbuf_r+0x86>
    5934:	85a2                	mv	a1,s0
    5936:	8526                	mv	a0,s1
    5938:	7c7000ef          	jal	ra,68fe <_fflush_r>
    593c:	ed0d                	bnez	a0,5976 <__swbuf_r+0xbe>
    593e:	40f2                	lw	ra,28(sp)
    5940:	4462                	lw	s0,24(sp)
    5942:	854a                	mv	a0,s2
    5944:	44d2                	lw	s1,20(sp)
    5946:	4942                	lw	s2,16(sp)
    5948:	49b2                	lw	s3,12(sp)
    594a:	6105                	addi	sp,sp,32
    594c:	8082                	ret
    594e:	00005797          	auipc	a5,0x5
    5952:	66278793          	addi	a5,a5,1634 # afb0 <__sf_fake_stdout>
    5956:	00f41463          	bne	s0,a5,595e <__swbuf_r+0xa6>
    595a:	4480                	lw	s0,8(s1)
    595c:	b759                	j	58e2 <__swbuf_r+0x2a>
    595e:	00005797          	auipc	a5,0x5
    5962:	61278793          	addi	a5,a5,1554 # af70 <__sf_fake_stderr>
    5966:	f6f41ee3          	bne	s0,a5,58e2 <__swbuf_r+0x2a>
    596a:	44c0                	lw	s0,12(s1)
    596c:	bf9d                	j	58e2 <__swbuf_r+0x2a>
    596e:	85a2                	mv	a1,s0
    5970:	8526                	mv	a0,s1
    5972:	2021                	jal	597a <__swsetup_r>
    5974:	dd35                	beqz	a0,58f0 <__swbuf_r+0x38>
    5976:	597d                	li	s2,-1
    5978:	b7d9                	j	593e <__swbuf_r+0x86>

0000597a <__swsetup_r>:
    597a:	1141                	addi	sp,sp,-16
    597c:	81418793          	addi	a5,gp,-2028 # 20000204 <_impure_ptr>
    5980:	c226                	sw	s1,4(sp)
    5982:	4384                	lw	s1,0(a5)
    5984:	c422                	sw	s0,8(sp)
    5986:	c04a                	sw	s2,0(sp)
    5988:	c606                	sw	ra,12(sp)
    598a:	892a                	mv	s2,a0
    598c:	842e                	mv	s0,a1
    598e:	c491                	beqz	s1,599a <__swsetup_r+0x20>
    5990:	4c9c                	lw	a5,24(s1)
    5992:	e781                	bnez	a5,599a <__swsetup_r+0x20>
    5994:	8526                	mv	a0,s1
    5996:	086010ef          	jal	ra,6a1c <__sinit>
    599a:	00005797          	auipc	a5,0x5
    599e:	5f678793          	addi	a5,a5,1526 # af90 <__sf_fake_stdin>
    59a2:	02f41b63          	bne	s0,a5,59d8 <__swsetup_r+0x5e>
    59a6:	40c0                	lw	s0,4(s1)
    59a8:	00c41703          	lh	a4,12(s0) # 350000c <_data_lma+0x34f4df8>
    59ac:	01071793          	slli	a5,a4,0x10
    59b0:	83c1                	srli	a5,a5,0x10
    59b2:	0087f693          	andi	a3,a5,8
    59b6:	eab5                	bnez	a3,5a2a <__swsetup_r+0xb0>
    59b8:	0107f693          	andi	a3,a5,16
    59bc:	ee95                	bnez	a3,59f8 <__swsetup_r+0x7e>
    59be:	47a5                	li	a5,9
    59c0:	00f92023          	sw	a5,0(s2)
    59c4:	04076713          	ori	a4,a4,64
    59c8:	a45a                	sh	a4,12(s0)
    59ca:	557d                	li	a0,-1
    59cc:	40b2                	lw	ra,12(sp)
    59ce:	4422                	lw	s0,8(sp)
    59d0:	4492                	lw	s1,4(sp)
    59d2:	4902                	lw	s2,0(sp)
    59d4:	0141                	addi	sp,sp,16
    59d6:	8082                	ret
    59d8:	00005797          	auipc	a5,0x5
    59dc:	5d878793          	addi	a5,a5,1496 # afb0 <__sf_fake_stdout>
    59e0:	00f41463          	bne	s0,a5,59e8 <__swsetup_r+0x6e>
    59e4:	4480                	lw	s0,8(s1)
    59e6:	b7c9                	j	59a8 <__swsetup_r+0x2e>
    59e8:	00005797          	auipc	a5,0x5
    59ec:	58878793          	addi	a5,a5,1416 # af70 <__sf_fake_stderr>
    59f0:	faf41ce3          	bne	s0,a5,59a8 <__swsetup_r+0x2e>
    59f4:	44c0                	lw	s0,12(s1)
    59f6:	bf4d                	j	59a8 <__swsetup_r+0x2e>
    59f8:	8b91                	andi	a5,a5,4
    59fa:	c785                	beqz	a5,5a22 <__swsetup_r+0xa8>
    59fc:	584c                	lw	a1,52(s0)
    59fe:	c991                	beqz	a1,5a12 <__swsetup_r+0x98>
    5a00:	04440793          	addi	a5,s0,68
    5a04:	00f58563          	beq	a1,a5,5a0e <__swsetup_r+0x94>
    5a08:	854a                	mv	a0,s2
    5a0a:	4a0020ef          	jal	ra,7eaa <_free_r>
    5a0e:	02042a23          	sw	zero,52(s0)
    5a12:	245e                	lhu	a5,12(s0)
    5a14:	00042223          	sw	zero,4(s0)
    5a18:	fdb7f793          	andi	a5,a5,-37
    5a1c:	a45e                	sh	a5,12(s0)
    5a1e:	481c                	lw	a5,16(s0)
    5a20:	c01c                	sw	a5,0(s0)
    5a22:	245e                	lhu	a5,12(s0)
    5a24:	0087e793          	ori	a5,a5,8
    5a28:	a45e                	sh	a5,12(s0)
    5a2a:	481c                	lw	a5,16(s0)
    5a2c:	ef81                	bnez	a5,5a44 <__swsetup_r+0xca>
    5a2e:	245e                	lhu	a5,12(s0)
    5a30:	20000713          	li	a4,512
    5a34:	2807f793          	andi	a5,a5,640
    5a38:	00e78663          	beq	a5,a4,5a44 <__swsetup_r+0xca>
    5a3c:	85a2                	mv	a1,s0
    5a3e:	854a                	mv	a0,s2
    5a40:	11f010ef          	jal	ra,735e <__smakebuf_r>
    5a44:	245e                	lhu	a5,12(s0)
    5a46:	0017f713          	andi	a4,a5,1
    5a4a:	c31d                	beqz	a4,5a70 <__swsetup_r+0xf6>
    5a4c:	485c                	lw	a5,20(s0)
    5a4e:	00042423          	sw	zero,8(s0)
    5a52:	40f007b3          	neg	a5,a5
    5a56:	cc1c                	sw	a5,24(s0)
    5a58:	481c                	lw	a5,16(s0)
    5a5a:	4501                	li	a0,0
    5a5c:	fba5                	bnez	a5,59cc <__swsetup_r+0x52>
    5a5e:	00c41783          	lh	a5,12(s0)
    5a62:	0807f713          	andi	a4,a5,128
    5a66:	d33d                	beqz	a4,59cc <__swsetup_r+0x52>
    5a68:	0407e793          	ori	a5,a5,64
    5a6c:	a45e                	sh	a5,12(s0)
    5a6e:	bfb1                	j	59ca <__swsetup_r+0x50>
    5a70:	8b89                	andi	a5,a5,2
    5a72:	4701                	li	a4,0
    5a74:	e391                	bnez	a5,5a78 <__swsetup_r+0xfe>
    5a76:	4858                	lw	a4,20(s0)
    5a78:	c418                	sw	a4,8(s0)
    5a7a:	bff9                	j	5a58 <__swsetup_r+0xde>

00005a7c <quorem>:
    5a7c:	1101                	addi	sp,sp,-32
    5a7e:	cc22                	sw	s0,24(sp)
    5a80:	491c                	lw	a5,16(a0)
    5a82:	4980                	lw	s0,16(a1)
    5a84:	ce06                	sw	ra,28(sp)
    5a86:	ca26                	sw	s1,20(sp)
    5a88:	c84a                	sw	s2,16(sp)
    5a8a:	c64e                	sw	s3,12(sp)
    5a8c:	c452                	sw	s4,8(sp)
    5a8e:	c256                	sw	s5,4(sp)
    5a90:	1287c163          	blt	a5,s0,5bb2 <quorem+0x136>
    5a94:	147d                	addi	s0,s0,-1
    5a96:	00241813          	slli	a6,s0,0x2
    5a9a:	01458993          	addi	s3,a1,20 # 6b00014 <_data_lma+0x6af4e00>
    5a9e:	01098a33          	add	s4,s3,a6
    5aa2:	01450913          	addi	s2,a0,20
    5aa6:	984a                	add	a6,a6,s2
    5aa8:	000a2783          	lw	a5,0(s4)
    5aac:	00082703          	lw	a4,0(a6)
    5ab0:	0785                	addi	a5,a5,1
    5ab2:	02f754b3          	divu	s1,a4,a5
    5ab6:	06f76663          	bltu	a4,a5,5b22 <quorem+0xa6>
    5aba:	68c1                	lui	a7,0x10
    5abc:	834e                	mv	t1,s3
    5abe:	8e4a                	mv	t3,s2
    5ac0:	4e81                	li	t4,0
    5ac2:	4f01                	li	t5,0
    5ac4:	18fd                	addi	a7,a7,-1
    5ac6:	0311                	addi	t1,t1,4
    5ac8:	ffc32603          	lw	a2,-4(t1)
    5acc:	0e11                	addi	t3,t3,4
    5ace:	01167733          	and	a4,a2,a7
    5ad2:	8241                	srli	a2,a2,0x10
    5ad4:	02970733          	mul	a4,a4,s1
    5ad8:	02960633          	mul	a2,a2,s1
    5adc:	9776                	add	a4,a4,t4
    5ade:	01075693          	srli	a3,a4,0x10
    5ae2:	011777b3          	and	a5,a4,a7
    5ae6:	40ff07b3          	sub	a5,t5,a5
    5aea:	9636                	add	a2,a2,a3
    5aec:	ffce2683          	lw	a3,-4(t3)
    5af0:	01065e93          	srli	t4,a2,0x10
    5af4:	01167633          	and	a2,a2,a7
    5af8:	0116f733          	and	a4,a3,a7
    5afc:	97ba                	add	a5,a5,a4
    5afe:	82c1                	srli	a3,a3,0x10
    5b00:	4107d713          	srai	a4,a5,0x10
    5b04:	8e91                	sub	a3,a3,a2
    5b06:	96ba                	add	a3,a3,a4
    5b08:	4106df13          	srai	t5,a3,0x10
    5b0c:	0117f7b3          	and	a5,a5,a7
    5b10:	06c2                	slli	a3,a3,0x10
    5b12:	8fd5                	or	a5,a5,a3
    5b14:	fefe2e23          	sw	a5,-4(t3)
    5b18:	fa6a77e3          	bgeu	s4,t1,5ac6 <quorem+0x4a>
    5b1c:	00082783          	lw	a5,0(a6)
    5b20:	cbbd                	beqz	a5,5b96 <quorem+0x11a>
    5b22:	8aaa                	mv	s5,a0
    5b24:	77f010ef          	jal	ra,7aa2 <__mcmp>
    5b28:	04054963          	bltz	a0,5b7a <quorem+0xfe>
    5b2c:	6641                	lui	a2,0x10
    5b2e:	0485                	addi	s1,s1,1
    5b30:	85ca                	mv	a1,s2
    5b32:	4501                	li	a0,0
    5b34:	167d                	addi	a2,a2,-1
    5b36:	0991                	addi	s3,s3,4
    5b38:	ffc9a803          	lw	a6,-4(s3)
    5b3c:	4198                	lw	a4,0(a1)
    5b3e:	0591                	addi	a1,a1,4
    5b40:	00c876b3          	and	a3,a6,a2
    5b44:	8d15                	sub	a0,a0,a3
    5b46:	00c776b3          	and	a3,a4,a2
    5b4a:	96aa                	add	a3,a3,a0
    5b4c:	01075793          	srli	a5,a4,0x10
    5b50:	01085813          	srli	a6,a6,0x10
    5b54:	4106d713          	srai	a4,a3,0x10
    5b58:	410787b3          	sub	a5,a5,a6
    5b5c:	97ba                	add	a5,a5,a4
    5b5e:	4107d513          	srai	a0,a5,0x10
    5b62:	8ef1                	and	a3,a3,a2
    5b64:	07c2                	slli	a5,a5,0x10
    5b66:	8fd5                	or	a5,a5,a3
    5b68:	fef5ae23          	sw	a5,-4(a1)
    5b6c:	fd3a75e3          	bgeu	s4,s3,5b36 <quorem+0xba>
    5b70:	00241793          	slli	a5,s0,0x2
    5b74:	97ca                	add	a5,a5,s2
    5b76:	4398                	lw	a4,0(a5)
    5b78:	c71d                	beqz	a4,5ba6 <quorem+0x12a>
    5b7a:	8526                	mv	a0,s1
    5b7c:	40f2                	lw	ra,28(sp)
    5b7e:	4462                	lw	s0,24(sp)
    5b80:	44d2                	lw	s1,20(sp)
    5b82:	4942                	lw	s2,16(sp)
    5b84:	49b2                	lw	s3,12(sp)
    5b86:	4a22                	lw	s4,8(sp)
    5b88:	4a92                	lw	s5,4(sp)
    5b8a:	6105                	addi	sp,sp,32
    5b8c:	8082                	ret
    5b8e:	00082783          	lw	a5,0(a6)
    5b92:	e789                	bnez	a5,5b9c <quorem+0x120>
    5b94:	147d                	addi	s0,s0,-1
    5b96:	1871                	addi	a6,a6,-4
    5b98:	ff096be3          	bltu	s2,a6,5b8e <quorem+0x112>
    5b9c:	c900                	sw	s0,16(a0)
    5b9e:	b751                	j	5b22 <quorem+0xa6>
    5ba0:	4398                	lw	a4,0(a5)
    5ba2:	e709                	bnez	a4,5bac <quorem+0x130>
    5ba4:	147d                	addi	s0,s0,-1
    5ba6:	17f1                	addi	a5,a5,-4
    5ba8:	fef96ce3          	bltu	s2,a5,5ba0 <quorem+0x124>
    5bac:	008aa823          	sw	s0,16(s5)
    5bb0:	b7e9                	j	5b7a <quorem+0xfe>
    5bb2:	4501                	li	a0,0
    5bb4:	b7e1                	j	5b7c <quorem+0x100>

00005bb6 <_dtoa_r>:
    5bb6:	7175                	addi	sp,sp,-144
    5bb8:	d83e                	sw	a5,48(sp)
    5bba:	515c                	lw	a5,36(a0)
    5bbc:	c522                	sw	s0,136(sp)
    5bbe:	c326                	sw	s1,132(sp)
    5bc0:	c14a                	sw	s2,128(sp)
    5bc2:	dece                	sw	s3,124(sp)
    5bc4:	dcd2                	sw	s4,120(sp)
    5bc6:	d4e2                	sw	s8,104(sp)
    5bc8:	c706                	sw	ra,140(sp)
    5bca:	dad6                	sw	s5,116(sp)
    5bcc:	d8da                	sw	s6,112(sp)
    5bce:	d6de                	sw	s7,108(sp)
    5bd0:	d2e6                	sw	s9,100(sp)
    5bd2:	d0ea                	sw	s10,96(sp)
    5bd4:	ceee                	sw	s11,92(sp)
    5bd6:	c236                	sw	a3,4(sp)
    5bd8:	c63a                	sw	a4,12(sp)
    5bda:	ca46                	sw	a7,20(sp)
    5bdc:	84aa                	mv	s1,a0
    5bde:	842e                	mv	s0,a1
    5be0:	8932                	mv	s2,a2
    5be2:	89c2                	mv	s3,a6
    5be4:	8a2e                	mv	s4,a1
    5be6:	8c32                	mv	s8,a2
    5be8:	ef89                	bnez	a5,5c02 <_dtoa_r+0x4c>
    5bea:	4541                	li	a0,16
    5bec:	007010ef          	jal	ra,73f2 <malloc>
    5bf0:	d0c8                	sw	a0,36(s1)
    5bf2:	00052223          	sw	zero,4(a0)
    5bf6:	00052423          	sw	zero,8(a0)
    5bfa:	00052023          	sw	zero,0(a0)
    5bfe:	00052623          	sw	zero,12(a0)
    5c02:	50dc                	lw	a5,36(s1)
    5c04:	438c                	lw	a1,0(a5)
    5c06:	cd89                	beqz	a1,5c20 <_dtoa_r+0x6a>
    5c08:	43d8                	lw	a4,4(a5)
    5c0a:	4785                	li	a5,1
    5c0c:	8526                	mv	a0,s1
    5c0e:	00e797b3          	sll	a5,a5,a4
    5c12:	c59c                	sw	a5,8(a1)
    5c14:	c1d8                	sw	a4,4(a1)
    5c16:	171010ef          	jal	ra,7586 <_Bfree>
    5c1a:	50dc                	lw	a5,36(s1)
    5c1c:	0007a023          	sw	zero,0(a5)
    5c20:	04095363          	bgez	s2,5c66 <_dtoa_r+0xb0>
    5c24:	4785                	li	a5,1
    5c26:	00191c13          	slli	s8,s2,0x1
    5c2a:	00f9a023          	sw	a5,0(s3)
    5c2e:	001c5c13          	srli	s8,s8,0x1
    5c32:	7ff007b7          	lui	a5,0x7ff00
    5c36:	00fc7733          	and	a4,s8,a5
    5c3a:	06f71463          	bne	a4,a5,5ca2 <_dtoa_r+0xec>
    5c3e:	5742                	lw	a4,48(sp)
    5c40:	6789                	lui	a5,0x2
    5c42:	0c32                	slli	s8,s8,0xc
    5c44:	70f78793          	addi	a5,a5,1807 # 270f <__divdf3+0x517>
    5c48:	00cc5c13          	srli	s8,s8,0xc
    5c4c:	c31c                	sw	a5,0(a4)
    5c4e:	008c6c33          	or	s8,s8,s0
    5c52:	320c00e3          	beqz	s8,6772 <_dtoa_r+0xbbc>
    5c56:	47d2                	lw	a5,20(sp)
    5c58:	eb91                	bnez	a5,5c6c <_dtoa_r+0xb6>
    5c5a:	00005797          	auipc	a5,0x5
    5c5e:	31278793          	addi	a5,a5,786 # af6c <tinytens+0x64>
    5c62:	c03e                	sw	a5,0(sp)
    5c64:	a839                	j	5c82 <_dtoa_r+0xcc>
    5c66:	0009a023          	sw	zero,0(s3)
    5c6a:	b7e1                	j	5c32 <_dtoa_r+0x7c>
    5c6c:	00005797          	auipc	a5,0x5
    5c70:	30078793          	addi	a5,a5,768 # af6c <tinytens+0x64>
    5c74:	c03e                	sw	a5,0(sp)
    5c76:	00005797          	auipc	a5,0x5
    5c7a:	2f978793          	addi	a5,a5,761 # af6f <tinytens+0x67>
    5c7e:	4752                	lw	a4,20(sp)
    5c80:	c31c                	sw	a5,0(a4)
    5c82:	40ba                	lw	ra,140(sp)
    5c84:	442a                	lw	s0,136(sp)
    5c86:	4502                	lw	a0,0(sp)
    5c88:	449a                	lw	s1,132(sp)
    5c8a:	490a                	lw	s2,128(sp)
    5c8c:	59f6                	lw	s3,124(sp)
    5c8e:	5a66                	lw	s4,120(sp)
    5c90:	5ad6                	lw	s5,116(sp)
    5c92:	5b46                	lw	s6,112(sp)
    5c94:	5bb6                	lw	s7,108(sp)
    5c96:	5c26                	lw	s8,104(sp)
    5c98:	5c96                	lw	s9,100(sp)
    5c9a:	5d06                	lw	s10,96(sp)
    5c9c:	4df6                	lw	s11,92(sp)
    5c9e:	6149                	addi	sp,sp,144
    5ca0:	8082                	ret
    5ca2:	4601                	li	a2,0
    5ca4:	4681                	li	a3,0
    5ca6:	8522                	mv	a0,s0
    5ca8:	85e2                	mv	a1,s8
    5caa:	ce22                	sw	s0,28(sp)
    5cac:	d462                	sw	s8,40(sp)
    5cae:	5cd030ef          	jal	ra,9a7a <__eqdf2>
    5cb2:	e105                	bnez	a0,5cd2 <_dtoa_r+0x11c>
    5cb4:	5742                	lw	a4,48(sp)
    5cb6:	4785                	li	a5,1
    5cb8:	c31c                	sw	a5,0(a4)
    5cba:	00005797          	auipc	a5,0x5
    5cbe:	18e78793          	addi	a5,a5,398 # ae48 <__clz_tab+0x118>
    5cc2:	c03e                	sw	a5,0(sp)
    5cc4:	47d2                	lw	a5,20(sp)
    5cc6:	dfd5                	beqz	a5,5c82 <_dtoa_r+0xcc>
    5cc8:	00005797          	auipc	a5,0x5
    5ccc:	18178793          	addi	a5,a5,385 # ae49 <__clz_tab+0x119>
    5cd0:	b77d                	j	5c7e <_dtoa_r+0xc8>
    5cd2:	00b8                	addi	a4,sp,72
    5cd4:	00f4                	addi	a3,sp,76
    5cd6:	8662                	mv	a2,s8
    5cd8:	85a2                	mv	a1,s0
    5cda:	8526                	mv	a0,s1
    5cdc:	014c5913          	srli	s2,s8,0x14
    5ce0:	7e1010ef          	jal	ra,7cc0 <__d2b>
    5ce4:	7ff97913          	andi	s2,s2,2047
    5ce8:	89aa                	mv	s3,a0
    5cea:	4aa6                	lw	s5,72(sp)
    5cec:	10090d63          	beqz	s2,5e06 <_dtoa_r+0x250>
    5cf0:	57a2                	lw	a5,40(sp)
    5cf2:	4572                	lw	a0,28(sp)
    5cf4:	c0190913          	addi	s2,s2,-1023
    5cf8:	00c79593          	slli	a1,a5,0xc
    5cfc:	81b1                	srli	a1,a1,0xc
    5cfe:	3ff007b7          	lui	a5,0x3ff00
    5d02:	8ddd                	or	a1,a1,a5
    5d04:	dc02                	sw	zero,56(sp)
    5d06:	00005797          	auipc	a5,0x5
    5d0a:	22a78793          	addi	a5,a5,554 # af30 <tinytens+0x28>
    5d0e:	4390                	lw	a2,0(a5)
    5d10:	43d4                	lw	a3,4(a5)
    5d12:	737030ef          	jal	ra,9c48 <__subdf3>
    5d16:	00005797          	auipc	a5,0x5
    5d1a:	22278793          	addi	a5,a5,546 # af38 <tinytens+0x30>
    5d1e:	4390                	lw	a2,0(a5)
    5d20:	43d4                	lw	a3,4(a5)
    5d22:	a8bfc0ef          	jal	ra,27ac <__muldf3>
    5d26:	00005797          	auipc	a5,0x5
    5d2a:	21a78793          	addi	a5,a5,538 # af40 <tinytens+0x38>
    5d2e:	4390                	lw	a2,0(a5)
    5d30:	43d4                	lw	a3,4(a5)
    5d32:	618030ef          	jal	ra,934a <__adddf3>
    5d36:	8b2a                	mv	s6,a0
    5d38:	854a                	mv	a0,s2
    5d3a:	8bae                	mv	s7,a1
    5d3c:	f29fc0ef          	jal	ra,2c64 <__floatsidf>
    5d40:	00005797          	auipc	a5,0x5
    5d44:	20878793          	addi	a5,a5,520 # af48 <tinytens+0x40>
    5d48:	4390                	lw	a2,0(a5)
    5d4a:	43d4                	lw	a3,4(a5)
    5d4c:	a61fc0ef          	jal	ra,27ac <__muldf3>
    5d50:	862a                	mv	a2,a0
    5d52:	86ae                	mv	a3,a1
    5d54:	855a                	mv	a0,s6
    5d56:	85de                	mv	a1,s7
    5d58:	5f2030ef          	jal	ra,934a <__adddf3>
    5d5c:	8b2a                	mv	s6,a0
    5d5e:	8bae                	mv	s7,a1
    5d60:	662040ef          	jal	ra,a3c2 <__fixdfsi>
    5d64:	842a                	mv	s0,a0
    5d66:	4601                	li	a2,0
    5d68:	4681                	li	a3,0
    5d6a:	855a                	mv	a0,s6
    5d6c:	85de                	mv	a1,s7
    5d6e:	625030ef          	jal	ra,9b92 <__ledf2>
    5d72:	00055b63          	bgez	a0,5d88 <_dtoa_r+0x1d2>
    5d76:	8522                	mv	a0,s0
    5d78:	eedfc0ef          	jal	ra,2c64 <__floatsidf>
    5d7c:	865a                	mv	a2,s6
    5d7e:	86de                	mv	a3,s7
    5d80:	4fb030ef          	jal	ra,9a7a <__eqdf2>
    5d84:	c111                	beqz	a0,5d88 <_dtoa_r+0x1d2>
    5d86:	147d                	addi	s0,s0,-1
    5d88:	4705                	li	a4,1
    5d8a:	47d9                	li	a5,22
    5d8c:	d63a                	sw	a4,44(sp)
    5d8e:	0287e363          	bltu	a5,s0,5db4 <_dtoa_r+0x1fe>
    5d92:	00341713          	slli	a4,s0,0x3
    5d96:	00005797          	auipc	a5,0x5
    5d9a:	27278793          	addi	a5,a5,626 # b008 <__mprec_tens>
    5d9e:	97ba                	add	a5,a5,a4
    5da0:	4390                	lw	a2,0(a5)
    5da2:	43d4                	lw	a3,4(a5)
    5da4:	4572                	lw	a0,28(sp)
    5da6:	55a2                	lw	a1,40(sp)
    5da8:	5eb030ef          	jal	ra,9b92 <__ledf2>
    5dac:	00055363          	bgez	a0,5db2 <_dtoa_r+0x1fc>
    5db0:	147d                	addi	s0,s0,-1
    5db2:	d602                	sw	zero,44(sp)
    5db4:	412a8933          	sub	s2,s5,s2
    5db8:	fff90b93          	addi	s7,s2,-1
    5dbc:	4b01                	li	s6,0
    5dbe:	000bd663          	bgez	s7,5dca <_dtoa_r+0x214>
    5dc2:	4b05                	li	s6,1
    5dc4:	412b0b33          	sub	s6,s6,s2
    5dc8:	4b81                	li	s7,0
    5dca:	06044e63          	bltz	s0,5e46 <_dtoa_r+0x290>
    5dce:	9ba2                	add	s7,s7,s0
    5dd0:	cc22                	sw	s0,24(sp)
    5dd2:	4a81                	li	s5,0
    5dd4:	4712                	lw	a4,4(sp)
    5dd6:	47a5                	li	a5,9
    5dd8:	14e7e563          	bltu	a5,a4,5f22 <_dtoa_r+0x36c>
    5ddc:	4795                	li	a5,5
    5dde:	4c85                	li	s9,1
    5de0:	00e7d663          	bge	a5,a4,5dec <_dtoa_r+0x236>
    5de4:	ffc70793          	addi	a5,a4,-4
    5de8:	c23e                	sw	a5,4(sp)
    5dea:	4c81                	li	s9,0
    5dec:	4712                	lw	a4,4(sp)
    5dee:	478d                	li	a5,3
    5df0:	10f70e63          	beq	a4,a5,5f0c <_dtoa_r+0x356>
    5df4:	04e7cf63          	blt	a5,a4,5e52 <_dtoa_r+0x29c>
    5df8:	4789                	li	a5,2
    5dfa:	c802                	sw	zero,16(sp)
    5dfc:	06f70d63          	beq	a4,a5,5e76 <_dtoa_r+0x2c0>
    5e00:	4785                	li	a5,1
    5e02:	c83e                	sw	a5,16(sp)
    5e04:	a08d                	j	5e66 <_dtoa_r+0x2b0>
    5e06:	4936                	lw	s2,76(sp)
    5e08:	02000793          	li	a5,32
    5e0c:	9956                	add	s2,s2,s5
    5e0e:	43290713          	addi	a4,s2,1074
    5e12:	02e7d563          	bge	a5,a4,5e3c <_dtoa_r+0x286>
    5e16:	04000513          	li	a0,64
    5e1a:	8d19                	sub	a0,a0,a4
    5e1c:	41290793          	addi	a5,s2,1042
    5e20:	00ac1533          	sll	a0,s8,a0
    5e24:	00f45433          	srl	s0,s0,a5
    5e28:	8d41                	or	a0,a0,s0
    5e2a:	65c040ef          	jal	ra,a486 <__floatunsidf>
    5e2e:	fe1007b7          	lui	a5,0xfe100
    5e32:	95be                	add	a1,a1,a5
    5e34:	4785                	li	a5,1
    5e36:	197d                	addi	s2,s2,-1
    5e38:	dc3e                	sw	a5,56(sp)
    5e3a:	b5f1                	j	5d06 <_dtoa_r+0x150>
    5e3c:	40e78533          	sub	a0,a5,a4
    5e40:	00a41533          	sll	a0,s0,a0
    5e44:	b7dd                	j	5e2a <_dtoa_r+0x274>
    5e46:	408b0b33          	sub	s6,s6,s0
    5e4a:	40800ab3          	neg	s5,s0
    5e4e:	cc02                	sw	zero,24(sp)
    5e50:	b751                	j	5dd4 <_dtoa_r+0x21e>
    5e52:	4712                	lw	a4,4(sp)
    5e54:	4791                	li	a5,4
    5e56:	00f70e63          	beq	a4,a5,5e72 <_dtoa_r+0x2bc>
    5e5a:	4705                	li	a4,1
    5e5c:	c83a                	sw	a4,16(sp)
    5e5e:	4712                	lw	a4,4(sp)
    5e60:	4795                	li	a5,5
    5e62:	0af70663          	beq	a4,a5,5f0e <_dtoa_r+0x358>
    5e66:	57fd                	li	a5,-1
    5e68:	c43e                	sw	a5,8(sp)
    5e6a:	5dfd                	li	s11,-1
    5e6c:	47c9                	li	a5,18
    5e6e:	c602                	sw	zero,12(sp)
    5e70:	a819                	j	5e86 <_dtoa_r+0x2d0>
    5e72:	4785                	li	a5,1
    5e74:	c83e                	sw	a5,16(sp)
    5e76:	47b2                	lw	a5,12(sp)
    5e78:	0af04863          	bgtz	a5,5f28 <_dtoa_r+0x372>
    5e7c:	4785                	li	a5,1
    5e7e:	4705                	li	a4,1
    5e80:	c43e                	sw	a5,8(sp)
    5e82:	4d85                	li	s11,1
    5e84:	c63a                	sw	a4,12(sp)
    5e86:	0244a903          	lw	s2,36(s1)
    5e8a:	4711                	li	a4,4
    5e8c:	00092223          	sw	zero,4(s2)
    5e90:	01470693          	addi	a3,a4,20
    5e94:	00492583          	lw	a1,4(s2)
    5e98:	08d7fc63          	bgeu	a5,a3,5f30 <_dtoa_r+0x37a>
    5e9c:	8526                	mv	a0,s1
    5e9e:	65c010ef          	jal	ra,74fa <_Balloc>
    5ea2:	50dc                	lw	a5,36(s1)
    5ea4:	00a92023          	sw	a0,0(s2)
    5ea8:	439c                	lw	a5,0(a5)
    5eaa:	c03e                	sw	a5,0(sp)
    5eac:	47b9                	li	a5,14
    5eae:	1db7e663          	bltu	a5,s11,607a <_dtoa_r+0x4c4>
    5eb2:	1c0c8463          	beqz	s9,607a <_dtoa_r+0x4c4>
    5eb6:	0a805e63          	blez	s0,5f72 <_dtoa_r+0x3bc>
    5eba:	00f47793          	andi	a5,s0,15
    5ebe:	00379713          	slli	a4,a5,0x3
    5ec2:	40445c93          	srai	s9,s0,0x4
    5ec6:	00005797          	auipc	a5,0x5
    5eca:	14278793          	addi	a5,a5,322 # b008 <__mprec_tens>
    5ece:	97ba                	add	a5,a5,a4
    5ed0:	010cf693          	andi	a3,s9,16
    5ed4:	4398                	lw	a4,0(a5)
    5ed6:	4909                	li	s2,2
    5ed8:	43dc                	lw	a5,4(a5)
    5eda:	c685                	beqz	a3,5f02 <_dtoa_r+0x34c>
    5edc:	00005697          	auipc	a3,0x5
    5ee0:	10468693          	addi	a3,a3,260 # afe0 <__mprec_bigtens>
    5ee4:	5290                	lw	a2,32(a3)
    5ee6:	4572                	lw	a0,28(sp)
    5ee8:	52d4                	lw	a3,36(a3)
    5eea:	55a2                	lw	a1,40(sp)
    5eec:	d03a                	sw	a4,32(sp)
    5eee:	d23e                	sw	a5,36(sp)
    5ef0:	b08fc0ef          	jal	ra,21f8 <__divdf3>
    5ef4:	5702                	lw	a4,32(sp)
    5ef6:	5792                	lw	a5,36(sp)
    5ef8:	00fcfc93          	andi	s9,s9,15
    5efc:	8a2a                	mv	s4,a0
    5efe:	8c2e                	mv	s8,a1
    5f00:	490d                	li	s2,3
    5f02:	00005d17          	auipc	s10,0x5
    5f06:	0ded0d13          	addi	s10,s10,222 # afe0 <__mprec_bigtens>
    5f0a:	a889                	j	5f5c <_dtoa_r+0x3a6>
    5f0c:	c802                	sw	zero,16(sp)
    5f0e:	47b2                	lw	a5,12(sp)
    5f10:	97a2                	add	a5,a5,s0
    5f12:	c43e                	sw	a5,8(sp)
    5f14:	00178d93          	addi	s11,a5,1
    5f18:	87ee                	mv	a5,s11
    5f1a:	f7b046e3          	bgtz	s11,5e86 <_dtoa_r+0x2d0>
    5f1e:	4785                	li	a5,1
    5f20:	b79d                	j	5e86 <_dtoa_r+0x2d0>
    5f22:	4c85                	li	s9,1
    5f24:	c202                	sw	zero,4(sp)
    5f26:	bde9                	j	5e00 <_dtoa_r+0x24a>
    5f28:	47b2                	lw	a5,12(sp)
    5f2a:	c43e                	sw	a5,8(sp)
    5f2c:	8dbe                	mv	s11,a5
    5f2e:	bfa1                	j	5e86 <_dtoa_r+0x2d0>
    5f30:	0585                	addi	a1,a1,1
    5f32:	00b92223          	sw	a1,4(s2)
    5f36:	0706                	slli	a4,a4,0x1
    5f38:	bfa1                	j	5e90 <_dtoa_r+0x2da>
    5f3a:	001cf693          	andi	a3,s9,1
    5f3e:	ce81                	beqz	a3,5f56 <_dtoa_r+0x3a0>
    5f40:	000d2603          	lw	a2,0(s10)
    5f44:	004d2683          	lw	a3,4(s10)
    5f48:	853a                	mv	a0,a4
    5f4a:	85be                	mv	a1,a5
    5f4c:	861fc0ef          	jal	ra,27ac <__muldf3>
    5f50:	0905                	addi	s2,s2,1
    5f52:	872a                	mv	a4,a0
    5f54:	87ae                	mv	a5,a1
    5f56:	401cdc93          	srai	s9,s9,0x1
    5f5a:	0d21                	addi	s10,s10,8
    5f5c:	fc0c9fe3          	bnez	s9,5f3a <_dtoa_r+0x384>
    5f60:	863a                	mv	a2,a4
    5f62:	86be                	mv	a3,a5
    5f64:	8552                	mv	a0,s4
    5f66:	85e2                	mv	a1,s8
    5f68:	a90fc0ef          	jal	ra,21f8 <__divdf3>
    5f6c:	8a2a                	mv	s4,a0
    5f6e:	8c2e                	mv	s8,a1
    5f70:	a081                	j	5fb0 <_dtoa_r+0x3fa>
    5f72:	4909                	li	s2,2
    5f74:	cc15                	beqz	s0,5fb0 <_dtoa_r+0x3fa>
    5f76:	40800cb3          	neg	s9,s0
    5f7a:	00fcf793          	andi	a5,s9,15
    5f7e:	00379713          	slli	a4,a5,0x3
    5f82:	00005797          	auipc	a5,0x5
    5f86:	08678793          	addi	a5,a5,134 # b008 <__mprec_tens>
    5f8a:	97ba                	add	a5,a5,a4
    5f8c:	4390                	lw	a2,0(a5)
    5f8e:	43d4                	lw	a3,4(a5)
    5f90:	4572                	lw	a0,28(sp)
    5f92:	55a2                	lw	a1,40(sp)
    5f94:	404cdc93          	srai	s9,s9,0x4
    5f98:	00005d17          	auipc	s10,0x5
    5f9c:	048d0d13          	addi	s10,s10,72 # afe0 <__mprec_bigtens>
    5fa0:	80dfc0ef          	jal	ra,27ac <__muldf3>
    5fa4:	8a2a                	mv	s4,a0
    5fa6:	8c2e                	mv	s8,a1
    5fa8:	4781                	li	a5,0
    5faa:	120c9b63          	bnez	s9,60e0 <_dtoa_r+0x52a>
    5fae:	ffdd                	bnez	a5,5f6c <_dtoa_r+0x3b6>
    5fb0:	57b2                	lw	a5,44(sp)
    5fb2:	14078663          	beqz	a5,60fe <_dtoa_r+0x548>
    5fb6:	00005717          	auipc	a4,0x5
    5fba:	eea70713          	addi	a4,a4,-278 # aea0 <__clz_tab+0x170>
    5fbe:	4310                	lw	a2,0(a4)
    5fc0:	4354                	lw	a3,4(a4)
    5fc2:	8552                	mv	a0,s4
    5fc4:	85e2                	mv	a1,s8
    5fc6:	d052                	sw	s4,32(sp)
    5fc8:	3cb030ef          	jal	ra,9b92 <__ledf2>
    5fcc:	12055963          	bgez	a0,60fe <_dtoa_r+0x548>
    5fd0:	120d8a63          	beqz	s11,6104 <_dtoa_r+0x54e>
    5fd4:	47a2                	lw	a5,8(sp)
    5fd6:	0af05063          	blez	a5,6076 <_dtoa_r+0x4c0>
    5fda:	00005717          	auipc	a4,0x5
    5fde:	aa670713          	addi	a4,a4,-1370 # aa80 <_read+0x3a>
    5fe2:	5782                	lw	a5,32(sp)
    5fe4:	4310                	lw	a2,0(a4)
    5fe6:	4354                	lw	a3,4(a4)
    5fe8:	853e                	mv	a0,a5
    5fea:	85e2                	mv	a1,s8
    5fec:	fc0fc0ef          	jal	ra,27ac <__muldf3>
    5ff0:	47a2                	lw	a5,8(sp)
    5ff2:	fff40d13          	addi	s10,s0,-1
    5ff6:	8a2a                	mv	s4,a0
    5ff8:	8c2e                	mv	s8,a1
    5ffa:	0905                	addi	s2,s2,1
    5ffc:	8762                	mv	a4,s8
    5ffe:	854a                	mv	a0,s2
    6000:	de3e                	sw	a5,60(sp)
    6002:	da52                	sw	s4,52(sp)
    6004:	8cba                	mv	s9,a4
    6006:	d03a                	sw	a4,32(sp)
    6008:	c5dfc0ef          	jal	ra,2c64 <__floatsidf>
    600c:	5852                	lw	a6,52(sp)
    600e:	5702                	lw	a4,32(sp)
    6010:	fcc00937          	lui	s2,0xfcc00
    6014:	8642                	mv	a2,a6
    6016:	86ba                	mv	a3,a4
    6018:	f94fc0ef          	jal	ra,27ac <__muldf3>
    601c:	00005697          	auipc	a3,0x5
    6020:	f3468693          	addi	a3,a3,-204 # af50 <tinytens+0x48>
    6024:	4290                	lw	a2,0(a3)
    6026:	42d4                	lw	a3,4(a3)
    6028:	8c52                	mv	s8,s4
    602a:	320030ef          	jal	ra,934a <__adddf3>
    602e:	57f2                	lw	a5,60(sp)
    6030:	8a2a                	mv	s4,a0
    6032:	992e                	add	s2,s2,a1
    6034:	ebf9                	bnez	a5,610a <_dtoa_r+0x554>
    6036:	00005797          	auipc	a5,0x5
    603a:	f2278793          	addi	a5,a5,-222 # af58 <tinytens+0x50>
    603e:	5852                	lw	a6,52(sp)
    6040:	5702                	lw	a4,32(sp)
    6042:	4390                	lw	a2,0(a5)
    6044:	43d4                	lw	a3,4(a5)
    6046:	8542                	mv	a0,a6
    6048:	85ba                	mv	a1,a4
    604a:	3ff030ef          	jal	ra,9c48 <__subdf3>
    604e:	8652                	mv	a2,s4
    6050:	86ca                	mv	a3,s2
    6052:	8c2a                	mv	s8,a0
    6054:	8cae                	mv	s9,a1
    6056:	28f030ef          	jal	ra,9ae4 <__gedf2>
    605a:	54a04663          	bgtz	a0,65a6 <_dtoa_r+0x9f0>
    605e:	800007b7          	lui	a5,0x80000
    6062:	0127c7b3          	xor	a5,a5,s2
    6066:	8652                	mv	a2,s4
    6068:	86be                	mv	a3,a5
    606a:	8562                	mv	a0,s8
    606c:	85e6                	mv	a1,s9
    606e:	325030ef          	jal	ra,9b92 <__ledf2>
    6072:	52054763          	bltz	a0,65a0 <_dtoa_r+0x9ea>
    6076:	4a72                	lw	s4,28(sp)
    6078:	5c22                	lw	s8,40(sp)
    607a:	47b6                	lw	a5,76(sp)
    607c:	3007c363          	bltz	a5,6382 <_dtoa_r+0x7cc>
    6080:	4739                	li	a4,14
    6082:	30874063          	blt	a4,s0,6382 <_dtoa_r+0x7cc>
    6086:	00341713          	slli	a4,s0,0x3
    608a:	00005797          	auipc	a5,0x5
    608e:	f7e78793          	addi	a5,a5,-130 # b008 <__mprec_tens>
    6092:	97ba                	add	a5,a5,a4
    6094:	0007ab03          	lw	s6,0(a5)
    6098:	0047ab83          	lw	s7,4(a5)
    609c:	47b2                	lw	a5,12(sp)
    609e:	2007d163          	bgez	a5,62a0 <_dtoa_r+0x6ea>
    60a2:	1fb04f63          	bgtz	s11,62a0 <_dtoa_r+0x6ea>
    60a6:	4e0d9d63          	bnez	s11,65a0 <_dtoa_r+0x9ea>
    60aa:	00005797          	auipc	a5,0x5
    60ae:	eae78793          	addi	a5,a5,-338 # af58 <tinytens+0x50>
    60b2:	4390                	lw	a2,0(a5)
    60b4:	43d4                	lw	a3,4(a5)
    60b6:	855a                	mv	a0,s6
    60b8:	85de                	mv	a1,s7
    60ba:	ef2fc0ef          	jal	ra,27ac <__muldf3>
    60be:	8652                	mv	a2,s4
    60c0:	86e2                	mv	a3,s8
    60c2:	223030ef          	jal	ra,9ae4 <__gedf2>
    60c6:	4a81                	li	s5,0
    60c8:	4901                	li	s2,0
    60ca:	4a055363          	bgez	a0,6570 <_dtoa_r+0x9ba>
    60ce:	4782                	lw	a5,0(sp)
    60d0:	4702                	lw	a4,0(sp)
    60d2:	0405                	addi	s0,s0,1
    60d4:	00178a13          	addi	s4,a5,1
    60d8:	03100793          	li	a5,49
    60dc:	a31c                	sb	a5,0(a4)
    60de:	a969                	j	6578 <_dtoa_r+0x9c2>
    60e0:	001cf713          	andi	a4,s9,1
    60e4:	cb09                	beqz	a4,60f6 <_dtoa_r+0x540>
    60e6:	000d2603          	lw	a2,0(s10)
    60ea:	004d2683          	lw	a3,4(s10)
    60ee:	0905                	addi	s2,s2,1
    60f0:	ebcfc0ef          	jal	ra,27ac <__muldf3>
    60f4:	4785                	li	a5,1
    60f6:	401cdc93          	srai	s9,s9,0x1
    60fa:	0d21                	addi	s10,s10,8
    60fc:	b57d                	j	5faa <_dtoa_r+0x3f4>
    60fe:	8d22                	mv	s10,s0
    6100:	87ee                	mv	a5,s11
    6102:	bded                	j	5ffc <_dtoa_r+0x446>
    6104:	8d22                	mv	s10,s0
    6106:	4781                	li	a5,0
    6108:	bdd5                	j	5ffc <_dtoa_r+0x446>
    610a:	fff78693          	addi	a3,a5,-1
    610e:	00369613          	slli	a2,a3,0x3
    6112:	00005697          	auipc	a3,0x5
    6116:	ef668693          	addi	a3,a3,-266 # b008 <__mprec_tens>
    611a:	96b2                	add	a3,a3,a2
    611c:	4288                	lw	a0,0(a3)
    611e:	42cc                	lw	a1,4(a3)
    6120:	4682                	lw	a3,0(sp)
    6122:	97b6                	add	a5,a5,a3
    6124:	da3e                	sw	a5,52(sp)
    6126:	47c2                	lw	a5,16(sp)
    6128:	c3e9                	beqz	a5,61ea <_dtoa_r+0x634>
    612a:	00005797          	auipc	a5,0x5
    612e:	d6e78793          	addi	a5,a5,-658 # ae98 <__clz_tab+0x168>
    6132:	862a                	mv	a2,a0
    6134:	86ae                	mv	a3,a1
    6136:	4388                	lw	a0,0(a5)
    6138:	43cc                	lw	a1,4(a5)
    613a:	de4a                	sw	s2,60(sp)
    613c:	d052                	sw	s4,32(sp)
    613e:	8bafc0ef          	jal	ra,21f8 <__divdf3>
    6142:	5802                	lw	a6,32(sp)
    6144:	5772                	lw	a4,60(sp)
    6146:	00005917          	auipc	s2,0x5
    614a:	93a90913          	addi	s2,s2,-1734 # aa80 <_read+0x3a>
    614e:	8642                	mv	a2,a6
    6150:	86ba                	mv	a3,a4
    6152:	2f7030ef          	jal	ra,9c48 <__subdf3>
    6156:	4a02                	lw	s4,0(sp)
    6158:	d02a                	sw	a0,32(sp)
    615a:	d22e                	sw	a1,36(sp)
    615c:	85e6                	mv	a1,s9
    615e:	8562                	mv	a0,s8
    6160:	262040ef          	jal	ra,a3c2 <__fixdfsi>
    6164:	de2a                	sw	a0,60(sp)
    6166:	afffc0ef          	jal	ra,2c64 <__floatsidf>
    616a:	862a                	mv	a2,a0
    616c:	86ae                	mv	a3,a1
    616e:	8562                	mv	a0,s8
    6170:	85e6                	mv	a1,s9
    6172:	2d7030ef          	jal	ra,9c48 <__subdf3>
    6176:	57f2                	lw	a5,60(sp)
    6178:	8c2a                	mv	s8,a0
    617a:	8cae                	mv	s9,a1
    617c:	862a                	mv	a2,a0
    617e:	86ae                	mv	a3,a1
    6180:	5502                	lw	a0,32(sp)
    6182:	5592                	lw	a1,36(sp)
    6184:	0a05                	addi	s4,s4,1
    6186:	03078793          	addi	a5,a5,48
    618a:	fefa0fa3          	sb	a5,-1(s4)
    618e:	157030ef          	jal	ra,9ae4 <__gedf2>
    6192:	0ea04863          	bgtz	a0,6282 <_dtoa_r+0x6cc>
    6196:	00005797          	auipc	a5,0x5
    619a:	d0a78793          	addi	a5,a5,-758 # aea0 <__clz_tab+0x170>
    619e:	4388                	lw	a0,0(a5)
    61a0:	43cc                	lw	a1,4(a5)
    61a2:	8662                	mv	a2,s8
    61a4:	86e6                	mv	a3,s9
    61a6:	2a3030ef          	jal	ra,9c48 <__subdf3>
    61aa:	862a                	mv	a2,a0
    61ac:	86ae                	mv	a3,a1
    61ae:	5502                	lw	a0,32(sp)
    61b0:	5592                	lw	a1,36(sp)
    61b2:	133030ef          	jal	ra,9ae4 <__gedf2>
    61b6:	18a04263          	bgtz	a0,633a <_dtoa_r+0x784>
    61ba:	57d2                	lw	a5,52(sp)
    61bc:	eafa0de3          	beq	s4,a5,6076 <_dtoa_r+0x4c0>
    61c0:	00092603          	lw	a2,0(s2)
    61c4:	00492683          	lw	a3,4(s2)
    61c8:	5502                	lw	a0,32(sp)
    61ca:	5592                	lw	a1,36(sp)
    61cc:	de0fc0ef          	jal	ra,27ac <__muldf3>
    61d0:	00092603          	lw	a2,0(s2)
    61d4:	00492683          	lw	a3,4(s2)
    61d8:	d02a                	sw	a0,32(sp)
    61da:	d22e                	sw	a1,36(sp)
    61dc:	8562                	mv	a0,s8
    61de:	85e6                	mv	a1,s9
    61e0:	dccfc0ef          	jal	ra,27ac <__muldf3>
    61e4:	8c2a                	mv	s8,a0
    61e6:	8cae                	mv	s9,a1
    61e8:	bf95                	j	615c <_dtoa_r+0x5a6>
    61ea:	8652                	mv	a2,s4
    61ec:	86ca                	mv	a3,s2
    61ee:	dbefc0ef          	jal	ra,27ac <__muldf3>
    61f2:	5a52                	lw	s4,52(sp)
    61f4:	4902                	lw	s2,0(sp)
    61f6:	d02a                	sw	a0,32(sp)
    61f8:	d22e                	sw	a1,36(sp)
    61fa:	85e6                	mv	a1,s9
    61fc:	8562                	mv	a0,s8
    61fe:	1c4040ef          	jal	ra,a3c2 <__fixdfsi>
    6202:	de2a                	sw	a0,60(sp)
    6204:	a61fc0ef          	jal	ra,2c64 <__floatsidf>
    6208:	862a                	mv	a2,a0
    620a:	86ae                	mv	a3,a1
    620c:	8562                	mv	a0,s8
    620e:	85e6                	mv	a1,s9
    6210:	239030ef          	jal	ra,9c48 <__subdf3>
    6214:	5772                	lw	a4,60(sp)
    6216:	57d2                	lw	a5,52(sp)
    6218:	0905                	addi	s2,s2,1
    621a:	03070713          	addi	a4,a4,48
    621e:	fee90fa3          	sb	a4,-1(s2)
    6222:	8c2a                	mv	s8,a0
    6224:	8cae                	mv	s9,a1
    6226:	06f91263          	bne	s2,a5,628a <_dtoa_r+0x6d4>
    622a:	00005917          	auipc	s2,0x5
    622e:	c6e90913          	addi	s2,s2,-914 # ae98 <__clz_tab+0x168>
    6232:	00092603          	lw	a2,0(s2)
    6236:	00492683          	lw	a3,4(s2)
    623a:	5502                	lw	a0,32(sp)
    623c:	5592                	lw	a1,36(sp)
    623e:	10c030ef          	jal	ra,934a <__adddf3>
    6242:	862a                	mv	a2,a0
    6244:	86ae                	mv	a3,a1
    6246:	8562                	mv	a0,s8
    6248:	85e6                	mv	a1,s9
    624a:	09b030ef          	jal	ra,9ae4 <__gedf2>
    624e:	0ea04663          	bgtz	a0,633a <_dtoa_r+0x784>
    6252:	5602                	lw	a2,32(sp)
    6254:	5692                	lw	a3,36(sp)
    6256:	00092503          	lw	a0,0(s2)
    625a:	00492583          	lw	a1,4(s2)
    625e:	1eb030ef          	jal	ra,9c48 <__subdf3>
    6262:	862a                	mv	a2,a0
    6264:	86ae                	mv	a3,a1
    6266:	8562                	mv	a0,s8
    6268:	85e6                	mv	a1,s9
    626a:	129030ef          	jal	ra,9b92 <__ledf2>
    626e:	03000793          	li	a5,48
    6272:	e00552e3          	bgez	a0,6076 <_dtoa_r+0x4c0>
    6276:	fffa4703          	lbu	a4,-1(s4)
    627a:	fffa0693          	addi	a3,s4,-1
    627e:	00f70463          	beq	a4,a5,6286 <_dtoa_r+0x6d0>
    6282:	846a                	mv	s0,s10
    6284:	a859                	j	631a <_dtoa_r+0x764>
    6286:	8a36                	mv	s4,a3
    6288:	b7fd                	j	6276 <_dtoa_r+0x6c0>
    628a:	00004797          	auipc	a5,0x4
    628e:	7f678793          	addi	a5,a5,2038 # aa80 <_read+0x3a>
    6292:	4390                	lw	a2,0(a5)
    6294:	43d4                	lw	a3,4(a5)
    6296:	d16fc0ef          	jal	ra,27ac <__muldf3>
    629a:	8c2a                	mv	s8,a0
    629c:	8cae                	mv	s9,a1
    629e:	bfb1                	j	61fa <_dtoa_r+0x644>
    62a0:	87e2                	mv	a5,s8
    62a2:	8cbe                	mv	s9,a5
    62a4:	4782                	lw	a5,0(sp)
    62a6:	8c52                	mv	s8,s4
    62a8:	00004a97          	auipc	s5,0x4
    62ac:	7d8a8a93          	addi	s5,s5,2008 # aa80 <_read+0x3a>
    62b0:	00178913          	addi	s2,a5,1
    62b4:	9dbe                	add	s11,s11,a5
    62b6:	865a                	mv	a2,s6
    62b8:	86de                	mv	a3,s7
    62ba:	8562                	mv	a0,s8
    62bc:	85e6                	mv	a1,s9
    62be:	f3bfb0ef          	jal	ra,21f8 <__divdf3>
    62c2:	100040ef          	jal	ra,a3c2 <__fixdfsi>
    62c6:	8d2a                	mv	s10,a0
    62c8:	99dfc0ef          	jal	ra,2c64 <__floatsidf>
    62cc:	865a                	mv	a2,s6
    62ce:	86de                	mv	a3,s7
    62d0:	cdcfc0ef          	jal	ra,27ac <__muldf3>
    62d4:	862a                	mv	a2,a0
    62d6:	86ae                	mv	a3,a1
    62d8:	8562                	mv	a0,s8
    62da:	85e6                	mv	a1,s9
    62dc:	16d030ef          	jal	ra,9c48 <__subdf3>
    62e0:	030d0793          	addi	a5,s10,48
    62e4:	fef90fa3          	sb	a5,-1(s2)
    62e8:	862a                	mv	a2,a0
    62ea:	86ae                	mv	a3,a1
    62ec:	8a4a                	mv	s4,s2
    62ee:	072d9b63          	bne	s11,s2,6364 <_dtoa_r+0x7ae>
    62f2:	058030ef          	jal	ra,934a <__adddf3>
    62f6:	865a                	mv	a2,s6
    62f8:	86de                	mv	a3,s7
    62fa:	8c2a                	mv	s8,a0
    62fc:	8cae                	mv	s9,a1
    62fe:	7e6030ef          	jal	ra,9ae4 <__gedf2>
    6302:	02a04b63          	bgtz	a0,6338 <_dtoa_r+0x782>
    6306:	865a                	mv	a2,s6
    6308:	86de                	mv	a3,s7
    630a:	8562                	mv	a0,s8
    630c:	85e6                	mv	a1,s9
    630e:	76c030ef          	jal	ra,9a7a <__eqdf2>
    6312:	e501                	bnez	a0,631a <_dtoa_r+0x764>
    6314:	001d7793          	andi	a5,s10,1
    6318:	e385                	bnez	a5,6338 <_dtoa_r+0x782>
    631a:	85ce                	mv	a1,s3
    631c:	8526                	mv	a0,s1
    631e:	268010ef          	jal	ra,7586 <_Bfree>
    6322:	57c2                	lw	a5,48(sp)
    6324:	000a0023          	sb	zero,0(s4)
    6328:	0405                	addi	s0,s0,1
    632a:	c380                	sw	s0,0(a5)
    632c:	47d2                	lw	a5,20(sp)
    632e:	94078ae3          	beqz	a5,5c82 <_dtoa_r+0xcc>
    6332:	0147a023          	sw	s4,0(a5)
    6336:	b2b1                	j	5c82 <_dtoa_r+0xcc>
    6338:	8d22                	mv	s10,s0
    633a:	03900713          	li	a4,57
    633e:	fffa4683          	lbu	a3,-1(s4)
    6342:	fffa0793          	addi	a5,s4,-1
    6346:	00e69963          	bne	a3,a4,6358 <_dtoa_r+0x7a2>
    634a:	4682                	lw	a3,0(sp)
    634c:	00f69a63          	bne	a3,a5,6360 <_dtoa_r+0x7aa>
    6350:	03000713          	li	a4,48
    6354:	0d05                	addi	s10,s10,1
    6356:	a298                	sb	a4,0(a3)
    6358:	2398                	lbu	a4,0(a5)
    635a:	0705                	addi	a4,a4,1
    635c:	a398                	sb	a4,0(a5)
    635e:	b715                	j	6282 <_dtoa_r+0x6cc>
    6360:	8a3e                	mv	s4,a5
    6362:	bff1                	j	633e <_dtoa_r+0x788>
    6364:	000aa603          	lw	a2,0(s5)
    6368:	004aa683          	lw	a3,4(s5)
    636c:	0905                	addi	s2,s2,1
    636e:	c3efc0ef          	jal	ra,27ac <__muldf3>
    6372:	4601                	li	a2,0
    6374:	4681                	li	a3,0
    6376:	8c2a                	mv	s8,a0
    6378:	8cae                	mv	s9,a1
    637a:	700030ef          	jal	ra,9a7a <__eqdf2>
    637e:	fd05                	bnez	a0,62b6 <_dtoa_r+0x700>
    6380:	bf69                	j	631a <_dtoa_r+0x764>
    6382:	4742                	lw	a4,16(sp)
    6384:	10070063          	beqz	a4,6484 <_dtoa_r+0x8ce>
    6388:	4692                	lw	a3,4(sp)
    638a:	4705                	li	a4,1
    638c:	0cd74563          	blt	a4,a3,6456 <_dtoa_r+0x8a0>
    6390:	5762                	lw	a4,56(sp)
    6392:	43378793          	addi	a5,a5,1075
    6396:	e709                	bnez	a4,63a0 <_dtoa_r+0x7ea>
    6398:	4726                	lw	a4,72(sp)
    639a:	03600793          	li	a5,54
    639e:	8f99                	sub	a5,a5,a4
    63a0:	8d56                	mv	s10,s5
    63a2:	8cda                	mv	s9,s6
    63a4:	4585                	li	a1,1
    63a6:	8526                	mv	a0,s1
    63a8:	9b3e                	add	s6,s6,a5
    63aa:	9bbe                	add	s7,s7,a5
    63ac:	40a010ef          	jal	ra,77b6 <__i2b>
    63b0:	892a                	mv	s2,a0
    63b2:	01905e63          	blez	s9,63ce <_dtoa_r+0x818>
    63b6:	01705c63          	blez	s7,63ce <_dtoa_r+0x818>
    63ba:	87e6                	mv	a5,s9
    63bc:	019bd363          	bge	s7,s9,63c2 <_dtoa_r+0x80c>
    63c0:	87de                	mv	a5,s7
    63c2:	40fb0b33          	sub	s6,s6,a5
    63c6:	40fc8cb3          	sub	s9,s9,a5
    63ca:	40fb8bb3          	sub	s7,s7,a5
    63ce:	040a8063          	beqz	s5,640e <_dtoa_r+0x858>
    63d2:	47c2                	lw	a5,16(sp)
    63d4:	cfc5                	beqz	a5,648c <_dtoa_r+0x8d6>
    63d6:	03a05463          	blez	s10,63fe <_dtoa_r+0x848>
    63da:	85ca                	mv	a1,s2
    63dc:	866a                	mv	a2,s10
    63de:	8526                	mv	a0,s1
    63e0:	536010ef          	jal	ra,7916 <__pow5mult>
    63e4:	864e                	mv	a2,s3
    63e6:	85aa                	mv	a1,a0
    63e8:	892a                	mv	s2,a0
    63ea:	8526                	mv	a0,s1
    63ec:	3e6010ef          	jal	ra,77d2 <__multiply>
    63f0:	ce2a                	sw	a0,28(sp)
    63f2:	85ce                	mv	a1,s3
    63f4:	8526                	mv	a0,s1
    63f6:	190010ef          	jal	ra,7586 <_Bfree>
    63fa:	47f2                	lw	a5,28(sp)
    63fc:	89be                	mv	s3,a5
    63fe:	41aa8633          	sub	a2,s5,s10
    6402:	c611                	beqz	a2,640e <_dtoa_r+0x858>
    6404:	85ce                	mv	a1,s3
    6406:	8526                	mv	a0,s1
    6408:	50e010ef          	jal	ra,7916 <__pow5mult>
    640c:	89aa                	mv	s3,a0
    640e:	4585                	li	a1,1
    6410:	8526                	mv	a0,s1
    6412:	3a4010ef          	jal	ra,77b6 <__i2b>
    6416:	47e2                	lw	a5,24(sp)
    6418:	8aaa                	mv	s5,a0
    641a:	06f05b63          	blez	a5,6490 <_dtoa_r+0x8da>
    641e:	863e                	mv	a2,a5
    6420:	85aa                	mv	a1,a0
    6422:	8526                	mv	a0,s1
    6424:	4f2010ef          	jal	ra,7916 <__pow5mult>
    6428:	4712                	lw	a4,4(sp)
    642a:	4785                	li	a5,1
    642c:	8aaa                	mv	s5,a0
    642e:	4d01                	li	s10,0
    6430:	06e7c863          	blt	a5,a4,64a0 <_dtoa_r+0x8ea>
    6434:	4d01                	li	s10,0
    6436:	060a1263          	bnez	s4,649a <_dtoa_r+0x8e4>
    643a:	00cc1793          	slli	a5,s8,0xc
    643e:	8d52                	mv	s10,s4
    6440:	efa9                	bnez	a5,649a <_dtoa_r+0x8e4>
    6442:	7ff005b7          	lui	a1,0x7ff00
    6446:	00bc7c33          	and	s8,s8,a1
    644a:	040c0863          	beqz	s8,649a <_dtoa_r+0x8e4>
    644e:	0b05                	addi	s6,s6,1
    6450:	0b85                	addi	s7,s7,1
    6452:	4d05                	li	s10,1
    6454:	a099                	j	649a <_dtoa_r+0x8e4>
    6456:	fffd8d13          	addi	s10,s11,-1
    645a:	01aaca63          	blt	s5,s10,646e <_dtoa_r+0x8b8>
    645e:	41aa8d33          	sub	s10,s5,s10
    6462:	000dde63          	bgez	s11,647e <_dtoa_r+0x8c8>
    6466:	41bb0cb3          	sub	s9,s6,s11
    646a:	4781                	li	a5,0
    646c:	bf25                	j	63a4 <_dtoa_r+0x7ee>
    646e:	47e2                	lw	a5,24(sp)
    6470:	415d0ab3          	sub	s5,s10,s5
    6474:	97d6                	add	a5,a5,s5
    6476:	cc3e                	sw	a5,24(sp)
    6478:	8aea                	mv	s5,s10
    647a:	4d01                	li	s10,0
    647c:	b7dd                	j	6462 <_dtoa_r+0x8ac>
    647e:	8cda                	mv	s9,s6
    6480:	87ee                	mv	a5,s11
    6482:	b70d                	j	63a4 <_dtoa_r+0x7ee>
    6484:	8d56                	mv	s10,s5
    6486:	8cda                	mv	s9,s6
    6488:	4901                	li	s2,0
    648a:	b725                	j	63b2 <_dtoa_r+0x7fc>
    648c:	8656                	mv	a2,s5
    648e:	bf9d                	j	6404 <_dtoa_r+0x84e>
    6490:	4712                	lw	a4,4(sp)
    6492:	4785                	li	a5,1
    6494:	4d01                	li	s10,0
    6496:	f8e7dfe3          	bge	a5,a4,6434 <_dtoa_r+0x87e>
    649a:	47e2                	lw	a5,24(sp)
    649c:	4505                	li	a0,1
    649e:	cf89                	beqz	a5,64b8 <_dtoa_r+0x902>
    64a0:	010aa783          	lw	a5,16(s5)
    64a4:	078d                	addi	a5,a5,3
    64a6:	078a                	slli	a5,a5,0x2
    64a8:	97d6                	add	a5,a5,s5
    64aa:	43c8                	lw	a0,4(a5)
    64ac:	25a010ef          	jal	ra,7706 <__hi0bits>
    64b0:	02000793          	li	a5,32
    64b4:	40a78533          	sub	a0,a5,a0
    64b8:	955e                	add	a0,a0,s7
    64ba:	897d                	andi	a0,a0,31
    64bc:	c151                	beqz	a0,6540 <_dtoa_r+0x98a>
    64be:	02000793          	li	a5,32
    64c2:	8f89                	sub	a5,a5,a0
    64c4:	4711                	li	a4,4
    64c6:	06f75a63          	bge	a4,a5,653a <_dtoa_r+0x984>
    64ca:	47f1                	li	a5,28
    64cc:	40a78533          	sub	a0,a5,a0
    64d0:	9b2a                	add	s6,s6,a0
    64d2:	9caa                	add	s9,s9,a0
    64d4:	9baa                	add	s7,s7,a0
    64d6:	01605863          	blez	s6,64e6 <_dtoa_r+0x930>
    64da:	85ce                	mv	a1,s3
    64dc:	865a                	mv	a2,s6
    64de:	8526                	mv	a0,s1
    64e0:	4f4010ef          	jal	ra,79d4 <__lshift>
    64e4:	89aa                	mv	s3,a0
    64e6:	01705863          	blez	s7,64f6 <_dtoa_r+0x940>
    64ea:	85d6                	mv	a1,s5
    64ec:	865e                	mv	a2,s7
    64ee:	8526                	mv	a0,s1
    64f0:	4e4010ef          	jal	ra,79d4 <__lshift>
    64f4:	8aaa                	mv	s5,a0
    64f6:	57b2                	lw	a5,44(sp)
    64f8:	c7b1                	beqz	a5,6544 <_dtoa_r+0x98e>
    64fa:	85d6                	mv	a1,s5
    64fc:	854e                	mv	a0,s3
    64fe:	5a4010ef          	jal	ra,7aa2 <__mcmp>
    6502:	04055163          	bgez	a0,6544 <_dtoa_r+0x98e>
    6506:	85ce                	mv	a1,s3
    6508:	4681                	li	a3,0
    650a:	4629                	li	a2,10
    650c:	8526                	mv	a0,s1
    650e:	0bc010ef          	jal	ra,75ca <__multadd>
    6512:	47c2                	lw	a5,16(sp)
    6514:	147d                	addi	s0,s0,-1
    6516:	89aa                	mv	s3,a0
    6518:	26078b63          	beqz	a5,678e <_dtoa_r+0xbd8>
    651c:	85ca                	mv	a1,s2
    651e:	4681                	li	a3,0
    6520:	4629                	li	a2,10
    6522:	8526                	mv	a0,s1
    6524:	0a6010ef          	jal	ra,75ca <__multadd>
    6528:	47a2                	lw	a5,8(sp)
    652a:	892a                	mv	s2,a0
    652c:	08f04563          	bgtz	a5,65b6 <_dtoa_r+0xa00>
    6530:	4712                	lw	a4,4(sp)
    6532:	4789                	li	a5,2
    6534:	08e7d163          	bge	a5,a4,65b6 <_dtoa_r+0xa00>
    6538:	a829                	j	6552 <_dtoa_r+0x99c>
    653a:	f8e78ee3          	beq	a5,a4,64d6 <_dtoa_r+0x920>
    653e:	853e                	mv	a0,a5
    6540:	0571                	addi	a0,a0,28
    6542:	b779                	j	64d0 <_dtoa_r+0x91a>
    6544:	07b04563          	bgtz	s11,65ae <_dtoa_r+0x9f8>
    6548:	4712                	lw	a4,4(sp)
    654a:	4789                	li	a5,2
    654c:	06e7d163          	bge	a5,a4,65ae <_dtoa_r+0x9f8>
    6550:	c46e                	sw	s11,8(sp)
    6552:	47a2                	lw	a5,8(sp)
    6554:	ef91                	bnez	a5,6570 <_dtoa_r+0x9ba>
    6556:	85d6                	mv	a1,s5
    6558:	4681                	li	a3,0
    655a:	4615                	li	a2,5
    655c:	8526                	mv	a0,s1
    655e:	06c010ef          	jal	ra,75ca <__multadd>
    6562:	8aaa                	mv	s5,a0
    6564:	85aa                	mv	a1,a0
    6566:	854e                	mv	a0,s3
    6568:	53a010ef          	jal	ra,7aa2 <__mcmp>
    656c:	b6a041e3          	bgtz	a0,60ce <_dtoa_r+0x518>
    6570:	47b2                	lw	a5,12(sp)
    6572:	4a02                	lw	s4,0(sp)
    6574:	fff7c413          	not	s0,a5
    6578:	4b01                	li	s6,0
    657a:	85d6                	mv	a1,s5
    657c:	8526                	mv	a0,s1
    657e:	008010ef          	jal	ra,7586 <_Bfree>
    6582:	d8090ce3          	beqz	s2,631a <_dtoa_r+0x764>
    6586:	000b0863          	beqz	s6,6596 <_dtoa_r+0x9e0>
    658a:	012b0663          	beq	s6,s2,6596 <_dtoa_r+0x9e0>
    658e:	85da                	mv	a1,s6
    6590:	8526                	mv	a0,s1
    6592:	7f5000ef          	jal	ra,7586 <_Bfree>
    6596:	85ca                	mv	a1,s2
    6598:	8526                	mv	a0,s1
    659a:	7ed000ef          	jal	ra,7586 <_Bfree>
    659e:	bbb5                	j	631a <_dtoa_r+0x764>
    65a0:	4a81                	li	s5,0
    65a2:	4901                	li	s2,0
    65a4:	b7f1                	j	6570 <_dtoa_r+0x9ba>
    65a6:	846a                	mv	s0,s10
    65a8:	4a81                	li	s5,0
    65aa:	4901                	li	s2,0
    65ac:	b60d                	j	60ce <_dtoa_r+0x518>
    65ae:	47c2                	lw	a5,16(sp)
    65b0:	c46e                	sw	s11,8(sp)
    65b2:	1e078563          	beqz	a5,679c <_dtoa_r+0xbe6>
    65b6:	01905863          	blez	s9,65c6 <_dtoa_r+0xa10>
    65ba:	85ca                	mv	a1,s2
    65bc:	8666                	mv	a2,s9
    65be:	8526                	mv	a0,s1
    65c0:	414010ef          	jal	ra,79d4 <__lshift>
    65c4:	892a                	mv	s2,a0
    65c6:	854a                	mv	a0,s2
    65c8:	020d0663          	beqz	s10,65f4 <_dtoa_r+0xa3e>
    65cc:	00492583          	lw	a1,4(s2)
    65d0:	8526                	mv	a0,s1
    65d2:	729000ef          	jal	ra,74fa <_Balloc>
    65d6:	01092603          	lw	a2,16(s2)
    65da:	8b2a                	mv	s6,a0
    65dc:	00c90593          	addi	a1,s2,12
    65e0:	0609                	addi	a2,a2,2
    65e2:	060a                	slli	a2,a2,0x2
    65e4:	0531                	addi	a0,a0,12
    65e6:	663000ef          	jal	ra,7448 <memcpy>
    65ea:	4605                	li	a2,1
    65ec:	85da                	mv	a1,s6
    65ee:	8526                	mv	a0,s1
    65f0:	3e4010ef          	jal	ra,79d4 <__lshift>
    65f4:	4782                	lw	a5,0(sp)
    65f6:	4722                	lw	a4,8(sp)
    65f8:	8b4a                	mv	s6,s2
    65fa:	00178c13          	addi	s8,a5,1
    65fe:	97ba                	add	a5,a5,a4
    6600:	c63e                	sw	a5,12(sp)
    6602:	001a7793          	andi	a5,s4,1
    6606:	892a                	mv	s2,a0
    6608:	c43e                	sw	a5,8(sp)
    660a:	85d6                	mv	a1,s5
    660c:	854e                	mv	a0,s3
    660e:	c6eff0ef          	jal	ra,5a7c <quorem>
    6612:	85da                	mv	a1,s6
    6614:	8d2a                	mv	s10,a0
    6616:	03050d93          	addi	s11,a0,48
    661a:	854e                	mv	a0,s3
    661c:	486010ef          	jal	ra,7aa2 <__mcmp>
    6620:	864a                	mv	a2,s2
    6622:	8baa                	mv	s7,a0
    6624:	85d6                	mv	a1,s5
    6626:	8526                	mv	a0,s1
    6628:	4ac010ef          	jal	ra,7ad4 <__mdiff>
    662c:	4550                	lw	a2,12(a0)
    662e:	fffc0c93          	addi	s9,s8,-1
    6632:	8a2a                	mv	s4,a0
    6634:	4705                	li	a4,1
    6636:	e611                	bnez	a2,6642 <_dtoa_r+0xa8c>
    6638:	85aa                	mv	a1,a0
    663a:	854e                	mv	a0,s3
    663c:	466010ef          	jal	ra,7aa2 <__mcmp>
    6640:	872a                	mv	a4,a0
    6642:	85d2                	mv	a1,s4
    6644:	8526                	mv	a0,s1
    6646:	c83a                	sw	a4,16(sp)
    6648:	73f000ef          	jal	ra,7586 <_Bfree>
    664c:	4792                	lw	a5,4(sp)
    664e:	4742                	lw	a4,16(sp)
    6650:	8a62                	mv	s4,s8
    6652:	00e7e6b3          	or	a3,a5,a4
    6656:	47a2                	lw	a5,8(sp)
    6658:	8edd                	or	a3,a3,a5
    665a:	ee81                	bnez	a3,6672 <_dtoa_r+0xabc>
    665c:	03900713          	li	a4,57
    6660:	04ed8863          	beq	s11,a4,66b0 <_dtoa_r+0xafa>
    6664:	01705463          	blez	s7,666c <_dtoa_r+0xab6>
    6668:	031d0d93          	addi	s11,s10,49
    666c:	01bc8023          	sb	s11,0(s9)
    6670:	b729                	j	657a <_dtoa_r+0x9c4>
    6672:	000bca63          	bltz	s7,6686 <_dtoa_r+0xad0>
    6676:	4792                	lw	a5,4(sp)
    6678:	0177ebb3          	or	s7,a5,s7
    667c:	47a2                	lw	a5,8(sp)
    667e:	00fbebb3          	or	s7,s7,a5
    6682:	040b9563          	bnez	s7,66cc <_dtoa_r+0xb16>
    6686:	fee053e3          	blez	a4,666c <_dtoa_r+0xab6>
    668a:	85ce                	mv	a1,s3
    668c:	4605                	li	a2,1
    668e:	8526                	mv	a0,s1
    6690:	344010ef          	jal	ra,79d4 <__lshift>
    6694:	85d6                	mv	a1,s5
    6696:	89aa                	mv	s3,a0
    6698:	40a010ef          	jal	ra,7aa2 <__mcmp>
    669c:	00a04663          	bgtz	a0,66a8 <_dtoa_r+0xaf2>
    66a0:	f571                	bnez	a0,666c <_dtoa_r+0xab6>
    66a2:	001df713          	andi	a4,s11,1
    66a6:	d379                	beqz	a4,666c <_dtoa_r+0xab6>
    66a8:	03900713          	li	a4,57
    66ac:	faed9ee3          	bne	s11,a4,6668 <_dtoa_r+0xab2>
    66b0:	03900793          	li	a5,57
    66b4:	00fc8023          	sb	a5,0(s9)
    66b8:	03900693          	li	a3,57
    66bc:	fffa4783          	lbu	a5,-1(s4)
    66c0:	fffa0713          	addi	a4,s4,-1
    66c4:	08d78c63          	beq	a5,a3,675c <_dtoa_r+0xba6>
    66c8:	0785                	addi	a5,a5,1
    66ca:	a045                	j	676a <_dtoa_r+0xbb4>
    66cc:	00e05b63          	blez	a4,66e2 <_dtoa_r+0xb2c>
    66d0:	03900713          	li	a4,57
    66d4:	fced8ee3          	beq	s11,a4,66b0 <_dtoa_r+0xafa>
    66d8:	001d8793          	addi	a5,s11,1
    66dc:	00fc8023          	sb	a5,0(s9)
    66e0:	bd69                	j	657a <_dtoa_r+0x9c4>
    66e2:	47b2                	lw	a5,12(sp)
    66e4:	ffbc0fa3          	sb	s11,-1(s8)
    66e8:	05878163          	beq	a5,s8,672a <_dtoa_r+0xb74>
    66ec:	85ce                	mv	a1,s3
    66ee:	4681                	li	a3,0
    66f0:	4629                	li	a2,10
    66f2:	8526                	mv	a0,s1
    66f4:	6d7000ef          	jal	ra,75ca <__multadd>
    66f8:	89aa                	mv	s3,a0
    66fa:	4681                	li	a3,0
    66fc:	4629                	li	a2,10
    66fe:	85da                	mv	a1,s6
    6700:	8526                	mv	a0,s1
    6702:	012b1863          	bne	s6,s2,6712 <_dtoa_r+0xb5c>
    6706:	6c5000ef          	jal	ra,75ca <__multadd>
    670a:	8b2a                	mv	s6,a0
    670c:	892a                	mv	s2,a0
    670e:	0c05                	addi	s8,s8,1
    6710:	bded                	j	660a <_dtoa_r+0xa54>
    6712:	6b9000ef          	jal	ra,75ca <__multadd>
    6716:	85ca                	mv	a1,s2
    6718:	8b2a                	mv	s6,a0
    671a:	4681                	li	a3,0
    671c:	4629                	li	a2,10
    671e:	8526                	mv	a0,s1
    6720:	6ab000ef          	jal	ra,75ca <__multadd>
    6724:	892a                	mv	s2,a0
    6726:	b7e5                	j	670e <_dtoa_r+0xb58>
    6728:	4b01                	li	s6,0
    672a:	85ce                	mv	a1,s3
    672c:	4605                	li	a2,1
    672e:	8526                	mv	a0,s1
    6730:	2a4010ef          	jal	ra,79d4 <__lshift>
    6734:	85d6                	mv	a1,s5
    6736:	89aa                	mv	s3,a0
    6738:	36a010ef          	jal	ra,7aa2 <__mcmp>
    673c:	f6a04ee3          	bgtz	a0,66b8 <_dtoa_r+0xb02>
    6740:	e501                	bnez	a0,6748 <_dtoa_r+0xb92>
    6742:	001df793          	andi	a5,s11,1
    6746:	fbad                	bnez	a5,66b8 <_dtoa_r+0xb02>
    6748:	03000793          	li	a5,48
    674c:	fffa4703          	lbu	a4,-1(s4)
    6750:	fffa0693          	addi	a3,s4,-1
    6754:	e2f713e3          	bne	a4,a5,657a <_dtoa_r+0x9c4>
    6758:	8a36                	mv	s4,a3
    675a:	bfcd                	j	674c <_dtoa_r+0xb96>
    675c:	4782                	lw	a5,0(sp)
    675e:	00e79863          	bne	a5,a4,676e <_dtoa_r+0xbb8>
    6762:	4702                	lw	a4,0(sp)
    6764:	0405                	addi	s0,s0,1
    6766:	03100793          	li	a5,49
    676a:	a31c                	sb	a5,0(a4)
    676c:	b539                	j	657a <_dtoa_r+0x9c4>
    676e:	8a3a                	mv	s4,a4
    6770:	b7b1                	j	66bc <_dtoa_r+0xb06>
    6772:	4752                	lw	a4,20(sp)
    6774:	00004797          	auipc	a5,0x4
    6778:	7ec78793          	addi	a5,a5,2028 # af60 <tinytens+0x58>
    677c:	c03e                	sw	a5,0(sp)
    677e:	00004797          	auipc	a5,0x4
    6782:	7ea78793          	addi	a5,a5,2026 # af68 <tinytens+0x60>
    6786:	ce071c63          	bnez	a4,5c7e <_dtoa_r+0xc8>
    678a:	cf8ff06f          	j	5c82 <_dtoa_r+0xcc>
    678e:	47a2                	lw	a5,8(sp)
    6790:	00f04663          	bgtz	a5,679c <_dtoa_r+0xbe6>
    6794:	4712                	lw	a4,4(sp)
    6796:	4789                	li	a5,2
    6798:	dae7cde3          	blt	a5,a4,6552 <_dtoa_r+0x99c>
    679c:	4a02                	lw	s4,0(sp)
    679e:	85d6                	mv	a1,s5
    67a0:	854e                	mv	a0,s3
    67a2:	adaff0ef          	jal	ra,5a7c <quorem>
    67a6:	4782                	lw	a5,0(sp)
    67a8:	0a05                	addi	s4,s4,1
    67aa:	03050d93          	addi	s11,a0,48
    67ae:	40fa0733          	sub	a4,s4,a5
    67b2:	47a2                	lw	a5,8(sp)
    67b4:	ffba0fa3          	sb	s11,-1(s4)
    67b8:	f6f758e3          	bge	a4,a5,6728 <_dtoa_r+0xb72>
    67bc:	85ce                	mv	a1,s3
    67be:	4681                	li	a3,0
    67c0:	4629                	li	a2,10
    67c2:	8526                	mv	a0,s1
    67c4:	607000ef          	jal	ra,75ca <__multadd>
    67c8:	89aa                	mv	s3,a0
    67ca:	bfd1                	j	679e <_dtoa_r+0xbe8>

000067cc <__sflush_r>:
    67cc:	25de                	lhu	a5,12(a1)
    67ce:	1101                	addi	sp,sp,-32
    67d0:	cc22                	sw	s0,24(sp)
    67d2:	ca26                	sw	s1,20(sp)
    67d4:	ce06                	sw	ra,28(sp)
    67d6:	c84a                	sw	s2,16(sp)
    67d8:	c64e                	sw	s3,12(sp)
    67da:	0087f713          	andi	a4,a5,8
    67de:	84aa                	mv	s1,a0
    67e0:	842e                	mv	s0,a1
    67e2:	ef61                	bnez	a4,68ba <__sflush_r+0xee>
    67e4:	41d8                	lw	a4,4(a1)
    67e6:	00e04d63          	bgtz	a4,6800 <__sflush_r+0x34>
    67ea:	41b8                	lw	a4,64(a1)
    67ec:	00e04a63          	bgtz	a4,6800 <__sflush_r+0x34>
    67f0:	4501                	li	a0,0
    67f2:	40f2                	lw	ra,28(sp)
    67f4:	4462                	lw	s0,24(sp)
    67f6:	44d2                	lw	s1,20(sp)
    67f8:	4942                	lw	s2,16(sp)
    67fa:	49b2                	lw	s3,12(sp)
    67fc:	6105                	addi	sp,sp,32
    67fe:	8082                	ret
    6800:	5458                	lw	a4,44(s0)
    6802:	d77d                	beqz	a4,67f0 <__sflush_r+0x24>
    6804:	0004a903          	lw	s2,0(s1)
    6808:	01379693          	slli	a3,a5,0x13
    680c:	0004a023          	sw	zero,0(s1)
    6810:	0606dc63          	bgez	a3,6888 <__sflush_r+0xbc>
    6814:	4870                	lw	a2,84(s0)
    6816:	245e                	lhu	a5,12(s0)
    6818:	8b91                	andi	a5,a5,4
    681a:	c799                	beqz	a5,6828 <__sflush_r+0x5c>
    681c:	405c                	lw	a5,4(s0)
    681e:	8e1d                	sub	a2,a2,a5
    6820:	585c                	lw	a5,52(s0)
    6822:	c399                	beqz	a5,6828 <__sflush_r+0x5c>
    6824:	403c                	lw	a5,64(s0)
    6826:	8e1d                	sub	a2,a2,a5
    6828:	545c                	lw	a5,44(s0)
    682a:	500c                	lw	a1,32(s0)
    682c:	4681                	li	a3,0
    682e:	8526                	mv	a0,s1
    6830:	9782                	jalr	a5
    6832:	57fd                	li	a5,-1
    6834:	245a                	lhu	a4,12(s0)
    6836:	00f51d63          	bne	a0,a5,6850 <__sflush_r+0x84>
    683a:	4094                	lw	a3,0(s1)
    683c:	47f5                	li	a5,29
    683e:	06d7e963          	bltu	a5,a3,68b0 <__sflush_r+0xe4>
    6842:	204007b7          	lui	a5,0x20400
    6846:	0785                	addi	a5,a5,1
    6848:	00d7d7b3          	srl	a5,a5,a3
    684c:	8b85                	andi	a5,a5,1
    684e:	c3ad                	beqz	a5,68b0 <__sflush_r+0xe4>
    6850:	481c                	lw	a5,16(s0)
    6852:	00042223          	sw	zero,4(s0)
    6856:	c01c                	sw	a5,0(s0)
    6858:	01371793          	slli	a5,a4,0x13
    685c:	0007d863          	bgez	a5,686c <__sflush_r+0xa0>
    6860:	57fd                	li	a5,-1
    6862:	00f51463          	bne	a0,a5,686a <__sflush_r+0x9e>
    6866:	409c                	lw	a5,0(s1)
    6868:	e391                	bnez	a5,686c <__sflush_r+0xa0>
    686a:	c868                	sw	a0,84(s0)
    686c:	584c                	lw	a1,52(s0)
    686e:	0124a023          	sw	s2,0(s1)
    6872:	ddbd                	beqz	a1,67f0 <__sflush_r+0x24>
    6874:	04440793          	addi	a5,s0,68
    6878:	00f58563          	beq	a1,a5,6882 <__sflush_r+0xb6>
    687c:	8526                	mv	a0,s1
    687e:	62c010ef          	jal	ra,7eaa <_free_r>
    6882:	02042a23          	sw	zero,52(s0)
    6886:	b7ad                	j	67f0 <__sflush_r+0x24>
    6888:	500c                	lw	a1,32(s0)
    688a:	4601                	li	a2,0
    688c:	4685                	li	a3,1
    688e:	8526                	mv	a0,s1
    6890:	9702                	jalr	a4
    6892:	57fd                	li	a5,-1
    6894:	862a                	mv	a2,a0
    6896:	f8f510e3          	bne	a0,a5,6816 <__sflush_r+0x4a>
    689a:	409c                	lw	a5,0(s1)
    689c:	dfad                	beqz	a5,6816 <__sflush_r+0x4a>
    689e:	4775                	li	a4,29
    68a0:	00e78563          	beq	a5,a4,68aa <__sflush_r+0xde>
    68a4:	4759                	li	a4,22
    68a6:	04e79363          	bne	a5,a4,68ec <__sflush_r+0x120>
    68aa:	0124a023          	sw	s2,0(s1)
    68ae:	b789                	j	67f0 <__sflush_r+0x24>
    68b0:	04076713          	ori	a4,a4,64
    68b4:	a45a                	sh	a4,12(s0)
    68b6:	557d                	li	a0,-1
    68b8:	bf2d                	j	67f2 <__sflush_r+0x26>
    68ba:	0105a983          	lw	s3,16(a1) # 7ff00010 <_eusrstack+0x5fef8010>
    68be:	f20989e3          	beqz	s3,67f0 <__sflush_r+0x24>
    68c2:	0005a903          	lw	s2,0(a1)
    68c6:	8b8d                	andi	a5,a5,3
    68c8:	0135a023          	sw	s3,0(a1)
    68cc:	41390933          	sub	s2,s2,s3
    68d0:	4701                	li	a4,0
    68d2:	e391                	bnez	a5,68d6 <__sflush_r+0x10a>
    68d4:	49d8                	lw	a4,20(a1)
    68d6:	c418                	sw	a4,8(s0)
    68d8:	f1205ce3          	blez	s2,67f0 <__sflush_r+0x24>
    68dc:	541c                	lw	a5,40(s0)
    68de:	500c                	lw	a1,32(s0)
    68e0:	86ca                	mv	a3,s2
    68e2:	864e                	mv	a2,s3
    68e4:	8526                	mv	a0,s1
    68e6:	9782                	jalr	a5
    68e8:	00a04763          	bgtz	a0,68f6 <__sflush_r+0x12a>
    68ec:	245e                	lhu	a5,12(s0)
    68ee:	0407e793          	ori	a5,a5,64
    68f2:	a45e                	sh	a5,12(s0)
    68f4:	b7c9                	j	68b6 <__sflush_r+0xea>
    68f6:	99aa                	add	s3,s3,a0
    68f8:	40a90933          	sub	s2,s2,a0
    68fc:	bff1                	j	68d8 <__sflush_r+0x10c>

000068fe <_fflush_r>:
    68fe:	499c                	lw	a5,16(a1)
    6900:	c3a5                	beqz	a5,6960 <_fflush_r+0x62>
    6902:	1101                	addi	sp,sp,-32
    6904:	cc22                	sw	s0,24(sp)
    6906:	ce06                	sw	ra,28(sp)
    6908:	842a                	mv	s0,a0
    690a:	c511                	beqz	a0,6916 <_fflush_r+0x18>
    690c:	4d1c                	lw	a5,24(a0)
    690e:	e781                	bnez	a5,6916 <_fflush_r+0x18>
    6910:	c62e                	sw	a1,12(sp)
    6912:	2229                	jal	6a1c <__sinit>
    6914:	45b2                	lw	a1,12(sp)
    6916:	00004797          	auipc	a5,0x4
    691a:	67a78793          	addi	a5,a5,1658 # af90 <__sf_fake_stdin>
    691e:	00f59c63          	bne	a1,a5,6936 <_fflush_r+0x38>
    6922:	404c                	lw	a1,4(s0)
    6924:	00c59783          	lh	a5,12(a1)
    6928:	c79d                	beqz	a5,6956 <_fflush_r+0x58>
    692a:	8522                	mv	a0,s0
    692c:	4462                	lw	s0,24(sp)
    692e:	40f2                	lw	ra,28(sp)
    6930:	6105                	addi	sp,sp,32
    6932:	e9bff06f          	j	67cc <__sflush_r>
    6936:	00004797          	auipc	a5,0x4
    693a:	67a78793          	addi	a5,a5,1658 # afb0 <__sf_fake_stdout>
    693e:	00f59463          	bne	a1,a5,6946 <_fflush_r+0x48>
    6942:	440c                	lw	a1,8(s0)
    6944:	b7c5                	j	6924 <_fflush_r+0x26>
    6946:	00004797          	auipc	a5,0x4
    694a:	62a78793          	addi	a5,a5,1578 # af70 <__sf_fake_stderr>
    694e:	fcf59be3          	bne	a1,a5,6924 <_fflush_r+0x26>
    6952:	444c                	lw	a1,12(s0)
    6954:	bfc1                	j	6924 <_fflush_r+0x26>
    6956:	40f2                	lw	ra,28(sp)
    6958:	4462                	lw	s0,24(sp)
    695a:	4501                	li	a0,0
    695c:	6105                	addi	sp,sp,32
    695e:	8082                	ret
    6960:	4501                	li	a0,0
    6962:	8082                	ret

00006964 <std>:
    6964:	1141                	addi	sp,sp,-16
    6966:	c422                	sw	s0,8(sp)
    6968:	c606                	sw	ra,12(sp)
    696a:	842a                	mv	s0,a0
    696c:	a54e                	sh	a1,12(a0)
    696e:	a572                	sh	a2,14(a0)
    6970:	00052023          	sw	zero,0(a0)
    6974:	00052223          	sw	zero,4(a0)
    6978:	00052423          	sw	zero,8(a0)
    697c:	06052223          	sw	zero,100(a0)
    6980:	00052823          	sw	zero,16(a0)
    6984:	00052a23          	sw	zero,20(a0)
    6988:	00052c23          	sw	zero,24(a0)
    698c:	4621                	li	a2,8
    698e:	4581                	li	a1,0
    6990:	05c50513          	addi	a0,a0,92
    6994:	88df90ef          	jal	ra,220 <memset>
    6998:	00002797          	auipc	a5,0x2
    699c:	53478793          	addi	a5,a5,1332 # 8ecc <__sread>
    69a0:	d05c                	sw	a5,36(s0)
    69a2:	00002797          	auipc	a5,0x2
    69a6:	55a78793          	addi	a5,a5,1370 # 8efc <__swrite>
    69aa:	d41c                	sw	a5,40(s0)
    69ac:	00002797          	auipc	a5,0x2
    69b0:	59878793          	addi	a5,a5,1432 # 8f44 <__sseek>
    69b4:	d45c                	sw	a5,44(s0)
    69b6:	00002797          	auipc	a5,0x2
    69ba:	5be78793          	addi	a5,a5,1470 # 8f74 <__sclose>
    69be:	d000                	sw	s0,32(s0)
    69c0:	d81c                	sw	a5,48(s0)
    69c2:	40b2                	lw	ra,12(sp)
    69c4:	4422                	lw	s0,8(sp)
    69c6:	0141                	addi	sp,sp,16
    69c8:	8082                	ret

000069ca <_cleanup_r>:
    69ca:	00000597          	auipc	a1,0x0
    69ce:	f3458593          	addi	a1,a1,-204 # 68fe <_fflush_r>
    69d2:	aa99                	j	6b28 <_fwalk_reent>

000069d4 <__sfmoreglue>:
    69d4:	1141                	addi	sp,sp,-16
    69d6:	c226                	sw	s1,4(sp)
    69d8:	06800613          	li	a2,104
    69dc:	fff58493          	addi	s1,a1,-1
    69e0:	02c484b3          	mul	s1,s1,a2
    69e4:	c04a                	sw	s2,0(sp)
    69e6:	892e                	mv	s2,a1
    69e8:	c422                	sw	s0,8(sp)
    69ea:	c606                	sw	ra,12(sp)
    69ec:	07448593          	addi	a1,s1,116
    69f0:	562010ef          	jal	ra,7f52 <_malloc_r>
    69f4:	842a                	mv	s0,a0
    69f6:	cd01                	beqz	a0,6a0e <__sfmoreglue+0x3a>
    69f8:	00052023          	sw	zero,0(a0)
    69fc:	01252223          	sw	s2,4(a0)
    6a00:	0531                	addi	a0,a0,12
    6a02:	c408                	sw	a0,8(s0)
    6a04:	06848613          	addi	a2,s1,104
    6a08:	4581                	li	a1,0
    6a0a:	817f90ef          	jal	ra,220 <memset>
    6a0e:	8522                	mv	a0,s0
    6a10:	40b2                	lw	ra,12(sp)
    6a12:	4422                	lw	s0,8(sp)
    6a14:	4492                	lw	s1,4(sp)
    6a16:	4902                	lw	s2,0(sp)
    6a18:	0141                	addi	sp,sp,16
    6a1a:	8082                	ret

00006a1c <__sinit>:
    6a1c:	4d1c                	lw	a5,24(a0)
    6a1e:	e7a5                	bnez	a5,6a86 <__sinit+0x6a>
    6a20:	1141                	addi	sp,sp,-16
    6a22:	c606                	sw	ra,12(sp)
    6a24:	c422                	sw	s0,8(sp)
    6a26:	00000797          	auipc	a5,0x0
    6a2a:	fa478793          	addi	a5,a5,-92 # 69ca <_cleanup_r>
    6a2e:	d51c                	sw	a5,40(a0)
    6a30:	81818793          	addi	a5,gp,-2024 # 20000208 <_global_impure_ptr>
    6a34:	439c                	lw	a5,0(a5)
    6a36:	04052423          	sw	zero,72(a0)
    6a3a:	04052623          	sw	zero,76(a0)
    6a3e:	04052823          	sw	zero,80(a0)
    6a42:	00f51463          	bne	a0,a5,6a4a <__sinit+0x2e>
    6a46:	4785                	li	a5,1
    6a48:	cd1c                	sw	a5,24(a0)
    6a4a:	842a                	mv	s0,a0
    6a4c:	2835                	jal	6a88 <__sfp>
    6a4e:	c048                	sw	a0,4(s0)
    6a50:	8522                	mv	a0,s0
    6a52:	281d                	jal	6a88 <__sfp>
    6a54:	c408                	sw	a0,8(s0)
    6a56:	8522                	mv	a0,s0
    6a58:	2805                	jal	6a88 <__sfp>
    6a5a:	c448                	sw	a0,12(s0)
    6a5c:	4048                	lw	a0,4(s0)
    6a5e:	4601                	li	a2,0
    6a60:	4591                	li	a1,4
    6a62:	f03ff0ef          	jal	ra,6964 <std>
    6a66:	4408                	lw	a0,8(s0)
    6a68:	4605                	li	a2,1
    6a6a:	45a5                	li	a1,9
    6a6c:	ef9ff0ef          	jal	ra,6964 <std>
    6a70:	4448                	lw	a0,12(s0)
    6a72:	4609                	li	a2,2
    6a74:	45c9                	li	a1,18
    6a76:	eefff0ef          	jal	ra,6964 <std>
    6a7a:	4785                	li	a5,1
    6a7c:	cc1c                	sw	a5,24(s0)
    6a7e:	40b2                	lw	ra,12(sp)
    6a80:	4422                	lw	s0,8(sp)
    6a82:	0141                	addi	sp,sp,16
    6a84:	8082                	ret
    6a86:	8082                	ret

00006a88 <__sfp>:
    6a88:	1141                	addi	sp,sp,-16
    6a8a:	81818793          	addi	a5,gp,-2024 # 20000208 <_global_impure_ptr>
    6a8e:	c226                	sw	s1,4(sp)
    6a90:	4384                	lw	s1,0(a5)
    6a92:	c04a                	sw	s2,0(sp)
    6a94:	c606                	sw	ra,12(sp)
    6a96:	4c9c                	lw	a5,24(s1)
    6a98:	c422                	sw	s0,8(sp)
    6a9a:	892a                	mv	s2,a0
    6a9c:	e781                	bnez	a5,6aa4 <__sfp+0x1c>
    6a9e:	8526                	mv	a0,s1
    6aa0:	f7dff0ef          	jal	ra,6a1c <__sinit>
    6aa4:	04848493          	addi	s1,s1,72
    6aa8:	4480                	lw	s0,8(s1)
    6aaa:	40dc                	lw	a5,4(s1)
    6aac:	17fd                	addi	a5,a5,-1
    6aae:	0007d663          	bgez	a5,6aba <__sfp+0x32>
    6ab2:	409c                	lw	a5,0(s1)
    6ab4:	cfb9                	beqz	a5,6b12 <__sfp+0x8a>
    6ab6:	4084                	lw	s1,0(s1)
    6ab8:	bfc5                	j	6aa8 <__sfp+0x20>
    6aba:	00c41703          	lh	a4,12(s0)
    6abe:	e739                	bnez	a4,6b0c <__sfp+0x84>
    6ac0:	77c1                	lui	a5,0xffff0
    6ac2:	0785                	addi	a5,a5,1
    6ac4:	06042223          	sw	zero,100(s0)
    6ac8:	00042023          	sw	zero,0(s0)
    6acc:	00042223          	sw	zero,4(s0)
    6ad0:	00042423          	sw	zero,8(s0)
    6ad4:	c45c                	sw	a5,12(s0)
    6ad6:	00042823          	sw	zero,16(s0)
    6ada:	00042a23          	sw	zero,20(s0)
    6ade:	00042c23          	sw	zero,24(s0)
    6ae2:	4621                	li	a2,8
    6ae4:	4581                	li	a1,0
    6ae6:	05c40513          	addi	a0,s0,92
    6aea:	f36f90ef          	jal	ra,220 <memset>
    6aee:	02042a23          	sw	zero,52(s0)
    6af2:	02042c23          	sw	zero,56(s0)
    6af6:	04042423          	sw	zero,72(s0)
    6afa:	04042623          	sw	zero,76(s0)
    6afe:	8522                	mv	a0,s0
    6b00:	40b2                	lw	ra,12(sp)
    6b02:	4422                	lw	s0,8(sp)
    6b04:	4492                	lw	s1,4(sp)
    6b06:	4902                	lw	s2,0(sp)
    6b08:	0141                	addi	sp,sp,16
    6b0a:	8082                	ret
    6b0c:	06840413          	addi	s0,s0,104
    6b10:	bf71                	j	6aac <__sfp+0x24>
    6b12:	4591                	li	a1,4
    6b14:	854a                	mv	a0,s2
    6b16:	ebfff0ef          	jal	ra,69d4 <__sfmoreglue>
    6b1a:	c088                	sw	a0,0(s1)
    6b1c:	fd49                	bnez	a0,6ab6 <__sfp+0x2e>
    6b1e:	47b1                	li	a5,12
    6b20:	00f92023          	sw	a5,0(s2)
    6b24:	4401                	li	s0,0
    6b26:	bfe1                	j	6afe <__sfp+0x76>

00006b28 <_fwalk_reent>:
    6b28:	7179                	addi	sp,sp,-48
    6b2a:	d422                	sw	s0,40(sp)
    6b2c:	d04a                	sw	s2,32(sp)
    6b2e:	cc52                	sw	s4,24(sp)
    6b30:	ca56                	sw	s5,20(sp)
    6b32:	c85a                	sw	s6,16(sp)
    6b34:	c65e                	sw	s7,12(sp)
    6b36:	d606                	sw	ra,44(sp)
    6b38:	d226                	sw	s1,36(sp)
    6b3a:	ce4e                	sw	s3,28(sp)
    6b3c:	8a2a                	mv	s4,a0
    6b3e:	8aae                	mv	s5,a1
    6b40:	04850413          	addi	s0,a0,72
    6b44:	4901                	li	s2,0
    6b46:	4b05                	li	s6,1
    6b48:	5bfd                	li	s7,-1
    6b4a:	ec09                	bnez	s0,6b64 <_fwalk_reent+0x3c>
    6b4c:	50b2                	lw	ra,44(sp)
    6b4e:	5422                	lw	s0,40(sp)
    6b50:	854a                	mv	a0,s2
    6b52:	5492                	lw	s1,36(sp)
    6b54:	5902                	lw	s2,32(sp)
    6b56:	49f2                	lw	s3,28(sp)
    6b58:	4a62                	lw	s4,24(sp)
    6b5a:	4ad2                	lw	s5,20(sp)
    6b5c:	4b42                	lw	s6,16(sp)
    6b5e:	4bb2                	lw	s7,12(sp)
    6b60:	6145                	addi	sp,sp,48
    6b62:	8082                	ret
    6b64:	4404                	lw	s1,8(s0)
    6b66:	00442983          	lw	s3,4(s0)
    6b6a:	19fd                	addi	s3,s3,-1
    6b6c:	0009d463          	bgez	s3,6b74 <_fwalk_reent+0x4c>
    6b70:	4000                	lw	s0,0(s0)
    6b72:	bfe1                	j	6b4a <_fwalk_reent+0x22>
    6b74:	24de                	lhu	a5,12(s1)
    6b76:	00fb7b63          	bgeu	s6,a5,6b8c <_fwalk_reent+0x64>
    6b7a:	00e49783          	lh	a5,14(s1)
    6b7e:	01778763          	beq	a5,s7,6b8c <_fwalk_reent+0x64>
    6b82:	85a6                	mv	a1,s1
    6b84:	8552                	mv	a0,s4
    6b86:	9a82                	jalr	s5
    6b88:	00a96933          	or	s2,s2,a0
    6b8c:	06848493          	addi	s1,s1,104
    6b90:	bfe9                	j	6b6a <_fwalk_reent+0x42>

00006b92 <rshift>:
    6b92:	4910                	lw	a2,16(a0)
    6b94:	01450693          	addi	a3,a0,20
    6b98:	4055d713          	srai	a4,a1,0x5
    6b9c:	87b6                	mv	a5,a3
    6b9e:	02c75663          	bge	a4,a2,6bca <rshift+0x38>
    6ba2:	060a                	slli	a2,a2,0x2
    6ba4:	070a                	slli	a4,a4,0x2
    6ba6:	89fd                	andi	a1,a1,31
    6ba8:	9636                	add	a2,a2,a3
    6baa:	9736                	add	a4,a4,a3
    6bac:	c9b9                	beqz	a1,6c02 <rshift+0x70>
    6bae:	00470813          	addi	a6,a4,4
    6bb2:	4318                	lw	a4,0(a4)
    6bb4:	02000313          	li	t1,32
    6bb8:	40b30333          	sub	t1,t1,a1
    6bbc:	00b75733          	srl	a4,a4,a1
    6bc0:	00c86e63          	bltu	a6,a2,6bdc <rshift+0x4a>
    6bc4:	c398                	sw	a4,0(a5)
    6bc6:	c311                	beqz	a4,6bca <rshift+0x38>
    6bc8:	0791                	addi	a5,a5,4
    6bca:	40d78733          	sub	a4,a5,a3
    6bce:	8709                	srai	a4,a4,0x2
    6bd0:	c918                	sw	a4,16(a0)
    6bd2:	00d79463          	bne	a5,a3,6bda <rshift+0x48>
    6bd6:	00052a23          	sw	zero,20(a0)
    6bda:	8082                	ret
    6bdc:	00082883          	lw	a7,0(a6)
    6be0:	0791                	addi	a5,a5,4
    6be2:	0811                	addi	a6,a6,4
    6be4:	006898b3          	sll	a7,a7,t1
    6be8:	00e8e733          	or	a4,a7,a4
    6bec:	fee7ae23          	sw	a4,-4(a5) # fffefffc <_eusrstack+0xdffe7ffc>
    6bf0:	ffc82703          	lw	a4,-4(a6)
    6bf4:	b7e1                	j	6bbc <rshift+0x2a>
    6bf6:	0711                	addi	a4,a4,4
    6bf8:	ffc72583          	lw	a1,-4(a4)
    6bfc:	0791                	addi	a5,a5,4
    6bfe:	feb7ae23          	sw	a1,-4(a5)
    6c02:	fec76ae3          	bltu	a4,a2,6bf6 <rshift+0x64>
    6c06:	b7d1                	j	6bca <rshift+0x38>

00006c08 <__hexdig_fun>:
    6c08:	fd050793          	addi	a5,a0,-48
    6c0c:	0ff7f793          	andi	a5,a5,255
    6c10:	4725                	li	a4,9
    6c12:	00f76763          	bltu	a4,a5,6c20 <__hexdig_fun+0x18>
    6c16:	1501                	addi	a0,a0,-32
    6c18:	0ff57793          	andi	a5,a0,255
    6c1c:	853e                	mv	a0,a5
    6c1e:	8082                	ret
    6c20:	f9f50793          	addi	a5,a0,-97
    6c24:	0ff7f793          	andi	a5,a5,255
    6c28:	4695                	li	a3,5
    6c2a:	00f6e563          	bltu	a3,a5,6c34 <__hexdig_fun+0x2c>
    6c2e:	fb950513          	addi	a0,a0,-71
    6c32:	b7dd                	j	6c18 <__hexdig_fun+0x10>
    6c34:	fbf50713          	addi	a4,a0,-65
    6c38:	0ff77713          	andi	a4,a4,255
    6c3c:	4781                	li	a5,0
    6c3e:	fce6efe3          	bltu	a3,a4,6c1c <__hexdig_fun+0x14>
    6c42:	fd950513          	addi	a0,a0,-39
    6c46:	bfc9                	j	6c18 <__hexdig_fun+0x10>

00006c48 <__gethex>:
    6c48:	711d                	addi	sp,sp,-96
    6c4a:	c2d6                	sw	s5,68(sp)
    6c4c:	8aaa                	mv	s5,a0
    6c4e:	8542                	mv	a0,a6
    6c50:	c636                	sw	a3,12(sp)
    6c52:	c23a                	sw	a4,4(sp)
    6c54:	ce86                	sw	ra,92(sp)
    6c56:	c8ca                	sw	s2,80(sp)
    6c58:	c4d2                	sw	s4,72(sp)
    6c5a:	c0da                	sw	s6,64(sp)
    6c5c:	de5e                	sw	s7,60(sp)
    6c5e:	8b3e                	mv	s6,a5
    6c60:	d66e                	sw	s11,44(sp)
    6c62:	8932                	mv	s2,a2
    6c64:	8dae                	mv	s11,a1
    6c66:	cca2                	sw	s0,88(sp)
    6c68:	caa6                	sw	s1,84(sp)
    6c6a:	c6ce                	sw	s3,76(sp)
    6c6c:	dc62                	sw	s8,56(sp)
    6c6e:	da66                	sw	s9,52(sp)
    6c70:	d86a                	sw	s10,48(sp)
    6c72:	2d9d                	jal	72e8 <__localeconv_l>
    6c74:	00052b83          	lw	s7,0(a0)
    6c78:	855e                	mv	a0,s7
    6c7a:	db9fd0ef          	jal	ra,4a32 <strlen>
    6c7e:	00ab87b3          	add	a5,s7,a0
    6c82:	000da683          	lw	a3,0(s11)
    6c86:	fff7c783          	lbu	a5,-1(a5)
    6c8a:	5779                	li	a4,-2
    6c8c:	8f15                	sub	a4,a4,a3
    6c8e:	c83e                	sw	a5,16(sp)
    6c90:	8a2a                	mv	s4,a0
    6c92:	00268793          	addi	a5,a3,2
    6c96:	03000693          	li	a3,48
    6c9a:	00f70633          	add	a2,a4,a5
    6c9e:	84be                	mv	s1,a5
    6ca0:	0785                	addi	a5,a5,1
    6ca2:	fff7c503          	lbu	a0,-1(a5)
    6ca6:	c432                	sw	a2,8(sp)
    6ca8:	fed509e3          	beq	a0,a3,6c9a <__gethex+0x52>
    6cac:	f5dff0ef          	jal	ra,6c08 <__hexdig_fun>
    6cb0:	10051e63          	bnez	a0,6dcc <__gethex+0x184>
    6cb4:	8652                	mv	a2,s4
    6cb6:	85de                	mv	a1,s7
    6cb8:	8526                	mv	a0,s1
    6cba:	2c0020ef          	jal	ra,8f7a <strncmp>
    6cbe:	10051c63          	bnez	a0,6dd6 <__gethex+0x18e>
    6cc2:	01448c33          	add	s8,s1,s4
    6cc6:	000c4503          	lbu	a0,0(s8)
    6cca:	f3fff0ef          	jal	ra,6c08 <__hexdig_fun>
    6cce:	10050563          	beqz	a0,6dd8 <__gethex+0x190>
    6cd2:	84e2                	mv	s1,s8
    6cd4:	03000793          	li	a5,48
    6cd8:	2088                	lbu	a0,0(s1)
    6cda:	00f50b63          	beq	a0,a5,6cf0 <__gethex+0xa8>
    6cde:	f2bff0ef          	jal	ra,6c08 <__hexdig_fun>
    6ce2:	4785                	li	a5,1
    6ce4:	00153993          	seqz	s3,a0
    6ce8:	8ce2                	mv	s9,s8
    6cea:	c43e                	sw	a5,8(sp)
    6cec:	8c26                	mv	s8,s1
    6cee:	a021                	j	6cf6 <__gethex+0xae>
    6cf0:	0485                	addi	s1,s1,1
    6cf2:	b7dd                	j	6cd8 <__gethex+0x90>
    6cf4:	0c05                	addi	s8,s8,1
    6cf6:	000c4503          	lbu	a0,0(s8)
    6cfa:	f0fff0ef          	jal	ra,6c08 <__hexdig_fun>
    6cfe:	f97d                	bnez	a0,6cf4 <__gethex+0xac>
    6d00:	8652                	mv	a2,s4
    6d02:	85de                	mv	a1,s7
    6d04:	8562                	mv	a0,s8
    6d06:	274020ef          	jal	ra,8f7a <strncmp>
    6d0a:	e911                	bnez	a0,6d1e <__gethex+0xd6>
    6d0c:	000c9c63          	bnez	s9,6d24 <__gethex+0xdc>
    6d10:	9c52                	add	s8,s8,s4
    6d12:	8ce2                	mv	s9,s8
    6d14:	000c4503          	lbu	a0,0(s8)
    6d18:	ef1ff0ef          	jal	ra,6c08 <__hexdig_fun>
    6d1c:	e95d                	bnez	a0,6dd2 <__gethex+0x18a>
    6d1e:	4401                	li	s0,0
    6d20:	000c8563          	beqz	s9,6d2a <__gethex+0xe2>
    6d24:	418c8433          	sub	s0,s9,s8
    6d28:	040a                	slli	s0,s0,0x2
    6d2a:	000c4783          	lbu	a5,0(s8)
    6d2e:	05000713          	li	a4,80
    6d32:	00e78763          	beq	a5,a4,6d40 <__gethex+0xf8>
    6d36:	07000613          	li	a2,112
    6d3a:	8ce2                	mv	s9,s8
    6d3c:	06c79063          	bne	a5,a2,6d9c <__gethex+0x154>
    6d40:	001c4783          	lbu	a5,1(s8)
    6d44:	02b00713          	li	a4,43
    6d48:	08e78b63          	beq	a5,a4,6dde <__gethex+0x196>
    6d4c:	02d00713          	li	a4,45
    6d50:	08e78b63          	beq	a5,a4,6de6 <__gethex+0x19e>
    6d54:	001c0c93          	addi	s9,s8,1
    6d58:	4d01                	li	s10,0
    6d5a:	000cc503          	lbu	a0,0(s9)
    6d5e:	eabff0ef          	jal	ra,6c08 <__hexdig_fun>
    6d62:	fff50793          	addi	a5,a0,-1
    6d66:	0ff7f793          	andi	a5,a5,255
    6d6a:	45e1                	li	a1,24
    6d6c:	08f5e463          	bltu	a1,a5,6df4 <__gethex+0x1ac>
    6d70:	ff050793          	addi	a5,a0,-16
    6d74:	0c85                	addi	s9,s9,1
    6d76:	000cc503          	lbu	a0,0(s9)
    6d7a:	ca3e                	sw	a5,20(sp)
    6d7c:	e8dff0ef          	jal	ra,6c08 <__hexdig_fun>
    6d80:	fff50593          	addi	a1,a0,-1
    6d84:	0ff5f593          	andi	a1,a1,255
    6d88:	4861                	li	a6,24
    6d8a:	47d2                	lw	a5,20(sp)
    6d8c:	48a9                	li	a7,10
    6d8e:	04b87e63          	bgeu	a6,a1,6dea <__gethex+0x1a2>
    6d92:	000d0463          	beqz	s10,6d9a <__gethex+0x152>
    6d96:	40f007b3          	neg	a5,a5
    6d9a:	943e                	add	s0,s0,a5
    6d9c:	019da023          	sw	s9,0(s11)
    6da0:	04098c63          	beqz	s3,6df8 <__gethex+0x1b0>
    6da4:	47a2                	lw	a5,8(sp)
    6da6:	4481                	li	s1,0
    6da8:	e391                	bnez	a5,6dac <__gethex+0x164>
    6daa:	4499                	li	s1,6
    6dac:	40f6                	lw	ra,92(sp)
    6dae:	4466                	lw	s0,88(sp)
    6db0:	8526                	mv	a0,s1
    6db2:	4946                	lw	s2,80(sp)
    6db4:	44d6                	lw	s1,84(sp)
    6db6:	49b6                	lw	s3,76(sp)
    6db8:	4a26                	lw	s4,72(sp)
    6dba:	4a96                	lw	s5,68(sp)
    6dbc:	4b06                	lw	s6,64(sp)
    6dbe:	5bf2                	lw	s7,60(sp)
    6dc0:	5c62                	lw	s8,56(sp)
    6dc2:	5cd2                	lw	s9,52(sp)
    6dc4:	5d42                	lw	s10,48(sp)
    6dc6:	5db2                	lw	s11,44(sp)
    6dc8:	6125                	addi	sp,sp,96
    6dca:	8082                	ret
    6dcc:	4981                	li	s3,0
    6dce:	4c81                	li	s9,0
    6dd0:	bf31                	j	6cec <__gethex+0xa4>
    6dd2:	0c05                	addi	s8,s8,1
    6dd4:	b781                	j	6d14 <__gethex+0xcc>
    6dd6:	8c26                	mv	s8,s1
    6dd8:	4401                	li	s0,0
    6dda:	4985                	li	s3,1
    6ddc:	b7b9                	j	6d2a <__gethex+0xe2>
    6dde:	4d01                	li	s10,0
    6de0:	002c0c93          	addi	s9,s8,2
    6de4:	bf9d                	j	6d5a <__gethex+0x112>
    6de6:	4d05                	li	s10,1
    6de8:	bfe5                	j	6de0 <__gethex+0x198>
    6dea:	031787b3          	mul	a5,a5,a7
    6dee:	97aa                	add	a5,a5,a0
    6df0:	17c1                	addi	a5,a5,-16
    6df2:	b749                	j	6d74 <__gethex+0x12c>
    6df4:	8ce2                	mv	s9,s8
    6df6:	b75d                	j	6d9c <__gethex+0x154>
    6df8:	409c07b3          	sub	a5,s8,s1
    6dfc:	17fd                	addi	a5,a5,-1
    6dfe:	4581                	li	a1,0
    6e00:	471d                	li	a4,7
    6e02:	0af74463          	blt	a4,a5,6eaa <__gethex+0x262>
    6e06:	8556                	mv	a0,s5
    6e08:	2dcd                	jal	74fa <_Balloc>
    6e0a:	4605                	li	a2,1
    6e0c:	01450993          	addi	s3,a0,20
    6e10:	414607b3          	sub	a5,a2,s4
    6e14:	8daa                	mv	s11,a0
    6e16:	8d4e                	mv	s10,s3
    6e18:	4881                	li	a7,0
    6e1a:	4c81                	li	s9,0
    6e1c:	ca3e                	sw	a5,20(sp)
    6e1e:	0984e963          	bltu	s1,s8,6eb0 <__gethex+0x268>
    6e22:	004d0513          	addi	a0,s10,4
    6e26:	41350533          	sub	a0,a0,s3
    6e2a:	8509                	srai	a0,a0,0x2
    6e2c:	019d2023          	sw	s9,0(s10)
    6e30:	00ada823          	sw	a0,16(s11)
    6e34:	00551493          	slli	s1,a0,0x5
    6e38:	8566                	mv	a0,s9
    6e3a:	0cd000ef          	jal	ra,7706 <__hi0bits>
    6e3e:	00092b83          	lw	s7,0(s2)
    6e42:	8c89                	sub	s1,s1,a0
    6e44:	0c9bd863          	bge	s7,s1,6f14 <__gethex+0x2cc>
    6e48:	417484b3          	sub	s1,s1,s7
    6e4c:	85a6                	mv	a1,s1
    6e4e:	856e                	mv	a0,s11
    6e50:	7ef000ef          	jal	ra,7e3e <__any_on>
    6e54:	8a2a                	mv	s4,a0
    6e56:	c905                	beqz	a0,6e86 <__gethex+0x23e>
    6e58:	fff48613          	addi	a2,s1,-1
    6e5c:	40565693          	srai	a3,a2,0x5
    6e60:	068a                	slli	a3,a3,0x2
    6e62:	96ce                	add	a3,a3,s3
    6e64:	4294                	lw	a3,0(a3)
    6e66:	4705                	li	a4,1
    6e68:	00c71733          	sll	a4,a4,a2
    6e6c:	8f75                	and	a4,a4,a3
    6e6e:	4a05                	li	s4,1
    6e70:	cb19                	beqz	a4,6e86 <__gethex+0x23e>
    6e72:	00ca5963          	bge	s4,a2,6e84 <__gethex+0x23c>
    6e76:	ffe48593          	addi	a1,s1,-2
    6e7a:	856e                	mv	a0,s11
    6e7c:	7c3000ef          	jal	ra,7e3e <__any_on>
    6e80:	4a0d                	li	s4,3
    6e82:	e111                	bnez	a0,6e86 <__gethex+0x23e>
    6e84:	4a09                	li	s4,2
    6e86:	85a6                	mv	a1,s1
    6e88:	856e                	mv	a0,s11
    6e8a:	d09ff0ef          	jal	ra,6b92 <rshift>
    6e8e:	9426                	add	s0,s0,s1
    6e90:	00892703          	lw	a4,8(s2)
    6e94:	08875f63          	bge	a4,s0,6f32 <__gethex+0x2ea>
    6e98:	85ee                	mv	a1,s11
    6e9a:	8556                	mv	a0,s5
    6e9c:	25ed                	jal	7586 <_Bfree>
    6e9e:	4792                	lw	a5,4(sp)
    6ea0:	0a300493          	li	s1,163
    6ea4:	0007a023          	sw	zero,0(a5)
    6ea8:	b711                	j	6dac <__gethex+0x164>
    6eaa:	0585                	addi	a1,a1,1
    6eac:	8785                	srai	a5,a5,0x1
    6eae:	bf91                	j	6e02 <__gethex+0x1ba>
    6eb0:	fffc0793          	addi	a5,s8,-1
    6eb4:	c43e                	sw	a5,8(sp)
    6eb6:	fffc4603          	lbu	a2,-1(s8)
    6eba:	47c2                	lw	a5,16(sp)
    6ebc:	02f60963          	beq	a2,a5,6eee <__gethex+0x2a6>
    6ec0:	02000793          	li	a5,32
    6ec4:	00f89763          	bne	a7,a5,6ed2 <__gethex+0x28a>
    6ec8:	019d2023          	sw	s9,0(s10)
    6ecc:	4881                	li	a7,0
    6ece:	0d11                	addi	s10,s10,4
    6ed0:	4c81                	li	s9,0
    6ed2:	fffc4503          	lbu	a0,-1(s8)
    6ed6:	cc46                	sw	a7,24(sp)
    6ed8:	d31ff0ef          	jal	ra,6c08 <__hexdig_fun>
    6edc:	48e2                	lw	a7,24(sp)
    6ede:	893d                	andi	a0,a0,15
    6ee0:	4322                	lw	t1,8(sp)
    6ee2:	01151533          	sll	a0,a0,a7
    6ee6:	00acecb3          	or	s9,s9,a0
    6eea:	0891                	addi	a7,a7,4
    6eec:	a015                	j	6f10 <__gethex+0x2c8>
    6eee:	4752                	lw	a4,20(sp)
    6ef0:	fffc0793          	addi	a5,s8,-1
    6ef4:	00e78333          	add	t1,a5,a4
    6ef8:	fc9364e3          	bltu	t1,s1,6ec0 <__gethex+0x278>
    6efc:	851a                	mv	a0,t1
    6efe:	8652                	mv	a2,s4
    6f00:	85de                	mv	a1,s7
    6f02:	ce46                	sw	a7,28(sp)
    6f04:	cc1a                	sw	t1,24(sp)
    6f06:	074020ef          	jal	ra,8f7a <strncmp>
    6f0a:	4362                	lw	t1,24(sp)
    6f0c:	48f2                	lw	a7,28(sp)
    6f0e:	f94d                	bnez	a0,6ec0 <__gethex+0x278>
    6f10:	8c1a                	mv	s8,t1
    6f12:	b731                	j	6e1e <__gethex+0x1d6>
    6f14:	4a01                	li	s4,0
    6f16:	f774dde3          	bge	s1,s7,6e90 <__gethex+0x248>
    6f1a:	409b84b3          	sub	s1,s7,s1
    6f1e:	85ee                	mv	a1,s11
    6f20:	8626                	mv	a2,s1
    6f22:	8556                	mv	a0,s5
    6f24:	2b1000ef          	jal	ra,79d4 <__lshift>
    6f28:	8daa                	mv	s11,a0
    6f2a:	8c05                	sub	s0,s0,s1
    6f2c:	01450993          	addi	s3,a0,20
    6f30:	b785                	j	6e90 <__gethex+0x248>
    6f32:	00492703          	lw	a4,4(s2)
    6f36:	0ee45563          	bge	s0,a4,7020 <__gethex+0x3d8>
    6f3a:	40870433          	sub	s0,a4,s0
    6f3e:	07744563          	blt	s0,s7,6fa8 <__gethex+0x360>
    6f42:	00c92703          	lw	a4,12(s2)
    6f46:	4689                	li	a3,2
    6f48:	04d70a63          	beq	a4,a3,6f9c <__gethex+0x354>
    6f4c:	468d                	li	a3,3
    6f4e:	04d70a63          	beq	a4,a3,6fa2 <__gethex+0x35a>
    6f52:	4685                	li	a3,1
    6f54:	02d71b63          	bne	a4,a3,6f8a <__gethex+0x342>
    6f58:	028b9963          	bne	s7,s0,6f8a <__gethex+0x342>
    6f5c:	02eb9163          	bne	s7,a4,6f7e <__gethex+0x336>
    6f60:	00492703          	lw	a4,4(s2)
    6f64:	47b2                	lw	a5,12(sp)
    6f66:	06200493          	li	s1,98
    6f6a:	c398                	sw	a4,0(a5)
    6f6c:	4705                	li	a4,1
    6f6e:	4792                	lw	a5,4(sp)
    6f70:	00eda823          	sw	a4,16(s11)
    6f74:	00e9a023          	sw	a4,0(s3)
    6f78:	01b7a023          	sw	s11,0(a5)
    6f7c:	bd05                	j	6dac <__gethex+0x164>
    6f7e:	fffb8593          	addi	a1,s7,-1
    6f82:	856e                	mv	a0,s11
    6f84:	6bb000ef          	jal	ra,7e3e <__any_on>
    6f88:	fd61                	bnez	a0,6f60 <__gethex+0x318>
    6f8a:	85ee                	mv	a1,s11
    6f8c:	8556                	mv	a0,s5
    6f8e:	2be5                	jal	7586 <_Bfree>
    6f90:	4792                	lw	a5,4(sp)
    6f92:	05000493          	li	s1,80
    6f96:	0007a023          	sw	zero,0(a5)
    6f9a:	bd09                	j	6dac <__gethex+0x164>
    6f9c:	fe0b17e3          	bnez	s6,6f8a <__gethex+0x342>
    6fa0:	b7c1                	j	6f60 <__gethex+0x318>
    6fa2:	fa0b1fe3          	bnez	s6,6f60 <__gethex+0x318>
    6fa6:	b7d5                	j	6f8a <__gethex+0x342>
    6fa8:	fff40493          	addi	s1,s0,-1
    6fac:	060a1863          	bnez	s4,701c <__gethex+0x3d4>
    6fb0:	c491                	beqz	s1,6fbc <__gethex+0x374>
    6fb2:	85a6                	mv	a1,s1
    6fb4:	856e                	mv	a0,s11
    6fb6:	689000ef          	jal	ra,7e3e <__any_on>
    6fba:	8a2a                	mv	s4,a0
    6fbc:	4054d713          	srai	a4,s1,0x5
    6fc0:	070a                	slli	a4,a4,0x2
    6fc2:	974e                	add	a4,a4,s3
    6fc4:	4318                	lw	a4,0(a4)
    6fc6:	4585                	li	a1,1
    6fc8:	009595b3          	sll	a1,a1,s1
    6fcc:	8df9                	and	a1,a1,a4
    6fce:	c199                	beqz	a1,6fd4 <__gethex+0x38c>
    6fd0:	002a6a13          	ori	s4,s4,2
    6fd4:	85a2                	mv	a1,s0
    6fd6:	856e                	mv	a0,s11
    6fd8:	408b8bb3          	sub	s7,s7,s0
    6fdc:	bb7ff0ef          	jal	ra,6b92 <rshift>
    6fe0:	00492403          	lw	s0,4(s2)
    6fe4:	4489                	li	s1,2
    6fe6:	080a0b63          	beqz	s4,707c <__gethex+0x434>
    6fea:	00c92703          	lw	a4,12(s2)
    6fee:	4689                	li	a3,2
    6ff0:	02d70a63          	beq	a4,a3,7024 <__gethex+0x3dc>
    6ff4:	468d                	li	a3,3
    6ff6:	02d70a63          	beq	a4,a3,702a <__gethex+0x3e2>
    6ffa:	4685                	li	a3,1
    6ffc:	00d71d63          	bne	a4,a3,7016 <__gethex+0x3ce>
    7000:	002a7713          	andi	a4,s4,2
    7004:	cb09                	beqz	a4,7016 <__gethex+0x3ce>
    7006:	0009a703          	lw	a4,0(s3)
    700a:	00ea6a33          	or	s4,s4,a4
    700e:	001a7a13          	andi	s4,s4,1
    7012:	000a1e63          	bnez	s4,702e <__gethex+0x3e6>
    7016:	0104e493          	ori	s1,s1,16
    701a:	a08d                	j	707c <__gethex+0x434>
    701c:	4a05                	li	s4,1
    701e:	bf79                	j	6fbc <__gethex+0x374>
    7020:	4485                	li	s1,1
    7022:	b7d1                	j	6fe6 <__gethex+0x39e>
    7024:	4705                	li	a4,1
    7026:	41670b33          	sub	s6,a4,s6
    702a:	fe0b06e3          	beqz	s6,7016 <__gethex+0x3ce>
    702e:	010da983          	lw	s3,16(s11)
    7032:	014d8713          	addi	a4,s11,20
    7036:	55fd                	li	a1,-1
    7038:	00299a13          	slli	s4,s3,0x2
    703c:	01470633          	add	a2,a4,s4
    7040:	4314                	lw	a3,0(a4)
    7042:	04b68363          	beq	a3,a1,7088 <__gethex+0x440>
    7046:	0685                	addi	a3,a3,1
    7048:	c314                	sw	a3,0(a4)
    704a:	4689                	li	a3,2
    704c:	014d8713          	addi	a4,s11,20
    7050:	08d49363          	bne	s1,a3,70d6 <__gethex+0x48e>
    7054:	00092683          	lw	a3,0(s2)
    7058:	16fd                	addi	a3,a3,-1
    705a:	01769f63          	bne	a3,s7,7078 <__gethex+0x430>
    705e:	405bd693          	srai	a3,s7,0x5
    7062:	068a                	slli	a3,a3,0x2
    7064:	9736                	add	a4,a4,a3
    7066:	4318                	lw	a4,0(a4)
    7068:	4685                	li	a3,1
    706a:	01769bb3          	sll	s7,a3,s7
    706e:	00ebfbb3          	and	s7,s7,a4
    7072:	000b8363          	beqz	s7,7078 <__gethex+0x430>
    7076:	4485                	li	s1,1
    7078:	0204e493          	ori	s1,s1,32
    707c:	4792                	lw	a5,4(sp)
    707e:	01b7a023          	sw	s11,0(a5)
    7082:	47b2                	lw	a5,12(sp)
    7084:	c380                	sw	s0,0(a5)
    7086:	b31d                	j	6dac <__gethex+0x164>
    7088:	0711                	addi	a4,a4,4
    708a:	fe072e23          	sw	zero,-4(a4)
    708e:	fac769e3          	bltu	a4,a2,7040 <__gethex+0x3f8>
    7092:	008da703          	lw	a4,8(s11)
    7096:	02e9c463          	blt	s3,a4,70be <__gethex+0x476>
    709a:	004da583          	lw	a1,4(s11)
    709e:	8556                	mv	a0,s5
    70a0:	0585                	addi	a1,a1,1
    70a2:	29a1                	jal	74fa <_Balloc>
    70a4:	010da603          	lw	a2,16(s11)
    70a8:	00cd8593          	addi	a1,s11,12
    70ac:	8b2a                	mv	s6,a0
    70ae:	0609                	addi	a2,a2,2
    70b0:	060a                	slli	a2,a2,0x2
    70b2:	0531                	addi	a0,a0,12
    70b4:	2e51                	jal	7448 <memcpy>
    70b6:	85ee                	mv	a1,s11
    70b8:	8556                	mv	a0,s5
    70ba:	21f1                	jal	7586 <_Bfree>
    70bc:	8dda                	mv	s11,s6
    70be:	010da703          	lw	a4,16(s11)
    70c2:	00170693          	addi	a3,a4,1
    70c6:	0711                	addi	a4,a4,4
    70c8:	070a                	slli	a4,a4,0x2
    70ca:	00dda823          	sw	a3,16(s11)
    70ce:	976e                	add	a4,a4,s11
    70d0:	4685                	li	a3,1
    70d2:	c354                	sw	a3,4(a4)
    70d4:	bf9d                	j	704a <__gethex+0x402>
    70d6:	010da683          	lw	a3,16(s11)
    70da:	00d9dc63          	bge	s3,a3,70f2 <__gethex+0x4aa>
    70de:	4585                	li	a1,1
    70e0:	856e                	mv	a0,s11
    70e2:	ab1ff0ef          	jal	ra,6b92 <rshift>
    70e6:	00892703          	lw	a4,8(s2)
    70ea:	0405                	addi	s0,s0,1
    70ec:	f88755e3          	bge	a4,s0,7076 <__gethex+0x42e>
    70f0:	b365                	j	6e98 <__gethex+0x250>
    70f2:	01fbfb93          	andi	s7,s7,31
    70f6:	4485                	li	s1,1
    70f8:	f80b80e3          	beqz	s7,7078 <__gethex+0x430>
    70fc:	9752                	add	a4,a4,s4
    70fe:	ffc72503          	lw	a0,-4(a4)
    7102:	2511                	jal	7706 <__hi0bits>
    7104:	02000713          	li	a4,32
    7108:	41770bb3          	sub	s7,a4,s7
    710c:	fd7549e3          	blt	a0,s7,70de <__gethex+0x496>
    7110:	b7a5                	j	7078 <__gethex+0x430>

00007112 <L_shift>:
    7112:	47a1                	li	a5,8
    7114:	40c78633          	sub	a2,a5,a2
    7118:	060a                	slli	a2,a2,0x2
    711a:	02000693          	li	a3,32
    711e:	8e91                	sub	a3,a3,a2
    7120:	415c                	lw	a5,4(a0)
    7122:	4118                	lw	a4,0(a0)
    7124:	0511                	addi	a0,a0,4
    7126:	00d79833          	sll	a6,a5,a3
    712a:	01076733          	or	a4,a4,a6
    712e:	00c7d7b3          	srl	a5,a5,a2
    7132:	fee52e23          	sw	a4,-4(a0)
    7136:	c11c                	sw	a5,0(a0)
    7138:	feb564e3          	bltu	a0,a1,7120 <L_shift+0xe>
    713c:	8082                	ret

0000713e <__match>:
    713e:	411c                	lw	a5,0(a0)
    7140:	4865                	li	a6,25
    7142:	0585                	addi	a1,a1,1
    7144:	fff5c603          	lbu	a2,-1(a1)
    7148:	0785                	addi	a5,a5,1
    714a:	e601                	bnez	a2,7152 <__match+0x14>
    714c:	c11c                	sw	a5,0(a0)
    714e:	4505                	li	a0,1
    7150:	8082                	ret
    7152:	2398                	lbu	a4,0(a5)
    7154:	fbf70693          	addi	a3,a4,-65
    7158:	0ff6f693          	andi	a3,a3,255
    715c:	00d86463          	bltu	a6,a3,7164 <__match+0x26>
    7160:	02070713          	addi	a4,a4,32
    7164:	fcc70fe3          	beq	a4,a2,7142 <__match+0x4>
    7168:	4501                	li	a0,0
    716a:	8082                	ret

0000716c <__hexnan>:
    716c:	715d                	addi	sp,sp,-80
    716e:	dc52                	sw	s4,56(sp)
    7170:	0005aa03          	lw	s4,0(a1)
    7174:	c2a6                	sw	s1,68(sp)
    7176:	de4e                	sw	s3,60(sp)
    7178:	405a5493          	srai	s1,s4,0x5
    717c:	d85a                	sw	s6,48(sp)
    717e:	048a                	slli	s1,s1,0x2
    7180:	c686                	sw	ra,76(sp)
    7182:	c4a2                	sw	s0,72(sp)
    7184:	c0ca                	sw	s2,64(sp)
    7186:	da56                	sw	s5,52(sp)
    7188:	d65e                	sw	s7,44(sp)
    718a:	d462                	sw	s8,40(sp)
    718c:	d266                	sw	s9,36(sp)
    718e:	d06a                	sw	s10,32(sp)
    7190:	ce6e                	sw	s11,28(sp)
    7192:	01fa7a13          	andi	s4,s4,31
    7196:	8b2a                	mv	s6,a0
    7198:	89b2                	mv	s3,a2
    719a:	94b2                	add	s1,s1,a2
    719c:	000a0363          	beqz	s4,71a2 <__hexnan+0x36>
    71a0:	0491                	addi	s1,s1,4
    71a2:	000b2783          	lw	a5,0(s6)
    71a6:	ffc48913          	addi	s2,s1,-4
    71aa:	fe04ae23          	sw	zero,-4(s1)
    71ae:	8dca                	mv	s11,s2
    71b0:	844a                	mv	s0,s2
    71b2:	4601                	li	a2,0
    71b4:	4a81                	li	s5,0
    71b6:	4b81                	li	s7,0
    71b8:	4c21                	li	s8,8
    71ba:	02000c93          	li	s9,32
    71be:	4d1d                	li	s10,7
    71c0:	3394                	lbu	a3,1(a5)
    71c2:	00178713          	addi	a4,a5,1
    71c6:	c03a                	sw	a4,0(sp)
    71c8:	cab1                	beqz	a3,721c <__hexnan+0xb0>
    71ca:	8536                	mv	a0,a3
    71cc:	c632                	sw	a2,12(sp)
    71ce:	c43e                	sw	a5,8(sp)
    71d0:	c236                	sw	a3,4(sp)
    71d2:	a37ff0ef          	jal	ra,6c08 <__hexdig_fun>
    71d6:	4632                	lw	a2,12(sp)
    71d8:	e559                	bnez	a0,7266 <__hexnan+0xfa>
    71da:	4692                	lw	a3,4(sp)
    71dc:	47a2                	lw	a5,8(sp)
    71de:	02dce863          	bltu	s9,a3,720e <__hexnan+0xa2>
    71e2:	037ad463          	bge	s5,s7,720a <__hexnan+0x9e>
    71e6:	01b47863          	bgeu	s0,s11,71f6 <__hexnan+0x8a>
    71ea:	00cd4663          	blt	s10,a2,71f6 <__hexnan+0x8a>
    71ee:	85ee                	mv	a1,s11
    71f0:	8522                	mv	a0,s0
    71f2:	f21ff0ef          	jal	ra,7112 <L_shift>
    71f6:	4621                	li	a2,8
    71f8:	0089f963          	bgeu	s3,s0,720a <__hexnan+0x9e>
    71fc:	ffc40d93          	addi	s11,s0,-4
    7200:	fe042e23          	sw	zero,-4(s0)
    7204:	8ade                	mv	s5,s7
    7206:	846e                	mv	s0,s11
    7208:	4601                	li	a2,0
    720a:	4782                	lw	a5,0(sp)
    720c:	bf55                	j	71c0 <__hexnan+0x54>
    720e:	02900593          	li	a1,41
    7212:	08b69c63          	bne	a3,a1,72aa <__hexnan+0x13e>
    7216:	0789                	addi	a5,a5,2
    7218:	00fb2023          	sw	a5,0(s6)
    721c:	080b8763          	beqz	s7,72aa <__hexnan+0x13e>
    7220:	01b47963          	bgeu	s0,s11,7232 <__hexnan+0xc6>
    7224:	479d                	li	a5,7
    7226:	00c7c663          	blt	a5,a2,7232 <__hexnan+0xc6>
    722a:	85ee                	mv	a1,s11
    722c:	8522                	mv	a0,s0
    722e:	ee5ff0ef          	jal	ra,7112 <L_shift>
    7232:	0489fa63          	bgeu	s3,s0,7286 <__hexnan+0x11a>
    7236:	87ce                	mv	a5,s3
    7238:	0411                	addi	s0,s0,4
    723a:	ffc42703          	lw	a4,-4(s0)
    723e:	0791                	addi	a5,a5,4
    7240:	fee7ae23          	sw	a4,-4(a5)
    7244:	fe897ae3          	bgeu	s2,s0,7238 <__hexnan+0xcc>
    7248:	0791                	addi	a5,a5,4
    724a:	fe07ae23          	sw	zero,-4(a5)
    724e:	fef97de3          	bgeu	s2,a5,7248 <__hexnan+0xdc>
    7252:	00092783          	lw	a5,0(s2)
    7256:	e791                	bnez	a5,7262 <__hexnan+0xf6>
    7258:	05391763          	bne	s2,s3,72a6 <__hexnan+0x13a>
    725c:	4785                	li	a5,1
    725e:	00f92023          	sw	a5,0(s2)
    7262:	4515                	li	a0,5
    7264:	a0a1                	j	72ac <__hexnan+0x140>
    7266:	0605                	addi	a2,a2,1
    7268:	0b85                	addi	s7,s7,1
    726a:	00cc5863          	bge	s8,a2,727a <__hexnan+0x10e>
    726e:	f889fee3          	bgeu	s3,s0,720a <__hexnan+0x9e>
    7272:	fe042e23          	sw	zero,-4(s0)
    7276:	4605                	li	a2,1
    7278:	1471                	addi	s0,s0,-4
    727a:	401c                	lw	a5,0(s0)
    727c:	893d                	andi	a0,a0,15
    727e:	0792                	slli	a5,a5,0x4
    7280:	8fc9                	or	a5,a5,a0
    7282:	c01c                	sw	a5,0(s0)
    7284:	b759                	j	720a <__hexnan+0x9e>
    7286:	fc0a06e3          	beqz	s4,7252 <__hexnan+0xe6>
    728a:	02000793          	li	a5,32
    728e:	414787b3          	sub	a5,a5,s4
    7292:	5a7d                	li	s4,-1
    7294:	00fa57b3          	srl	a5,s4,a5
    7298:	ffc4aa03          	lw	s4,-4(s1)
    729c:	00fa7a33          	and	s4,s4,a5
    72a0:	ff44ae23          	sw	s4,-4(s1)
    72a4:	b77d                	j	7252 <__hexnan+0xe6>
    72a6:	1971                	addi	s2,s2,-4
    72a8:	b76d                	j	7252 <__hexnan+0xe6>
    72aa:	4511                	li	a0,4
    72ac:	40b6                	lw	ra,76(sp)
    72ae:	4426                	lw	s0,72(sp)
    72b0:	4496                	lw	s1,68(sp)
    72b2:	4906                	lw	s2,64(sp)
    72b4:	59f2                	lw	s3,60(sp)
    72b6:	5a62                	lw	s4,56(sp)
    72b8:	5ad2                	lw	s5,52(sp)
    72ba:	5b42                	lw	s6,48(sp)
    72bc:	5bb2                	lw	s7,44(sp)
    72be:	5c22                	lw	s8,40(sp)
    72c0:	5c92                	lw	s9,36(sp)
    72c2:	5d02                	lw	s10,32(sp)
    72c4:	4df2                	lw	s11,28(sp)
    72c6:	6161                	addi	sp,sp,80
    72c8:	8082                	ret

000072ca <__locale_ctype_ptr_l>:
    72ca:	0ec52503          	lw	a0,236(a0)
    72ce:	8082                	ret

000072d0 <__locale_ctype_ptr>:
    72d0:	81418793          	addi	a5,gp,-2028 # 20000204 <_impure_ptr>
    72d4:	439c                	lw	a5,0(a5)
    72d6:	539c                	lw	a5,32(a5)
    72d8:	e789                	bnez	a5,72e2 <__locale_ctype_ptr+0x12>
    72da:	1fff9797          	auipc	a5,0x1fff9
    72de:	da678793          	addi	a5,a5,-602 # 20000080 <__global_locale>
    72e2:	0ec7a503          	lw	a0,236(a5)
    72e6:	8082                	ret

000072e8 <__localeconv_l>:
    72e8:	0f050513          	addi	a0,a0,240
    72ec:	8082                	ret

000072ee <_localeconv_r>:
    72ee:	81418793          	addi	a5,gp,-2028 # 20000204 <_impure_ptr>
    72f2:	439c                	lw	a5,0(a5)
    72f4:	5388                	lw	a0,32(a5)
    72f6:	e509                	bnez	a0,7300 <_localeconv_r+0x12>
    72f8:	1fff9517          	auipc	a0,0x1fff9
    72fc:	d8850513          	addi	a0,a0,-632 # 20000080 <__global_locale>
    7300:	0f050513          	addi	a0,a0,240
    7304:	8082                	ret

00007306 <__swhatbuf_r>:
    7306:	7119                	addi	sp,sp,-128
    7308:	daa6                	sw	s1,116(sp)
    730a:	84ae                	mv	s1,a1
    730c:	00e59583          	lh	a1,14(a1)
    7310:	dca2                	sw	s0,120(sp)
    7312:	de86                	sw	ra,124(sp)
    7314:	8432                	mv	s0,a2
    7316:	0005db63          	bgez	a1,732c <__swhatbuf_r+0x26>
    731a:	24de                	lhu	a5,12(s1)
    731c:	0006a023          	sw	zero,0(a3)
    7320:	0807f793          	andi	a5,a5,128
    7324:	e785                	bnez	a5,734c <__swhatbuf_r+0x46>
    7326:	40000793          	li	a5,1024
    732a:	a01d                	j	7350 <__swhatbuf_r+0x4a>
    732c:	0830                	addi	a2,sp,24
    732e:	c636                	sw	a3,12(sp)
    7330:	6b3010ef          	jal	ra,91e2 <_fstat_r>
    7334:	46b2                	lw	a3,12(sp)
    7336:	fe0542e3          	bltz	a0,731a <__swhatbuf_r+0x14>
    733a:	4772                	lw	a4,28(sp)
    733c:	67bd                	lui	a5,0xf
    733e:	8ff9                	and	a5,a5,a4
    7340:	7779                	lui	a4,0xffffe
    7342:	97ba                	add	a5,a5,a4
    7344:	0017b793          	seqz	a5,a5
    7348:	c29c                	sw	a5,0(a3)
    734a:	bff1                	j	7326 <__swhatbuf_r+0x20>
    734c:	04000793          	li	a5,64
    7350:	c01c                	sw	a5,0(s0)
    7352:	50f6                	lw	ra,124(sp)
    7354:	5466                	lw	s0,120(sp)
    7356:	54d6                	lw	s1,116(sp)
    7358:	4501                	li	a0,0
    735a:	6109                	addi	sp,sp,128
    735c:	8082                	ret

0000735e <__smakebuf_r>:
    735e:	25de                	lhu	a5,12(a1)
    7360:	1101                	addi	sp,sp,-32
    7362:	cc22                	sw	s0,24(sp)
    7364:	ce06                	sw	ra,28(sp)
    7366:	ca26                	sw	s1,20(sp)
    7368:	c84a                	sw	s2,16(sp)
    736a:	8b89                	andi	a5,a5,2
    736c:	842e                	mv	s0,a1
    736e:	cf89                	beqz	a5,7388 <__smakebuf_r+0x2a>
    7370:	04740793          	addi	a5,s0,71
    7374:	c01c                	sw	a5,0(s0)
    7376:	c81c                	sw	a5,16(s0)
    7378:	4785                	li	a5,1
    737a:	c85c                	sw	a5,20(s0)
    737c:	40f2                	lw	ra,28(sp)
    737e:	4462                	lw	s0,24(sp)
    7380:	44d2                	lw	s1,20(sp)
    7382:	4942                	lw	s2,16(sp)
    7384:	6105                	addi	sp,sp,32
    7386:	8082                	ret
    7388:	0074                	addi	a3,sp,12
    738a:	0030                	addi	a2,sp,8
    738c:	84aa                	mv	s1,a0
    738e:	f79ff0ef          	jal	ra,7306 <__swhatbuf_r>
    7392:	45a2                	lw	a1,8(sp)
    7394:	892a                	mv	s2,a0
    7396:	8526                	mv	a0,s1
    7398:	3bb000ef          	jal	ra,7f52 <_malloc_r>
    739c:	e919                	bnez	a0,73b2 <__smakebuf_r+0x54>
    739e:	00c41783          	lh	a5,12(s0)
    73a2:	2007f713          	andi	a4,a5,512
    73a6:	fb79                	bnez	a4,737c <__smakebuf_r+0x1e>
    73a8:	9bf1                	andi	a5,a5,-4
    73aa:	0027e793          	ori	a5,a5,2
    73ae:	a45e                	sh	a5,12(s0)
    73b0:	b7c1                	j	7370 <__smakebuf_r+0x12>
    73b2:	fffff797          	auipc	a5,0xfffff
    73b6:	61878793          	addi	a5,a5,1560 # 69ca <_cleanup_r>
    73ba:	d49c                	sw	a5,40(s1)
    73bc:	245e                	lhu	a5,12(s0)
    73be:	c008                	sw	a0,0(s0)
    73c0:	c808                	sw	a0,16(s0)
    73c2:	0807e793          	ori	a5,a5,128
    73c6:	a45e                	sh	a5,12(s0)
    73c8:	47a2                	lw	a5,8(sp)
    73ca:	c85c                	sw	a5,20(s0)
    73cc:	47b2                	lw	a5,12(sp)
    73ce:	cf81                	beqz	a5,73e6 <__smakebuf_r+0x88>
    73d0:	00e41583          	lh	a1,14(s0)
    73d4:	8526                	mv	a0,s1
    73d6:	639010ef          	jal	ra,920e <_isatty_r>
    73da:	c511                	beqz	a0,73e6 <__smakebuf_r+0x88>
    73dc:	245e                	lhu	a5,12(s0)
    73de:	9bf1                	andi	a5,a5,-4
    73e0:	0017e793          	ori	a5,a5,1
    73e4:	a45e                	sh	a5,12(s0)
    73e6:	245e                	lhu	a5,12(s0)
    73e8:	00f96933          	or	s2,s2,a5
    73ec:	01241623          	sh	s2,12(s0)
    73f0:	b771                	j	737c <__smakebuf_r+0x1e>

000073f2 <malloc>:
    73f2:	81418793          	addi	a5,gp,-2028 # 20000204 <_impure_ptr>
    73f6:	85aa                	mv	a1,a0
    73f8:	4388                	lw	a0,0(a5)
    73fa:	3590006f          	j	7f52 <_malloc_r>

000073fe <__ascii_mbtowc>:
    73fe:	ed91                	bnez	a1,741a <__ascii_mbtowc+0x1c>
    7400:	1141                	addi	sp,sp,-16
    7402:	006c                	addi	a1,sp,12
    7404:	4501                	li	a0,0
    7406:	ca01                	beqz	a2,7416 <__ascii_mbtowc+0x18>
    7408:	5579                	li	a0,-2
    740a:	c691                	beqz	a3,7416 <__ascii_mbtowc+0x18>
    740c:	221c                	lbu	a5,0(a2)
    740e:	c19c                	sw	a5,0(a1)
    7410:	2208                	lbu	a0,0(a2)
    7412:	00a03533          	snez	a0,a0
    7416:	0141                	addi	sp,sp,16
    7418:	8082                	ret
    741a:	4501                	li	a0,0
    741c:	ca09                	beqz	a2,742e <__ascii_mbtowc+0x30>
    741e:	5579                	li	a0,-2
    7420:	c699                	beqz	a3,742e <__ascii_mbtowc+0x30>
    7422:	221c                	lbu	a5,0(a2)
    7424:	c19c                	sw	a5,0(a1)
    7426:	2208                	lbu	a0,0(a2)
    7428:	00a03533          	snez	a0,a0
    742c:	8082                	ret
    742e:	8082                	ret

00007430 <memchr>:
    7430:	0ff5f593          	andi	a1,a1,255
    7434:	962a                	add	a2,a2,a0
    7436:	00c51463          	bne	a0,a2,743e <memchr+0xe>
    743a:	4501                	li	a0,0
    743c:	8082                	ret
    743e:	211c                	lbu	a5,0(a0)
    7440:	feb78ee3          	beq	a5,a1,743c <memchr+0xc>
    7444:	0505                	addi	a0,a0,1
    7446:	bfc5                	j	7436 <memchr+0x6>

00007448 <memcpy>:
    7448:	00a5c7b3          	xor	a5,a1,a0
    744c:	8b8d                	andi	a5,a5,3
    744e:	00c50733          	add	a4,a0,a2
    7452:	e781                	bnez	a5,745a <memcpy+0x12>
    7454:	478d                	li	a5,3
    7456:	00c7ed63          	bltu	a5,a2,7470 <memcpy+0x28>
    745a:	87aa                	mv	a5,a0
    745c:	08e57e63          	bgeu	a0,a4,74f8 <memcpy+0xb0>
    7460:	2194                	lbu	a3,0(a1)
    7462:	0785                	addi	a5,a5,1
    7464:	0585                	addi	a1,a1,1
    7466:	fed78fa3          	sb	a3,-1(a5)
    746a:	fee7ebe3          	bltu	a5,a4,7460 <memcpy+0x18>
    746e:	8082                	ret
    7470:	00357693          	andi	a3,a0,3
    7474:	87aa                	mv	a5,a0
    7476:	ca89                	beqz	a3,7488 <memcpy+0x40>
    7478:	2194                	lbu	a3,0(a1)
    747a:	0785                	addi	a5,a5,1
    747c:	0585                	addi	a1,a1,1
    747e:	fed78fa3          	sb	a3,-1(a5)
    7482:	0037f693          	andi	a3,a5,3
    7486:	bfc5                	j	7476 <memcpy+0x2e>
    7488:	ffc77693          	andi	a3,a4,-4
    748c:	fe068613          	addi	a2,a3,-32
    7490:	06c7f063          	bgeu	a5,a2,74f0 <memcpy+0xa8>
    7494:	0005a383          	lw	t2,0(a1)
    7498:	0045a283          	lw	t0,4(a1)
    749c:	0085af83          	lw	t6,8(a1)
    74a0:	00c5af03          	lw	t5,12(a1)
    74a4:	0105ae83          	lw	t4,16(a1)
    74a8:	0145ae03          	lw	t3,20(a1)
    74ac:	0185a303          	lw	t1,24(a1)
    74b0:	01c5a883          	lw	a7,28(a1)
    74b4:	02458593          	addi	a1,a1,36
    74b8:	0077a023          	sw	t2,0(a5)
    74bc:	ffc5a803          	lw	a6,-4(a1)
    74c0:	0057a223          	sw	t0,4(a5)
    74c4:	01f7a423          	sw	t6,8(a5)
    74c8:	01e7a623          	sw	t5,12(a5)
    74cc:	01d7a823          	sw	t4,16(a5)
    74d0:	01c7aa23          	sw	t3,20(a5)
    74d4:	0067ac23          	sw	t1,24(a5)
    74d8:	0117ae23          	sw	a7,28(a5)
    74dc:	02478793          	addi	a5,a5,36
    74e0:	ff07ae23          	sw	a6,-4(a5)
    74e4:	b775                	j	7490 <memcpy+0x48>
    74e6:	4190                	lw	a2,0(a1)
    74e8:	0791                	addi	a5,a5,4
    74ea:	0591                	addi	a1,a1,4
    74ec:	fec7ae23          	sw	a2,-4(a5)
    74f0:	fed7ebe3          	bltu	a5,a3,74e6 <memcpy+0x9e>
    74f4:	f6e7e6e3          	bltu	a5,a4,7460 <memcpy+0x18>
    74f8:	8082                	ret

000074fa <_Balloc>:
    74fa:	515c                	lw	a5,36(a0)
    74fc:	1141                	addi	sp,sp,-16
    74fe:	c422                	sw	s0,8(sp)
    7500:	c04a                	sw	s2,0(sp)
    7502:	c606                	sw	ra,12(sp)
    7504:	c226                	sw	s1,4(sp)
    7506:	842a                	mv	s0,a0
    7508:	892e                	mv	s2,a1
    750a:	ef89                	bnez	a5,7524 <_Balloc+0x2a>
    750c:	4541                	li	a0,16
    750e:	ee5ff0ef          	jal	ra,73f2 <malloc>
    7512:	d048                	sw	a0,36(s0)
    7514:	00052223          	sw	zero,4(a0)
    7518:	00052423          	sw	zero,8(a0)
    751c:	00052023          	sw	zero,0(a0)
    7520:	00052623          	sw	zero,12(a0)
    7524:	5044                	lw	s1,36(s0)
    7526:	44dc                	lw	a5,12(s1)
    7528:	c79d                	beqz	a5,7556 <_Balloc+0x5c>
    752a:	5058                	lw	a4,36(s0)
    752c:	00291793          	slli	a5,s2,0x2
    7530:	4758                	lw	a4,12(a4)
    7532:	97ba                	add	a5,a5,a4
    7534:	4388                	lw	a0,0(a5)
    7536:	e129                	bnez	a0,7578 <_Balloc+0x7e>
    7538:	4485                	li	s1,1
    753a:	012494b3          	sll	s1,s1,s2
    753e:	00548613          	addi	a2,s1,5
    7542:	060a                	slli	a2,a2,0x2
    7544:	4585                	li	a1,1
    7546:	8522                	mv	a0,s0
    7548:	13d000ef          	jal	ra,7e84 <_calloc_r>
    754c:	cd19                	beqz	a0,756a <_Balloc+0x70>
    754e:	01252223          	sw	s2,4(a0)
    7552:	c504                	sw	s1,8(a0)
    7554:	a025                	j	757c <_Balloc+0x82>
    7556:	02100613          	li	a2,33
    755a:	4591                	li	a1,4
    755c:	8522                	mv	a0,s0
    755e:	127000ef          	jal	ra,7e84 <_calloc_r>
    7562:	505c                	lw	a5,36(s0)
    7564:	c4c8                	sw	a0,12(s1)
    7566:	47dc                	lw	a5,12(a5)
    7568:	f3e9                	bnez	a5,752a <_Balloc+0x30>
    756a:	4501                	li	a0,0
    756c:	40b2                	lw	ra,12(sp)
    756e:	4422                	lw	s0,8(sp)
    7570:	4492                	lw	s1,4(sp)
    7572:	4902                	lw	s2,0(sp)
    7574:	0141                	addi	sp,sp,16
    7576:	8082                	ret
    7578:	4118                	lw	a4,0(a0)
    757a:	c398                	sw	a4,0(a5)
    757c:	00052823          	sw	zero,16(a0)
    7580:	00052623          	sw	zero,12(a0)
    7584:	b7e5                	j	756c <_Balloc+0x72>

00007586 <_Bfree>:
    7586:	515c                	lw	a5,36(a0)
    7588:	1101                	addi	sp,sp,-32
    758a:	cc22                	sw	s0,24(sp)
    758c:	ce06                	sw	ra,28(sp)
    758e:	842a                	mv	s0,a0
    7590:	ef99                	bnez	a5,75ae <_Bfree+0x28>
    7592:	4541                	li	a0,16
    7594:	c62e                	sw	a1,12(sp)
    7596:	e5dff0ef          	jal	ra,73f2 <malloc>
    759a:	45b2                	lw	a1,12(sp)
    759c:	d048                	sw	a0,36(s0)
    759e:	00052223          	sw	zero,4(a0)
    75a2:	00052423          	sw	zero,8(a0)
    75a6:	00052023          	sw	zero,0(a0)
    75aa:	00052623          	sw	zero,12(a0)
    75ae:	c991                	beqz	a1,75c2 <_Bfree+0x3c>
    75b0:	5054                	lw	a3,36(s0)
    75b2:	41dc                	lw	a5,4(a1)
    75b4:	00279713          	slli	a4,a5,0x2
    75b8:	46dc                	lw	a5,12(a3)
    75ba:	97ba                	add	a5,a5,a4
    75bc:	4398                	lw	a4,0(a5)
    75be:	c198                	sw	a4,0(a1)
    75c0:	c38c                	sw	a1,0(a5)
    75c2:	40f2                	lw	ra,28(sp)
    75c4:	4462                	lw	s0,24(sp)
    75c6:	6105                	addi	sp,sp,32
    75c8:	8082                	ret

000075ca <__multadd>:
    75ca:	7179                	addi	sp,sp,-48
    75cc:	ce4e                	sw	s3,28(sp)
    75ce:	89aa                	mv	s3,a0
    75d0:	6541                	lui	a0,0x10
    75d2:	d422                	sw	s0,40(sp)
    75d4:	d226                	sw	s1,36(sp)
    75d6:	842e                	mv	s0,a1
    75d8:	4984                	lw	s1,16(a1)
    75da:	d606                	sw	ra,44(sp)
    75dc:	d04a                	sw	s2,32(sp)
    75de:	05d1                	addi	a1,a1,20
    75e0:	4801                	li	a6,0
    75e2:	157d                	addi	a0,a0,-1
    75e4:	419c                	lw	a5,0(a1)
    75e6:	0591                	addi	a1,a1,4
    75e8:	0805                	addi	a6,a6,1
    75ea:	00a7f733          	and	a4,a5,a0
    75ee:	02c70733          	mul	a4,a4,a2
    75f2:	83c1                	srli	a5,a5,0x10
    75f4:	02c787b3          	mul	a5,a5,a2
    75f8:	9736                	add	a4,a4,a3
    75fa:	01075693          	srli	a3,a4,0x10
    75fe:	8f69                	and	a4,a4,a0
    7600:	97b6                	add	a5,a5,a3
    7602:	0107d693          	srli	a3,a5,0x10
    7606:	07c2                	slli	a5,a5,0x10
    7608:	97ba                	add	a5,a5,a4
    760a:	fef5ae23          	sw	a5,-4(a1)
    760e:	fc984be3          	blt	a6,s1,75e4 <__multadd+0x1a>
    7612:	c2a1                	beqz	a3,7652 <__multadd+0x88>
    7614:	441c                	lw	a5,8(s0)
    7616:	02f4c763          	blt	s1,a5,7644 <__multadd+0x7a>
    761a:	404c                	lw	a1,4(s0)
    761c:	854e                	mv	a0,s3
    761e:	c636                	sw	a3,12(sp)
    7620:	0585                	addi	a1,a1,1
    7622:	ed9ff0ef          	jal	ra,74fa <_Balloc>
    7626:	4810                	lw	a2,16(s0)
    7628:	00c40593          	addi	a1,s0,12
    762c:	892a                	mv	s2,a0
    762e:	0609                	addi	a2,a2,2
    7630:	060a                	slli	a2,a2,0x2
    7632:	0531                	addi	a0,a0,12
    7634:	e15ff0ef          	jal	ra,7448 <memcpy>
    7638:	85a2                	mv	a1,s0
    763a:	854e                	mv	a0,s3
    763c:	f4bff0ef          	jal	ra,7586 <_Bfree>
    7640:	46b2                	lw	a3,12(sp)
    7642:	844a                	mv	s0,s2
    7644:	00448793          	addi	a5,s1,4
    7648:	078a                	slli	a5,a5,0x2
    764a:	97a2                	add	a5,a5,s0
    764c:	c3d4                	sw	a3,4(a5)
    764e:	0485                	addi	s1,s1,1
    7650:	c804                	sw	s1,16(s0)
    7652:	8522                	mv	a0,s0
    7654:	50b2                	lw	ra,44(sp)
    7656:	5422                	lw	s0,40(sp)
    7658:	5492                	lw	s1,36(sp)
    765a:	5902                	lw	s2,32(sp)
    765c:	49f2                	lw	s3,28(sp)
    765e:	6145                	addi	sp,sp,48
    7660:	8082                	ret

00007662 <__s2b>:
    7662:	7179                	addi	sp,sp,-48
    7664:	00868793          	addi	a5,a3,8
    7668:	cc52                	sw	s4,24(sp)
    766a:	8a36                	mv	s4,a3
    766c:	46a5                	li	a3,9
    766e:	d422                	sw	s0,40(sp)
    7670:	d226                	sw	s1,36(sp)
    7672:	ce4e                	sw	s3,28(sp)
    7674:	842e                	mv	s0,a1
    7676:	02d7c7b3          	div	a5,a5,a3
    767a:	d606                	sw	ra,44(sp)
    767c:	d04a                	sw	s2,32(sp)
    767e:	ca56                	sw	s5,20(sp)
    7680:	89aa                	mv	s3,a0
    7682:	84b2                	mv	s1,a2
    7684:	4685                	li	a3,1
    7686:	4581                	li	a1,0
    7688:	04f6cc63          	blt	a3,a5,76e0 <__s2b+0x7e>
    768c:	854e                	mv	a0,s3
    768e:	c63a                	sw	a4,12(sp)
    7690:	e6bff0ef          	jal	ra,74fa <_Balloc>
    7694:	4732                	lw	a4,12(sp)
    7696:	4785                	li	a5,1
    7698:	c91c                	sw	a5,16(a0)
    769a:	c958                	sw	a4,20(a0)
    769c:	47a5                	li	a5,9
    769e:	0497d463          	bge	a5,s1,76e6 <__s2b+0x84>
    76a2:	00940a93          	addi	s5,s0,9
    76a6:	8956                	mv	s2,s5
    76a8:	9426                	add	s0,s0,s1
    76aa:	0905                	addi	s2,s2,1
    76ac:	fff94683          	lbu	a3,-1(s2)
    76b0:	85aa                	mv	a1,a0
    76b2:	4629                	li	a2,10
    76b4:	fd068693          	addi	a3,a3,-48
    76b8:	854e                	mv	a0,s3
    76ba:	f11ff0ef          	jal	ra,75ca <__multadd>
    76be:	fe8916e3          	bne	s2,s0,76aa <__s2b+0x48>
    76c2:	ff848413          	addi	s0,s1,-8
    76c6:	9456                	add	s0,s0,s5
    76c8:	8926                	mv	s2,s1
    76ca:	03494163          	blt	s2,s4,76ec <__s2b+0x8a>
    76ce:	50b2                	lw	ra,44(sp)
    76d0:	5422                	lw	s0,40(sp)
    76d2:	5492                	lw	s1,36(sp)
    76d4:	5902                	lw	s2,32(sp)
    76d6:	49f2                	lw	s3,28(sp)
    76d8:	4a62                	lw	s4,24(sp)
    76da:	4ad2                	lw	s5,20(sp)
    76dc:	6145                	addi	sp,sp,48
    76de:	8082                	ret
    76e0:	0686                	slli	a3,a3,0x1
    76e2:	0585                	addi	a1,a1,1
    76e4:	b755                	j	7688 <__s2b+0x26>
    76e6:	0429                	addi	s0,s0,10
    76e8:	44a5                	li	s1,9
    76ea:	bff9                	j	76c8 <__s2b+0x66>
    76ec:	409907b3          	sub	a5,s2,s1
    76f0:	97a2                	add	a5,a5,s0
    76f2:	2394                	lbu	a3,0(a5)
    76f4:	85aa                	mv	a1,a0
    76f6:	4629                	li	a2,10
    76f8:	fd068693          	addi	a3,a3,-48
    76fc:	854e                	mv	a0,s3
    76fe:	ecdff0ef          	jal	ra,75ca <__multadd>
    7702:	0905                	addi	s2,s2,1
    7704:	b7d9                	j	76ca <__s2b+0x68>

00007706 <__hi0bits>:
    7706:	7741                	lui	a4,0xffff0
    7708:	8f69                	and	a4,a4,a0
    770a:	87aa                	mv	a5,a0
    770c:	4501                	li	a0,0
    770e:	e319                	bnez	a4,7714 <__hi0bits+0xe>
    7710:	07c2                	slli	a5,a5,0x10
    7712:	4541                	li	a0,16
    7714:	ff000737          	lui	a4,0xff000
    7718:	8f7d                	and	a4,a4,a5
    771a:	e319                	bnez	a4,7720 <__hi0bits+0x1a>
    771c:	0521                	addi	a0,a0,8
    771e:	07a2                	slli	a5,a5,0x8
    7720:	f0000737          	lui	a4,0xf0000
    7724:	8f7d                	and	a4,a4,a5
    7726:	e319                	bnez	a4,772c <__hi0bits+0x26>
    7728:	0511                	addi	a0,a0,4
    772a:	0792                	slli	a5,a5,0x4
    772c:	c0000737          	lui	a4,0xc0000
    7730:	8f7d                	and	a4,a4,a5
    7732:	e319                	bnez	a4,7738 <__hi0bits+0x32>
    7734:	0509                	addi	a0,a0,2
    7736:	078a                	slli	a5,a5,0x2
    7738:	0007c963          	bltz	a5,774a <__hi0bits+0x44>
    773c:	00179713          	slli	a4,a5,0x1
    7740:	0505                	addi	a0,a0,1
    7742:	00074463          	bltz	a4,774a <__hi0bits+0x44>
    7746:	02000513          	li	a0,32
    774a:	8082                	ret

0000774c <__lo0bits>:
    774c:	411c                	lw	a5,0(a0)
    774e:	0077f713          	andi	a4,a5,7
    7752:	c30d                	beqz	a4,7774 <__lo0bits+0x28>
    7754:	0017f693          	andi	a3,a5,1
    7758:	4701                	li	a4,0
    775a:	e699                	bnez	a3,7768 <__lo0bits+0x1c>
    775c:	0027f713          	andi	a4,a5,2
    7760:	c711                	beqz	a4,776c <__lo0bits+0x20>
    7762:	8385                	srli	a5,a5,0x1
    7764:	c11c                	sw	a5,0(a0)
    7766:	4705                	li	a4,1
    7768:	853a                	mv	a0,a4
    776a:	8082                	ret
    776c:	8389                	srli	a5,a5,0x2
    776e:	c11c                	sw	a5,0(a0)
    7770:	4709                	li	a4,2
    7772:	bfdd                	j	7768 <__lo0bits+0x1c>
    7774:	01079693          	slli	a3,a5,0x10
    7778:	82c1                	srli	a3,a3,0x10
    777a:	4701                	li	a4,0
    777c:	e299                	bnez	a3,7782 <__lo0bits+0x36>
    777e:	83c1                	srli	a5,a5,0x10
    7780:	4741                	li	a4,16
    7782:	0ff7f693          	andi	a3,a5,255
    7786:	e299                	bnez	a3,778c <__lo0bits+0x40>
    7788:	0721                	addi	a4,a4,8
    778a:	83a1                	srli	a5,a5,0x8
    778c:	00f7f693          	andi	a3,a5,15
    7790:	e299                	bnez	a3,7796 <__lo0bits+0x4a>
    7792:	0711                	addi	a4,a4,4
    7794:	8391                	srli	a5,a5,0x4
    7796:	0037f693          	andi	a3,a5,3
    779a:	e299                	bnez	a3,77a0 <__lo0bits+0x54>
    779c:	0709                	addi	a4,a4,2
    779e:	8389                	srli	a5,a5,0x2
    77a0:	0017f693          	andi	a3,a5,1
    77a4:	e681                	bnez	a3,77ac <__lo0bits+0x60>
    77a6:	8385                	srli	a5,a5,0x1
    77a8:	0705                	addi	a4,a4,1
    77aa:	c399                	beqz	a5,77b0 <__lo0bits+0x64>
    77ac:	c11c                	sw	a5,0(a0)
    77ae:	bf6d                	j	7768 <__lo0bits+0x1c>
    77b0:	02000713          	li	a4,32
    77b4:	bf55                	j	7768 <__lo0bits+0x1c>

000077b6 <__i2b>:
    77b6:	1141                	addi	sp,sp,-16
    77b8:	c422                	sw	s0,8(sp)
    77ba:	842e                	mv	s0,a1
    77bc:	4585                	li	a1,1
    77be:	c606                	sw	ra,12(sp)
    77c0:	d3bff0ef          	jal	ra,74fa <_Balloc>
    77c4:	c940                	sw	s0,20(a0)
    77c6:	40b2                	lw	ra,12(sp)
    77c8:	4422                	lw	s0,8(sp)
    77ca:	4705                	li	a4,1
    77cc:	c918                	sw	a4,16(a0)
    77ce:	0141                	addi	sp,sp,16
    77d0:	8082                	ret

000077d2 <__multiply>:
    77d2:	4998                	lw	a4,16(a1)
    77d4:	4a1c                	lw	a5,16(a2)
    77d6:	7179                	addi	sp,sp,-48
    77d8:	d226                	sw	s1,36(sp)
    77da:	d606                	sw	ra,44(sp)
    77dc:	d422                	sw	s0,40(sp)
    77de:	d04a                	sw	s2,32(sp)
    77e0:	ce4e                	sw	s3,28(sp)
    77e2:	84ae                	mv	s1,a1
    77e4:	00f75463          	bge	a4,a5,77ec <__multiply+0x1a>
    77e8:	84b2                	mv	s1,a2
    77ea:	862e                	mv	a2,a1
    77ec:	0104a983          	lw	s3,16(s1)
    77f0:	01062903          	lw	s2,16(a2) # 10010 <_data_lma+0x4dfc>
    77f4:	449c                	lw	a5,8(s1)
    77f6:	40cc                	lw	a1,4(s1)
    77f8:	01298433          	add	s0,s3,s2
    77fc:	0087d363          	bge	a5,s0,7802 <__multiply+0x30>
    7800:	0585                	addi	a1,a1,1
    7802:	c632                	sw	a2,12(sp)
    7804:	cf7ff0ef          	jal	ra,74fa <_Balloc>
    7808:	4632                	lw	a2,12(sp)
    780a:	01450813          	addi	a6,a0,20 # 10014 <_data_lma+0x4e00>
    780e:	00241313          	slli	t1,s0,0x2
    7812:	9342                	add	t1,t1,a6
    7814:	87c2                	mv	a5,a6
    7816:	0267ed63          	bltu	a5,t1,7850 <__multiply+0x7e>
    781a:	01448593          	addi	a1,s1,20
    781e:	00299893          	slli	a7,s3,0x2
    7822:	0651                	addi	a2,a2,20
    7824:	00291e13          	slli	t3,s2,0x2
    7828:	66c1                	lui	a3,0x10
    782a:	98ae                	add	a7,a7,a1
    782c:	9e32                	add	t3,t3,a2
    782e:	16fd                	addi	a3,a3,-1
    7830:	03c66463          	bltu	a2,t3,7858 <__multiply+0x86>
    7834:	00805663          	blez	s0,7840 <__multiply+0x6e>
    7838:	1371                	addi	t1,t1,-4
    783a:	00032783          	lw	a5,0(t1)
    783e:	cbf1                	beqz	a5,7912 <__multiply+0x140>
    7840:	c900                	sw	s0,16(a0)
    7842:	50b2                	lw	ra,44(sp)
    7844:	5422                	lw	s0,40(sp)
    7846:	5492                	lw	s1,36(sp)
    7848:	5902                	lw	s2,32(sp)
    784a:	49f2                	lw	s3,28(sp)
    784c:	6145                	addi	sp,sp,48
    784e:	8082                	ret
    7850:	0007a023          	sw	zero,0(a5)
    7854:	0791                	addi	a5,a5,4
    7856:	b7c1                	j	7816 <__multiply+0x44>
    7858:	00062f83          	lw	t6,0(a2)
    785c:	00dfffb3          	and	t6,t6,a3
    7860:	040f8a63          	beqz	t6,78b4 <__multiply+0xe2>
    7864:	8f42                	mv	t5,a6
    7866:	82ae                	mv	t0,a1
    7868:	4481                	li	s1,0
    786a:	0002a703          	lw	a4,0(t0)
    786e:	000f2383          	lw	t2,0(t5)
    7872:	0f11                	addi	t5,t5,4
    7874:	00d77eb3          	and	t4,a4,a3
    7878:	03fe8eb3          	mul	t4,t4,t6
    787c:	00d3f7b3          	and	a5,t2,a3
    7880:	0103d393          	srli	t2,t2,0x10
    7884:	0291                	addi	t0,t0,4
    7886:	9ebe                	add	t4,t4,a5
    7888:	01075793          	srli	a5,a4,0x10
    788c:	03f787b3          	mul	a5,a5,t6
    7890:	9ea6                	add	t4,t4,s1
    7892:	010ed713          	srli	a4,t4,0x10
    7896:	00defeb3          	and	t4,t4,a3
    789a:	979e                	add	a5,a5,t2
    789c:	97ba                	add	a5,a5,a4
    789e:	0107d493          	srli	s1,a5,0x10
    78a2:	07c2                	slli	a5,a5,0x10
    78a4:	01d7e7b3          	or	a5,a5,t4
    78a8:	feff2e23          	sw	a5,-4(t5)
    78ac:	fb12efe3          	bltu	t0,a7,786a <__multiply+0x98>
    78b0:	009f2023          	sw	s1,0(t5)
    78b4:	00265283          	lhu	t0,2(a2)
    78b8:	04028a63          	beqz	t0,790c <__multiply+0x13a>
    78bc:	00082783          	lw	a5,0(a6)
    78c0:	8ec2                	mv	t4,a6
    78c2:	8f2e                	mv	t5,a1
    78c4:	4f81                	li	t6,0
    78c6:	000f2703          	lw	a4,0(t5)
    78ca:	002ed383          	lhu	t2,2(t4)
    78ce:	8ff5                	and	a5,a5,a3
    78d0:	8f75                	and	a4,a4,a3
    78d2:	02570733          	mul	a4,a4,t0
    78d6:	0e91                	addi	t4,t4,4
    78d8:	0f11                	addi	t5,t5,4
    78da:	971e                	add	a4,a4,t2
    78dc:	977e                	add	a4,a4,t6
    78de:	01071f93          	slli	t6,a4,0x10
    78e2:	00ffe7b3          	or	a5,t6,a5
    78e6:	fefeae23          	sw	a5,-4(t4)
    78ea:	ffef5783          	lhu	a5,-2(t5)
    78ee:	000eaf83          	lw	t6,0(t4)
    78f2:	8341                	srli	a4,a4,0x10
    78f4:	025787b3          	mul	a5,a5,t0
    78f8:	00dfffb3          	and	t6,t6,a3
    78fc:	97fe                	add	a5,a5,t6
    78fe:	97ba                	add	a5,a5,a4
    7900:	0107df93          	srli	t6,a5,0x10
    7904:	fd1f61e3          	bltu	t5,a7,78c6 <__multiply+0xf4>
    7908:	00fea023          	sw	a5,0(t4)
    790c:	0611                	addi	a2,a2,4
    790e:	0811                	addi	a6,a6,4
    7910:	b705                	j	7830 <__multiply+0x5e>
    7912:	147d                	addi	s0,s0,-1
    7914:	b705                	j	7834 <__multiply+0x62>

00007916 <__pow5mult>:
    7916:	1101                	addi	sp,sp,-32
    7918:	ca26                	sw	s1,20(sp)
    791a:	c84a                	sw	s2,16(sp)
    791c:	c64e                	sw	s3,12(sp)
    791e:	ce06                	sw	ra,28(sp)
    7920:	cc22                	sw	s0,24(sp)
    7922:	c452                	sw	s4,8(sp)
    7924:	00367793          	andi	a5,a2,3
    7928:	892a                	mv	s2,a0
    792a:	84b2                	mv	s1,a2
    792c:	89ae                	mv	s3,a1
    792e:	cf89                	beqz	a5,7948 <__pow5mult+0x32>
    7930:	17fd                	addi	a5,a5,-1
    7932:	00003717          	auipc	a4,0x3
    7936:	79e70713          	addi	a4,a4,1950 # b0d0 <p05.3319>
    793a:	078a                	slli	a5,a5,0x2
    793c:	97ba                	add	a5,a5,a4
    793e:	4390                	lw	a2,0(a5)
    7940:	4681                	li	a3,0
    7942:	c89ff0ef          	jal	ra,75ca <__multadd>
    7946:	89aa                	mv	s3,a0
    7948:	8489                	srai	s1,s1,0x2
    794a:	cca5                	beqz	s1,79c2 <__pow5mult+0xac>
    794c:	02492783          	lw	a5,36(s2)
    7950:	ef91                	bnez	a5,796c <__pow5mult+0x56>
    7952:	4541                	li	a0,16
    7954:	a9fff0ef          	jal	ra,73f2 <malloc>
    7958:	02a92223          	sw	a0,36(s2)
    795c:	00052223          	sw	zero,4(a0)
    7960:	00052423          	sw	zero,8(a0)
    7964:	00052023          	sw	zero,0(a0)
    7968:	00052623          	sw	zero,12(a0)
    796c:	02492a03          	lw	s4,36(s2)
    7970:	008a2403          	lw	s0,8(s4)
    7974:	e819                	bnez	s0,798a <__pow5mult+0x74>
    7976:	27100593          	li	a1,625
    797a:	854a                	mv	a0,s2
    797c:	e3bff0ef          	jal	ra,77b6 <__i2b>
    7980:	00aa2423          	sw	a0,8(s4)
    7984:	842a                	mv	s0,a0
    7986:	00052023          	sw	zero,0(a0)
    798a:	0014f793          	andi	a5,s1,1
    798e:	cf81                	beqz	a5,79a6 <__pow5mult+0x90>
    7990:	85ce                	mv	a1,s3
    7992:	8622                	mv	a2,s0
    7994:	854a                	mv	a0,s2
    7996:	e3dff0ef          	jal	ra,77d2 <__multiply>
    799a:	8a2a                	mv	s4,a0
    799c:	85ce                	mv	a1,s3
    799e:	854a                	mv	a0,s2
    79a0:	be7ff0ef          	jal	ra,7586 <_Bfree>
    79a4:	89d2                	mv	s3,s4
    79a6:	8485                	srai	s1,s1,0x1
    79a8:	cc89                	beqz	s1,79c2 <__pow5mult+0xac>
    79aa:	4008                	lw	a0,0(s0)
    79ac:	e909                	bnez	a0,79be <__pow5mult+0xa8>
    79ae:	8622                	mv	a2,s0
    79b0:	85a2                	mv	a1,s0
    79b2:	854a                	mv	a0,s2
    79b4:	e1fff0ef          	jal	ra,77d2 <__multiply>
    79b8:	c008                	sw	a0,0(s0)
    79ba:	00052023          	sw	zero,0(a0)
    79be:	842a                	mv	s0,a0
    79c0:	b7e9                	j	798a <__pow5mult+0x74>
    79c2:	40f2                	lw	ra,28(sp)
    79c4:	4462                	lw	s0,24(sp)
    79c6:	854e                	mv	a0,s3
    79c8:	44d2                	lw	s1,20(sp)
    79ca:	4942                	lw	s2,16(sp)
    79cc:	49b2                	lw	s3,12(sp)
    79ce:	4a22                	lw	s4,8(sp)
    79d0:	6105                	addi	sp,sp,32
    79d2:	8082                	ret

000079d4 <__lshift>:
    79d4:	7179                	addi	sp,sp,-48
    79d6:	d226                	sw	s1,36(sp)
    79d8:	84ae                	mv	s1,a1
    79da:	ce4e                	sw	s3,28(sp)
    79dc:	0104a983          	lw	s3,16(s1)
    79e0:	d422                	sw	s0,40(sp)
    79e2:	41cc                	lw	a1,4(a1)
    79e4:	40565413          	srai	s0,a2,0x5
    79e8:	449c                	lw	a5,8(s1)
    79ea:	99a2                	add	s3,s3,s0
    79ec:	d04a                	sw	s2,32(sp)
    79ee:	ca56                	sw	s5,20(sp)
    79f0:	d606                	sw	ra,44(sp)
    79f2:	cc52                	sw	s4,24(sp)
    79f4:	8aaa                	mv	s5,a0
    79f6:	00198913          	addi	s2,s3,1
    79fa:	0927c463          	blt	a5,s2,7a82 <__lshift+0xae>
    79fe:	8556                	mv	a0,s5
    7a00:	c632                	sw	a2,12(sp)
    7a02:	af9ff0ef          	jal	ra,74fa <_Balloc>
    7a06:	4632                	lw	a2,12(sp)
    7a08:	01450793          	addi	a5,a0,20
    7a0c:	8a2a                	mv	s4,a0
    7a0e:	86be                	mv	a3,a5
    7a10:	4701                	li	a4,0
    7a12:	0691                	addi	a3,a3,4
    7a14:	06874a63          	blt	a4,s0,7a88 <__lshift+0xb4>
    7a18:	00045363          	bgez	s0,7a1e <__lshift+0x4a>
    7a1c:	4401                	li	s0,0
    7a1e:	4894                	lw	a3,16(s1)
    7a20:	040a                	slli	s0,s0,0x2
    7a22:	00878733          	add	a4,a5,s0
    7a26:	068a                	slli	a3,a3,0x2
    7a28:	01448793          	addi	a5,s1,20
    7a2c:	8a7d                	andi	a2,a2,31
    7a2e:	96be                	add	a3,a3,a5
    7a30:	c225                	beqz	a2,7a90 <__lshift+0xbc>
    7a32:	02000813          	li	a6,32
    7a36:	40c80833          	sub	a6,a6,a2
    7a3a:	4581                	li	a1,0
    7a3c:	4388                	lw	a0,0(a5)
    7a3e:	0711                	addi	a4,a4,4
    7a40:	0791                	addi	a5,a5,4
    7a42:	00c51533          	sll	a0,a0,a2
    7a46:	8dc9                	or	a1,a1,a0
    7a48:	feb72e23          	sw	a1,-4(a4)
    7a4c:	ffc7a583          	lw	a1,-4(a5)
    7a50:	0105d5b3          	srl	a1,a1,a6
    7a54:	fed7e4e3          	bltu	a5,a3,7a3c <__lshift+0x68>
    7a58:	c30c                	sw	a1,0(a4)
    7a5a:	c199                	beqz	a1,7a60 <__lshift+0x8c>
    7a5c:	00298913          	addi	s2,s3,2
    7a60:	197d                	addi	s2,s2,-1
    7a62:	012a2823          	sw	s2,16(s4)
    7a66:	8556                	mv	a0,s5
    7a68:	85a6                	mv	a1,s1
    7a6a:	b1dff0ef          	jal	ra,7586 <_Bfree>
    7a6e:	50b2                	lw	ra,44(sp)
    7a70:	5422                	lw	s0,40(sp)
    7a72:	8552                	mv	a0,s4
    7a74:	5492                	lw	s1,36(sp)
    7a76:	5902                	lw	s2,32(sp)
    7a78:	49f2                	lw	s3,28(sp)
    7a7a:	4a62                	lw	s4,24(sp)
    7a7c:	4ad2                	lw	s5,20(sp)
    7a7e:	6145                	addi	sp,sp,48
    7a80:	8082                	ret
    7a82:	0585                	addi	a1,a1,1
    7a84:	0786                	slli	a5,a5,0x1
    7a86:	bf95                	j	79fa <__lshift+0x26>
    7a88:	fe06ae23          	sw	zero,-4(a3) # fffc <_data_lma+0x4de8>
    7a8c:	0705                	addi	a4,a4,1
    7a8e:	b751                	j	7a12 <__lshift+0x3e>
    7a90:	0791                	addi	a5,a5,4
    7a92:	ffc7a603          	lw	a2,-4(a5)
    7a96:	0711                	addi	a4,a4,4
    7a98:	fec72e23          	sw	a2,-4(a4)
    7a9c:	fed7eae3          	bltu	a5,a3,7a90 <__lshift+0xbc>
    7aa0:	b7c1                	j	7a60 <__lshift+0x8c>

00007aa2 <__mcmp>:
    7aa2:	491c                	lw	a5,16(a0)
    7aa4:	4998                	lw	a4,16(a1)
    7aa6:	8f99                	sub	a5,a5,a4
    7aa8:	e38d                	bnez	a5,7aca <__mcmp+0x28>
    7aaa:	070a                	slli	a4,a4,0x2
    7aac:	0551                	addi	a0,a0,20
    7aae:	05d1                	addi	a1,a1,20
    7ab0:	00e506b3          	add	a3,a0,a4
    7ab4:	95ba                	add	a1,a1,a4
    7ab6:	16f1                	addi	a3,a3,-4
    7ab8:	15f1                	addi	a1,a1,-4
    7aba:	4290                	lw	a2,0(a3)
    7abc:	4198                	lw	a4,0(a1)
    7abe:	00e60863          	beq	a2,a4,7ace <__mcmp+0x2c>
    7ac2:	57fd                	li	a5,-1
    7ac4:	00e66363          	bltu	a2,a4,7aca <__mcmp+0x28>
    7ac8:	4785                	li	a5,1
    7aca:	853e                	mv	a0,a5
    7acc:	8082                	ret
    7ace:	fed564e3          	bltu	a0,a3,7ab6 <__mcmp+0x14>
    7ad2:	bfe5                	j	7aca <__mcmp+0x28>

00007ad4 <__mdiff>:
    7ad4:	1101                	addi	sp,sp,-32
    7ad6:	ca26                	sw	s1,20(sp)
    7ad8:	84ae                	mv	s1,a1
    7ada:	c64e                	sw	s3,12(sp)
    7adc:	85b2                	mv	a1,a2
    7ade:	89aa                	mv	s3,a0
    7ae0:	8526                	mv	a0,s1
    7ae2:	cc22                	sw	s0,24(sp)
    7ae4:	ce06                	sw	ra,28(sp)
    7ae6:	c84a                	sw	s2,16(sp)
    7ae8:	8432                	mv	s0,a2
    7aea:	fb9ff0ef          	jal	ra,7aa2 <__mcmp>
    7aee:	e105                	bnez	a0,7b0e <__mdiff+0x3a>
    7af0:	4581                	li	a1,0
    7af2:	854e                	mv	a0,s3
    7af4:	a07ff0ef          	jal	ra,74fa <_Balloc>
    7af8:	4785                	li	a5,1
    7afa:	c91c                	sw	a5,16(a0)
    7afc:	00052a23          	sw	zero,20(a0)
    7b00:	40f2                	lw	ra,28(sp)
    7b02:	4462                	lw	s0,24(sp)
    7b04:	44d2                	lw	s1,20(sp)
    7b06:	4942                	lw	s2,16(sp)
    7b08:	49b2                	lw	s3,12(sp)
    7b0a:	6105                	addi	sp,sp,32
    7b0c:	8082                	ret
    7b0e:	4905                	li	s2,1
    7b10:	00054663          	bltz	a0,7b1c <__mdiff+0x48>
    7b14:	87a2                	mv	a5,s0
    7b16:	4901                	li	s2,0
    7b18:	8426                	mv	s0,s1
    7b1a:	84be                	mv	s1,a5
    7b1c:	404c                	lw	a1,4(s0)
    7b1e:	854e                	mv	a0,s3
    7b20:	9dbff0ef          	jal	ra,74fa <_Balloc>
    7b24:	01042303          	lw	t1,16(s0)
    7b28:	0104a883          	lw	a7,16(s1)
    7b2c:	01440613          	addi	a2,s0,20
    7b30:	00231e13          	slli	t3,t1,0x2
    7b34:	01448813          	addi	a6,s1,20
    7b38:	088a                	slli	a7,a7,0x2
    7b3a:	6ec1                	lui	t4,0x10
    7b3c:	01252623          	sw	s2,12(a0)
    7b40:	9e32                	add	t3,t3,a2
    7b42:	98c2                	add	a7,a7,a6
    7b44:	01450693          	addi	a3,a0,20
    7b48:	4f01                	li	t5,0
    7b4a:	1efd                	addi	t4,t4,-1
    7b4c:	4218                	lw	a4,0(a2)
    7b4e:	00082f83          	lw	t6,0(a6)
    7b52:	0691                	addi	a3,a3,4
    7b54:	01d775b3          	and	a1,a4,t4
    7b58:	01dff7b3          	and	a5,t6,t4
    7b5c:	95fa                	add	a1,a1,t5
    7b5e:	8d9d                	sub	a1,a1,a5
    7b60:	010fdf93          	srli	t6,t6,0x10
    7b64:	01075793          	srli	a5,a4,0x10
    7b68:	41f787b3          	sub	a5,a5,t6
    7b6c:	4105d713          	srai	a4,a1,0x10
    7b70:	97ba                	add	a5,a5,a4
    7b72:	4107df13          	srai	t5,a5,0x10
    7b76:	01d5f5b3          	and	a1,a1,t4
    7b7a:	07c2                	slli	a5,a5,0x10
    7b7c:	8fcd                	or	a5,a5,a1
    7b7e:	0811                	addi	a6,a6,4
    7b80:	fef6ae23          	sw	a5,-4(a3)
    7b84:	0611                	addi	a2,a2,4
    7b86:	fd1863e3          	bltu	a6,a7,7b4c <__mdiff+0x78>
    7b8a:	65c1                	lui	a1,0x10
    7b8c:	15fd                	addi	a1,a1,-1
    7b8e:	01c66863          	bltu	a2,t3,7b9e <__mdiff+0xca>
    7b92:	16f1                	addi	a3,a3,-4
    7b94:	429c                	lw	a5,0(a3)
    7b96:	c795                	beqz	a5,7bc2 <__mdiff+0xee>
    7b98:	00652823          	sw	t1,16(a0)
    7b9c:	b795                	j	7b00 <__mdiff+0x2c>
    7b9e:	421c                	lw	a5,0(a2)
    7ba0:	0691                	addi	a3,a3,4
    7ba2:	0611                	addi	a2,a2,4
    7ba4:	00b7f733          	and	a4,a5,a1
    7ba8:	977a                	add	a4,a4,t5
    7baa:	41075813          	srai	a6,a4,0x10
    7bae:	83c1                	srli	a5,a5,0x10
    7bb0:	97c2                	add	a5,a5,a6
    7bb2:	4107df13          	srai	t5,a5,0x10
    7bb6:	8f6d                	and	a4,a4,a1
    7bb8:	07c2                	slli	a5,a5,0x10
    7bba:	8fd9                	or	a5,a5,a4
    7bbc:	fef6ae23          	sw	a5,-4(a3)
    7bc0:	b7f9                	j	7b8e <__mdiff+0xba>
    7bc2:	137d                	addi	t1,t1,-1
    7bc4:	b7f9                	j	7b92 <__mdiff+0xbe>

00007bc6 <__ulp>:
    7bc6:	7ff007b7          	lui	a5,0x7ff00
    7bca:	8dfd                	and	a1,a1,a5
    7bcc:	fcc007b7          	lui	a5,0xfcc00
    7bd0:	95be                	add	a1,a1,a5
    7bd2:	00b05563          	blez	a1,7bdc <__ulp+0x16>
    7bd6:	4781                	li	a5,0
    7bd8:	853e                	mv	a0,a5
    7bda:	8082                	ret
    7bdc:	40b005b3          	neg	a1,a1
    7be0:	4145d793          	srai	a5,a1,0x14
    7be4:	474d                	li	a4,19
    7be6:	00f74763          	blt	a4,a5,7bf4 <__ulp+0x2e>
    7bea:	000805b7          	lui	a1,0x80
    7bee:	40f5d5b3          	sra	a1,a1,a5
    7bf2:	b7d5                	j	7bd6 <__ulp+0x10>
    7bf4:	fec78713          	addi	a4,a5,-20 # fcbfffec <_eusrstack+0xdcbf7fec>
    7bf8:	46f9                	li	a3,30
    7bfa:	4581                	li	a1,0
    7bfc:	4785                	li	a5,1
    7bfe:	fce6cde3          	blt	a3,a4,7bd8 <__ulp+0x12>
    7c02:	800007b7          	lui	a5,0x80000
    7c06:	00e7d7b3          	srl	a5,a5,a4
    7c0a:	b7f9                	j	7bd8 <__ulp+0x12>

00007c0c <__b2d>:
    7c0c:	7179                	addi	sp,sp,-48
    7c0e:	d226                	sw	s1,36(sp)
    7c10:	4904                	lw	s1,16(a0)
    7c12:	ce4e                	sw	s3,28(sp)
    7c14:	01450993          	addi	s3,a0,20
    7c18:	048a                	slli	s1,s1,0x2
    7c1a:	94ce                	add	s1,s1,s3
    7c1c:	d422                	sw	s0,40(sp)
    7c1e:	ffc4a403          	lw	s0,-4(s1)
    7c22:	d04a                	sw	s2,32(sp)
    7c24:	c62e                	sw	a1,12(sp)
    7c26:	8522                	mv	a0,s0
    7c28:	d606                	sw	ra,44(sp)
    7c2a:	addff0ef          	jal	ra,7706 <__hi0bits>
    7c2e:	45b2                	lw	a1,12(sp)
    7c30:	02000793          	li	a5,32
    7c34:	8f89                	sub	a5,a5,a0
    7c36:	c19c                	sw	a5,0(a1)
    7c38:	47a9                	li	a5,10
    7c3a:	ffc48913          	addi	s2,s1,-4
    7c3e:	02a7cd63          	blt	a5,a0,7c78 <__b2d+0x6c>
    7c42:	47ad                	li	a5,11
    7c44:	8f89                	sub	a5,a5,a0
    7c46:	3ff00737          	lui	a4,0x3ff00
    7c4a:	00f456b3          	srl	a3,s0,a5
    7c4e:	8ed9                	or	a3,a3,a4
    7c50:	4701                	li	a4,0
    7c52:	0129f463          	bgeu	s3,s2,7c5a <__b2d+0x4e>
    7c56:	ff84a703          	lw	a4,-8(s1)
    7c5a:	0555                	addi	a0,a0,21
    7c5c:	00a41533          	sll	a0,s0,a0
    7c60:	00f757b3          	srl	a5,a4,a5
    7c64:	8fc9                	or	a5,a5,a0
    7c66:	50b2                	lw	ra,44(sp)
    7c68:	5422                	lw	s0,40(sp)
    7c6a:	5492                	lw	s1,36(sp)
    7c6c:	5902                	lw	s2,32(sp)
    7c6e:	49f2                	lw	s3,28(sp)
    7c70:	853e                	mv	a0,a5
    7c72:	85b6                	mv	a1,a3
    7c74:	6145                	addi	sp,sp,48
    7c76:	8082                	ret
    7c78:	4781                	li	a5,0
    7c7a:	0129f663          	bgeu	s3,s2,7c86 <__b2d+0x7a>
    7c7e:	ff84a783          	lw	a5,-8(s1)
    7c82:	ff848913          	addi	s2,s1,-8
    7c86:	1555                	addi	a0,a0,-11
    7c88:	c905                	beqz	a0,7cb8 <__b2d+0xac>
    7c8a:	02000713          	li	a4,32
    7c8e:	40a70633          	sub	a2,a4,a0
    7c92:	00c7d733          	srl	a4,a5,a2
    7c96:	00a41433          	sll	s0,s0,a0
    7c9a:	8c59                	or	s0,s0,a4
    7c9c:	3ff006b7          	lui	a3,0x3ff00
    7ca0:	8ec1                	or	a3,a3,s0
    7ca2:	4701                	li	a4,0
    7ca4:	0129f463          	bgeu	s3,s2,7cac <__b2d+0xa0>
    7ca8:	ffc92703          	lw	a4,-4(s2)
    7cac:	00a797b3          	sll	a5,a5,a0
    7cb0:	00c75733          	srl	a4,a4,a2
    7cb4:	8fd9                	or	a5,a5,a4
    7cb6:	bf45                	j	7c66 <__b2d+0x5a>
    7cb8:	3ff006b7          	lui	a3,0x3ff00
    7cbc:	8ec1                	or	a3,a3,s0
    7cbe:	b765                	j	7c66 <__b2d+0x5a>

00007cc0 <__d2b>:
    7cc0:	7179                	addi	sp,sp,-48
    7cc2:	d422                	sw	s0,40(sp)
    7cc4:	842e                	mv	s0,a1
    7cc6:	4585                	li	a1,1
    7cc8:	d226                	sw	s1,36(sp)
    7cca:	d04a                	sw	s2,32(sp)
    7ccc:	84b2                	mv	s1,a2
    7cce:	ce4e                	sw	s3,28(sp)
    7cd0:	cc52                	sw	s4,24(sp)
    7cd2:	893a                	mv	s2,a4
    7cd4:	d606                	sw	ra,44(sp)
    7cd6:	8a36                	mv	s4,a3
    7cd8:	823ff0ef          	jal	ra,74fa <_Balloc>
    7cdc:	00100737          	lui	a4,0x100
    7ce0:	fff70793          	addi	a5,a4,-1 # fffff <_data_lma+0xf4deb>
    7ce4:	8fe5                	and	a5,a5,s1
    7ce6:	80d1                	srli	s1,s1,0x14
    7ce8:	7ff4f493          	andi	s1,s1,2047
    7cec:	89aa                	mv	s3,a0
    7cee:	e0b5                	bnez	s1,7d52 <__d2b+0x92>
    7cf0:	c63e                	sw	a5,12(sp)
    7cf2:	c42d                	beqz	s0,7d5c <__d2b+0x9c>
    7cf4:	0028                	addi	a0,sp,8
    7cf6:	c422                	sw	s0,8(sp)
    7cf8:	a55ff0ef          	jal	ra,774c <__lo0bits>
    7cfc:	46a2                	lw	a3,8(sp)
    7cfe:	cd21                	beqz	a0,7d56 <__d2b+0x96>
    7d00:	4732                	lw	a4,12(sp)
    7d02:	02000793          	li	a5,32
    7d06:	8f89                	sub	a5,a5,a0
    7d08:	00f717b3          	sll	a5,a4,a5
    7d0c:	8fd5                	or	a5,a5,a3
    7d0e:	00a75733          	srl	a4,a4,a0
    7d12:	00f9aa23          	sw	a5,20(s3)
    7d16:	c63a                	sw	a4,12(sp)
    7d18:	4432                	lw	s0,12(sp)
    7d1a:	0089ac23          	sw	s0,24(s3)
    7d1e:	00803433          	snez	s0,s0
    7d22:	0405                	addi	s0,s0,1
    7d24:	0089a823          	sw	s0,16(s3)
    7d28:	c4b9                	beqz	s1,7d76 <__d2b+0xb6>
    7d2a:	bcd48493          	addi	s1,s1,-1075
    7d2e:	94aa                	add	s1,s1,a0
    7d30:	03500793          	li	a5,53
    7d34:	009a2023          	sw	s1,0(s4)
    7d38:	40a78533          	sub	a0,a5,a0
    7d3c:	00a92023          	sw	a0,0(s2)
    7d40:	50b2                	lw	ra,44(sp)
    7d42:	5422                	lw	s0,40(sp)
    7d44:	854e                	mv	a0,s3
    7d46:	5492                	lw	s1,36(sp)
    7d48:	5902                	lw	s2,32(sp)
    7d4a:	49f2                	lw	s3,28(sp)
    7d4c:	4a62                	lw	s4,24(sp)
    7d4e:	6145                	addi	sp,sp,48
    7d50:	8082                	ret
    7d52:	8fd9                	or	a5,a5,a4
    7d54:	bf71                	j	7cf0 <__d2b+0x30>
    7d56:	00d9aa23          	sw	a3,20(s3)
    7d5a:	bf7d                	j	7d18 <__d2b+0x58>
    7d5c:	0068                	addi	a0,sp,12
    7d5e:	9efff0ef          	jal	ra,774c <__lo0bits>
    7d62:	47b2                	lw	a5,12(sp)
    7d64:	02050513          	addi	a0,a0,32
    7d68:	4405                	li	s0,1
    7d6a:	00f9aa23          	sw	a5,20(s3)
    7d6e:	4785                	li	a5,1
    7d70:	00f9a823          	sw	a5,16(s3)
    7d74:	bf55                	j	7d28 <__d2b+0x68>
    7d76:	00241793          	slli	a5,s0,0x2
    7d7a:	bce50513          	addi	a0,a0,-1074
    7d7e:	97ce                	add	a5,a5,s3
    7d80:	00aa2023          	sw	a0,0(s4)
    7d84:	4b88                	lw	a0,16(a5)
    7d86:	0416                	slli	s0,s0,0x5
    7d88:	97fff0ef          	jal	ra,7706 <__hi0bits>
    7d8c:	8c09                	sub	s0,s0,a0
    7d8e:	00892023          	sw	s0,0(s2)
    7d92:	b77d                	j	7d40 <__d2b+0x80>

00007d94 <__ratio>:
    7d94:	7179                	addi	sp,sp,-48
    7d96:	d04a                	sw	s2,32(sp)
    7d98:	892e                	mv	s2,a1
    7d9a:	002c                	addi	a1,sp,8
    7d9c:	d606                	sw	ra,44(sp)
    7d9e:	d422                	sw	s0,40(sp)
    7da0:	d226                	sw	s1,36(sp)
    7da2:	ce4e                	sw	s3,28(sp)
    7da4:	cc52                	sw	s4,24(sp)
    7da6:	8a2a                	mv	s4,a0
    7da8:	e65ff0ef          	jal	ra,7c0c <__b2d>
    7dac:	89aa                	mv	s3,a0
    7dae:	84ae                	mv	s1,a1
    7db0:	842e                	mv	s0,a1
    7db2:	854a                	mv	a0,s2
    7db4:	006c                	addi	a1,sp,12
    7db6:	e57ff0ef          	jal	ra,7c0c <__b2d>
    7dba:	01092783          	lw	a5,16(s2)
    7dbe:	010a2703          	lw	a4,16(s4)
    7dc2:	46a2                	lw	a3,8(sp)
    7dc4:	8f1d                	sub	a4,a4,a5
    7dc6:	47b2                	lw	a5,12(sp)
    7dc8:	0716                	slli	a4,a4,0x5
    7dca:	8e9d                	sub	a3,a3,a5
    7dcc:	00d707b3          	add	a5,a4,a3
    7dd0:	02f05563          	blez	a5,7dfa <__ratio+0x66>
    7dd4:	07d2                	slli	a5,a5,0x14
    7dd6:	862e                	mv	a2,a1
    7dd8:	00978433          	add	s0,a5,s1
    7ddc:	8732                	mv	a4,a2
    7dde:	85a2                	mv	a1,s0
    7de0:	862a                	mv	a2,a0
    7de2:	86ba                	mv	a3,a4
    7de4:	854e                	mv	a0,s3
    7de6:	c12fa0ef          	jal	ra,21f8 <__divdf3>
    7dea:	50b2                	lw	ra,44(sp)
    7dec:	5422                	lw	s0,40(sp)
    7dee:	5492                	lw	s1,36(sp)
    7df0:	5902                	lw	s2,32(sp)
    7df2:	49f2                	lw	s3,28(sp)
    7df4:	4a62                	lw	s4,24(sp)
    7df6:	6145                	addi	sp,sp,48
    7df8:	8082                	ret
    7dfa:	fff00737          	lui	a4,0xfff00
    7dfe:	02e787b3          	mul	a5,a5,a4
    7e02:	00b78633          	add	a2,a5,a1
    7e06:	bfd9                	j	7ddc <__ratio+0x48>

00007e08 <__copybits>:
    7e08:	fff58793          	addi	a5,a1,-1 # 7ffff <_data_lma+0x74deb>
    7e0c:	4a18                	lw	a4,16(a2)
    7e0e:	8795                	srai	a5,a5,0x5
    7e10:	0785                	addi	a5,a5,1
    7e12:	078a                	slli	a5,a5,0x2
    7e14:	01460693          	addi	a3,a2,20
    7e18:	070a                	slli	a4,a4,0x2
    7e1a:	97aa                	add	a5,a5,a0
    7e1c:	9736                	add	a4,a4,a3
    7e1e:	00e6e563          	bltu	a3,a4,7e28 <__copybits+0x20>
    7e22:	00f56a63          	bltu	a0,a5,7e36 <__copybits+0x2e>
    7e26:	8082                	ret
    7e28:	0691                	addi	a3,a3,4
    7e2a:	ffc6a603          	lw	a2,-4(a3) # 3feffffc <_eusrstack+0x1fef7ffc>
    7e2e:	0511                	addi	a0,a0,4
    7e30:	fec52e23          	sw	a2,-4(a0)
    7e34:	b7ed                	j	7e1e <__copybits+0x16>
    7e36:	0511                	addi	a0,a0,4
    7e38:	fe052e23          	sw	zero,-4(a0)
    7e3c:	b7dd                	j	7e22 <__copybits+0x1a>

00007e3e <__any_on>:
    7e3e:	4914                	lw	a3,16(a0)
    7e40:	4055d793          	srai	a5,a1,0x5
    7e44:	01450713          	addi	a4,a0,20
    7e48:	02f6c763          	blt	a3,a5,7e76 <__any_on+0x38>
    7e4c:	00d7df63          	bge	a5,a3,7e6a <__any_on+0x2c>
    7e50:	89fd                	andi	a1,a1,31
    7e52:	cd81                	beqz	a1,7e6a <__any_on+0x2c>
    7e54:	00279693          	slli	a3,a5,0x2
    7e58:	96ba                	add	a3,a3,a4
    7e5a:	4290                	lw	a2,0(a3)
    7e5c:	4505                	li	a0,1
    7e5e:	00b656b3          	srl	a3,a2,a1
    7e62:	00b695b3          	sll	a1,a3,a1
    7e66:	00b61e63          	bne	a2,a1,7e82 <__any_on+0x44>
    7e6a:	078a                	slli	a5,a5,0x2
    7e6c:	97ba                	add	a5,a5,a4
    7e6e:	00f76663          	bltu	a4,a5,7e7a <__any_on+0x3c>
    7e72:	4501                	li	a0,0
    7e74:	8082                	ret
    7e76:	87b6                	mv	a5,a3
    7e78:	bfcd                	j	7e6a <__any_on+0x2c>
    7e7a:	17f1                	addi	a5,a5,-4
    7e7c:	4394                	lw	a3,0(a5)
    7e7e:	dae5                	beqz	a3,7e6e <__any_on+0x30>
    7e80:	4505                	li	a0,1
    7e82:	8082                	ret

00007e84 <_calloc_r>:
    7e84:	02c58633          	mul	a2,a1,a2
    7e88:	1101                	addi	sp,sp,-32
    7e8a:	cc22                	sw	s0,24(sp)
    7e8c:	ce06                	sw	ra,28(sp)
    7e8e:	85b2                	mv	a1,a2
    7e90:	c632                	sw	a2,12(sp)
    7e92:	20c1                	jal	7f52 <_malloc_r>
    7e94:	842a                	mv	s0,a0
    7e96:	c509                	beqz	a0,7ea0 <_calloc_r+0x1c>
    7e98:	4632                	lw	a2,12(sp)
    7e9a:	4581                	li	a1,0
    7e9c:	b84f80ef          	jal	ra,220 <memset>
    7ea0:	8522                	mv	a0,s0
    7ea2:	40f2                	lw	ra,28(sp)
    7ea4:	4462                	lw	s0,24(sp)
    7ea6:	6105                	addi	sp,sp,32
    7ea8:	8082                	ret

00007eaa <_free_r>:
    7eaa:	c1dd                	beqz	a1,7f50 <_free_r+0xa6>
    7eac:	ffc5a783          	lw	a5,-4(a1)
    7eb0:	1141                	addi	sp,sp,-16
    7eb2:	c422                	sw	s0,8(sp)
    7eb4:	c606                	sw	ra,12(sp)
    7eb6:	c226                	sw	s1,4(sp)
    7eb8:	ffc58413          	addi	s0,a1,-4
    7ebc:	0007d363          	bgez	a5,7ec2 <_free_r+0x18>
    7ec0:	943e                	add	s0,s0,a5
    7ec2:	84aa                	mv	s1,a0
    7ec4:	3e8010ef          	jal	ra,92ac <__malloc_lock>
    7ec8:	83c18793          	addi	a5,gp,-1988 # 2000022c <__malloc_free_list>
    7ecc:	439c                	lw	a5,0(a5)
    7ece:	ef81                	bnez	a5,7ee6 <_free_r+0x3c>
    7ed0:	00042223          	sw	zero,4(s0)
    7ed4:	8281ae23          	sw	s0,-1988(gp) # 2000022c <__malloc_free_list>
    7ed8:	4422                	lw	s0,8(sp)
    7eda:	40b2                	lw	ra,12(sp)
    7edc:	8526                	mv	a0,s1
    7ede:	4492                	lw	s1,4(sp)
    7ee0:	0141                	addi	sp,sp,16
    7ee2:	3cc0106f          	j	92ae <__malloc_unlock>
    7ee6:	00f47e63          	bgeu	s0,a5,7f02 <_free_r+0x58>
    7eea:	4014                	lw	a3,0(s0)
    7eec:	00d40733          	add	a4,s0,a3
    7ef0:	00e79663          	bne	a5,a4,7efc <_free_r+0x52>
    7ef4:	4398                	lw	a4,0(a5)
    7ef6:	43dc                	lw	a5,4(a5)
    7ef8:	9736                	add	a4,a4,a3
    7efa:	c018                	sw	a4,0(s0)
    7efc:	c05c                	sw	a5,4(s0)
    7efe:	bfd9                	j	7ed4 <_free_r+0x2a>
    7f00:	87ba                	mv	a5,a4
    7f02:	43d8                	lw	a4,4(a5)
    7f04:	c319                	beqz	a4,7f0a <_free_r+0x60>
    7f06:	fee47de3          	bgeu	s0,a4,7f00 <_free_r+0x56>
    7f0a:	4394                	lw	a3,0(a5)
    7f0c:	00d78633          	add	a2,a5,a3
    7f10:	00861f63          	bne	a2,s0,7f2e <_free_r+0x84>
    7f14:	4010                	lw	a2,0(s0)
    7f16:	96b2                	add	a3,a3,a2
    7f18:	c394                	sw	a3,0(a5)
    7f1a:	00d78633          	add	a2,a5,a3
    7f1e:	fac71de3          	bne	a4,a2,7ed8 <_free_r+0x2e>
    7f22:	4310                	lw	a2,0(a4)
    7f24:	4358                	lw	a4,4(a4)
    7f26:	96b2                	add	a3,a3,a2
    7f28:	c394                	sw	a3,0(a5)
    7f2a:	c3d8                	sw	a4,4(a5)
    7f2c:	b775                	j	7ed8 <_free_r+0x2e>
    7f2e:	00c47563          	bgeu	s0,a2,7f38 <_free_r+0x8e>
    7f32:	47b1                	li	a5,12
    7f34:	c09c                	sw	a5,0(s1)
    7f36:	b74d                	j	7ed8 <_free_r+0x2e>
    7f38:	4010                	lw	a2,0(s0)
    7f3a:	00c406b3          	add	a3,s0,a2
    7f3e:	00d71663          	bne	a4,a3,7f4a <_free_r+0xa0>
    7f42:	4314                	lw	a3,0(a4)
    7f44:	4358                	lw	a4,4(a4)
    7f46:	96b2                	add	a3,a3,a2
    7f48:	c014                	sw	a3,0(s0)
    7f4a:	c058                	sw	a4,4(s0)
    7f4c:	c3c0                	sw	s0,4(a5)
    7f4e:	b769                	j	7ed8 <_free_r+0x2e>
    7f50:	8082                	ret

00007f52 <_malloc_r>:
    7f52:	1101                	addi	sp,sp,-32
    7f54:	ca26                	sw	s1,20(sp)
    7f56:	00358493          	addi	s1,a1,3
    7f5a:	98f1                	andi	s1,s1,-4
    7f5c:	ce06                	sw	ra,28(sp)
    7f5e:	cc22                	sw	s0,24(sp)
    7f60:	c84a                	sw	s2,16(sp)
    7f62:	c64e                	sw	s3,12(sp)
    7f64:	04a1                	addi	s1,s1,8
    7f66:	47b1                	li	a5,12
    7f68:	04f4f563          	bgeu	s1,a5,7fb2 <_malloc_r+0x60>
    7f6c:	44b1                	li	s1,12
    7f6e:	04b4e463          	bltu	s1,a1,7fb6 <_malloc_r+0x64>
    7f72:	892a                	mv	s2,a0
    7f74:	338010ef          	jal	ra,92ac <__malloc_lock>
    7f78:	83c18793          	addi	a5,gp,-1988 # 2000022c <__malloc_free_list>
    7f7c:	4398                	lw	a4,0(a5)
    7f7e:	843a                	mv	s0,a4
    7f80:	e429                	bnez	s0,7fca <_malloc_r+0x78>
    7f82:	84018793          	addi	a5,gp,-1984 # 20000230 <__malloc_sbrk_start>
    7f86:	439c                	lw	a5,0(a5)
    7f88:	e799                	bnez	a5,7f96 <_malloc_r+0x44>
    7f8a:	4581                	li	a1,0
    7f8c:	854a                	mv	a0,s2
    7f8e:	693000ef          	jal	ra,8e20 <_sbrk_r>
    7f92:	84a1a023          	sw	a0,-1984(gp) # 20000230 <__malloc_sbrk_start>
    7f96:	85a6                	mv	a1,s1
    7f98:	854a                	mv	a0,s2
    7f9a:	687000ef          	jal	ra,8e20 <_sbrk_r>
    7f9e:	59fd                	li	s3,-1
    7fa0:	07351963          	bne	a0,s3,8012 <_malloc_r+0xc0>
    7fa4:	47b1                	li	a5,12
    7fa6:	00f92023          	sw	a5,0(s2)
    7faa:	854a                	mv	a0,s2
    7fac:	302010ef          	jal	ra,92ae <__malloc_unlock>
    7fb0:	a029                	j	7fba <_malloc_r+0x68>
    7fb2:	fa04dee3          	bgez	s1,7f6e <_malloc_r+0x1c>
    7fb6:	47b1                	li	a5,12
    7fb8:	c11c                	sw	a5,0(a0)
    7fba:	4501                	li	a0,0
    7fbc:	40f2                	lw	ra,28(sp)
    7fbe:	4462                	lw	s0,24(sp)
    7fc0:	44d2                	lw	s1,20(sp)
    7fc2:	4942                	lw	s2,16(sp)
    7fc4:	49b2                	lw	s3,12(sp)
    7fc6:	6105                	addi	sp,sp,32
    7fc8:	8082                	ret
    7fca:	401c                	lw	a5,0(s0)
    7fcc:	8f85                	sub	a5,a5,s1
    7fce:	0207cf63          	bltz	a5,800c <_malloc_r+0xba>
    7fd2:	46ad                	li	a3,11
    7fd4:	00f6f663          	bgeu	a3,a5,7fe0 <_malloc_r+0x8e>
    7fd8:	c01c                	sw	a5,0(s0)
    7fda:	943e                	add	s0,s0,a5
    7fdc:	c004                	sw	s1,0(s0)
    7fde:	a031                	j	7fea <_malloc_r+0x98>
    7fe0:	405c                	lw	a5,4(s0)
    7fe2:	02871363          	bne	a4,s0,8008 <_malloc_r+0xb6>
    7fe6:	82f1ae23          	sw	a5,-1988(gp) # 2000022c <__malloc_free_list>
    7fea:	854a                	mv	a0,s2
    7fec:	2c2010ef          	jal	ra,92ae <__malloc_unlock>
    7ff0:	00b40513          	addi	a0,s0,11
    7ff4:	00440793          	addi	a5,s0,4
    7ff8:	9961                	andi	a0,a0,-8
    7ffa:	40f50733          	sub	a4,a0,a5
    7ffe:	df5d                	beqz	a4,7fbc <_malloc_r+0x6a>
    8000:	943a                	add	s0,s0,a4
    8002:	8f89                	sub	a5,a5,a0
    8004:	c01c                	sw	a5,0(s0)
    8006:	bf5d                	j	7fbc <_malloc_r+0x6a>
    8008:	c35c                	sw	a5,4(a4)
    800a:	b7c5                	j	7fea <_malloc_r+0x98>
    800c:	8722                	mv	a4,s0
    800e:	4040                	lw	s0,4(s0)
    8010:	bf85                	j	7f80 <_malloc_r+0x2e>
    8012:	00350413          	addi	s0,a0,3
    8016:	9871                	andi	s0,s0,-4
    8018:	fc8502e3          	beq	a0,s0,7fdc <_malloc_r+0x8a>
    801c:	40a405b3          	sub	a1,s0,a0
    8020:	854a                	mv	a0,s2
    8022:	5ff000ef          	jal	ra,8e20 <_sbrk_r>
    8026:	fb351be3          	bne	a0,s3,7fdc <_malloc_r+0x8a>
    802a:	bfad                	j	7fa4 <_malloc_r+0x52>

0000802c <__ssputs_r>:
    802c:	1101                	addi	sp,sp,-32
    802e:	c84a                	sw	s2,16(sp)
    8030:	0085a903          	lw	s2,8(a1)
    8034:	cc22                	sw	s0,24(sp)
    8036:	c452                	sw	s4,8(sp)
    8038:	c05a                	sw	s6,0(sp)
    803a:	ce06                	sw	ra,28(sp)
    803c:	ca26                	sw	s1,20(sp)
    803e:	c64e                	sw	s3,12(sp)
    8040:	c256                	sw	s5,4(sp)
    8042:	842e                	mv	s0,a1
    8044:	8b32                	mv	s6,a2
    8046:	8a36                	mv	s4,a3
    8048:	0926e963          	bltu	a3,s2,80da <__ssputs_r+0xae>
    804c:	25de                	lhu	a5,12(a1)
    804e:	4807f713          	andi	a4,a5,1152
    8052:	c351                	beqz	a4,80d6 <__ssputs_r+0xaa>
    8054:	4004                	lw	s1,0(s0)
    8056:	498c                	lw	a1,16(a1)
    8058:	4858                	lw	a4,20(s0)
    805a:	8aaa                	mv	s5,a0
    805c:	40b489b3          	sub	s3,s1,a1
    8060:	448d                	li	s1,3
    8062:	02e484b3          	mul	s1,s1,a4
    8066:	4709                	li	a4,2
    8068:	02e4c4b3          	div	s1,s1,a4
    806c:	00168713          	addi	a4,a3,1
    8070:	974e                	add	a4,a4,s3
    8072:	00e4f363          	bgeu	s1,a4,8078 <__ssputs_r+0x4c>
    8076:	84ba                	mv	s1,a4
    8078:	4007f793          	andi	a5,a5,1024
    807c:	cfbd                	beqz	a5,80fa <__ssputs_r+0xce>
    807e:	85a6                	mv	a1,s1
    8080:	8556                	mv	a0,s5
    8082:	ed1ff0ef          	jal	ra,7f52 <_malloc_r>
    8086:	892a                	mv	s2,a0
    8088:	e11d                	bnez	a0,80ae <__ssputs_r+0x82>
    808a:	47b1                	li	a5,12
    808c:	00faa023          	sw	a5,0(s5)
    8090:	245e                	lhu	a5,12(s0)
    8092:	557d                	li	a0,-1
    8094:	0407e793          	ori	a5,a5,64
    8098:	a45e                	sh	a5,12(s0)
    809a:	40f2                	lw	ra,28(sp)
    809c:	4462                	lw	s0,24(sp)
    809e:	44d2                	lw	s1,20(sp)
    80a0:	4942                	lw	s2,16(sp)
    80a2:	49b2                	lw	s3,12(sp)
    80a4:	4a22                	lw	s4,8(sp)
    80a6:	4a92                	lw	s5,4(sp)
    80a8:	4b02                	lw	s6,0(sp)
    80aa:	6105                	addi	sp,sp,32
    80ac:	8082                	ret
    80ae:	480c                	lw	a1,16(s0)
    80b0:	864e                	mv	a2,s3
    80b2:	b96ff0ef          	jal	ra,7448 <memcpy>
    80b6:	245e                	lhu	a5,12(s0)
    80b8:	b7f7f793          	andi	a5,a5,-1153
    80bc:	0807e793          	ori	a5,a5,128
    80c0:	a45e                	sh	a5,12(s0)
    80c2:	01242823          	sw	s2,16(s0)
    80c6:	c844                	sw	s1,20(s0)
    80c8:	994e                	add	s2,s2,s3
    80ca:	413484b3          	sub	s1,s1,s3
    80ce:	01242023          	sw	s2,0(s0)
    80d2:	c404                	sw	s1,8(s0)
    80d4:	8952                	mv	s2,s4
    80d6:	012a7363          	bgeu	s4,s2,80dc <__ssputs_r+0xb0>
    80da:	8952                	mv	s2,s4
    80dc:	4008                	lw	a0,0(s0)
    80de:	864a                	mv	a2,s2
    80e0:	85da                	mv	a1,s6
    80e2:	184010ef          	jal	ra,9266 <memmove>
    80e6:	441c                	lw	a5,8(s0)
    80e8:	4501                	li	a0,0
    80ea:	412787b3          	sub	a5,a5,s2
    80ee:	c41c                	sw	a5,8(s0)
    80f0:	401c                	lw	a5,0(s0)
    80f2:	993e                	add	s2,s2,a5
    80f4:	01242023          	sw	s2,0(s0)
    80f8:	b74d                	j	809a <__ssputs_r+0x6e>
    80fa:	8626                	mv	a2,s1
    80fc:	8556                	mv	a0,s5
    80fe:	1b2010ef          	jal	ra,92b0 <_realloc_r>
    8102:	892a                	mv	s2,a0
    8104:	fd5d                	bnez	a0,80c2 <__ssputs_r+0x96>
    8106:	480c                	lw	a1,16(s0)
    8108:	8556                	mv	a0,s5
    810a:	da1ff0ef          	jal	ra,7eaa <_free_r>
    810e:	bfb5                	j	808a <__ssputs_r+0x5e>

00008110 <_svfiprintf_r>:
    8110:	25de                	lhu	a5,12(a1)
    8112:	7171                	addi	sp,sp,-176
    8114:	d326                	sw	s1,164(sp)
    8116:	d14a                	sw	s2,160(sp)
    8118:	cf4e                	sw	s3,156(sp)
    811a:	d706                	sw	ra,172(sp)
    811c:	d522                	sw	s0,168(sp)
    811e:	cd52                	sw	s4,152(sp)
    8120:	cb56                	sw	s5,148(sp)
    8122:	c95a                	sw	s6,144(sp)
    8124:	c75e                	sw	s7,140(sp)
    8126:	c562                	sw	s8,136(sp)
    8128:	c366                	sw	s9,132(sp)
    812a:	0807f793          	andi	a5,a5,128
    812e:	89aa                	mv	s3,a0
    8130:	892e                	mv	s2,a1
    8132:	84b2                	mv	s1,a2
    8134:	c3b9                	beqz	a5,817a <_svfiprintf_r+0x6a>
    8136:	499c                	lw	a5,16(a1)
    8138:	e3a9                	bnez	a5,817a <_svfiprintf_r+0x6a>
    813a:	04000593          	li	a1,64
    813e:	c636                	sw	a3,12(sp)
    8140:	e13ff0ef          	jal	ra,7f52 <_malloc_r>
    8144:	00a92023          	sw	a0,0(s2)
    8148:	00a92823          	sw	a0,16(s2)
    814c:	46b2                	lw	a3,12(sp)
    814e:	e115                	bnez	a0,8172 <_svfiprintf_r+0x62>
    8150:	47b1                	li	a5,12
    8152:	00f9a023          	sw	a5,0(s3)
    8156:	557d                	li	a0,-1
    8158:	50ba                	lw	ra,172(sp)
    815a:	542a                	lw	s0,168(sp)
    815c:	549a                	lw	s1,164(sp)
    815e:	590a                	lw	s2,160(sp)
    8160:	49fa                	lw	s3,156(sp)
    8162:	4a6a                	lw	s4,152(sp)
    8164:	4ada                	lw	s5,148(sp)
    8166:	4b4a                	lw	s6,144(sp)
    8168:	4bba                	lw	s7,140(sp)
    816a:	4c2a                	lw	s8,136(sp)
    816c:	4c9a                	lw	s9,132(sp)
    816e:	614d                	addi	sp,sp,176
    8170:	8082                	ret
    8172:	04000793          	li	a5,64
    8176:	00f92a23          	sw	a5,20(s2)
    817a:	02000793          	li	a5,32
    817e:	02f10ca3          	sb	a5,57(sp)
    8182:	03000793          	li	a5,48
    8186:	da02                	sw	zero,52(sp)
    8188:	02f10d23          	sb	a5,58(sp)
    818c:	ce36                	sw	a3,28(sp)
    818e:	02500b93          	li	s7,37
    8192:	00003a97          	auipc	s5,0x3
    8196:	f4aa8a93          	addi	s5,s5,-182 # b0dc <p05.3319+0xc>
    819a:	4c05                	li	s8,1
    819c:	4b29                	li	s6,10
    819e:	8426                	mv	s0,s1
    81a0:	201c                	lbu	a5,0(s0)
    81a2:	c399                	beqz	a5,81a8 <_svfiprintf_r+0x98>
    81a4:	09779963          	bne	a5,s7,8236 <_svfiprintf_r+0x126>
    81a8:	40940cb3          	sub	s9,s0,s1
    81ac:	000c8e63          	beqz	s9,81c8 <_svfiprintf_r+0xb8>
    81b0:	86e6                	mv	a3,s9
    81b2:	8626                	mv	a2,s1
    81b4:	85ca                	mv	a1,s2
    81b6:	854e                	mv	a0,s3
    81b8:	e75ff0ef          	jal	ra,802c <__ssputs_r>
    81bc:	57fd                	li	a5,-1
    81be:	18f50963          	beq	a0,a5,8350 <_svfiprintf_r+0x240>
    81c2:	56d2                	lw	a3,52(sp)
    81c4:	96e6                	add	a3,a3,s9
    81c6:	da36                	sw	a3,52(sp)
    81c8:	201c                	lbu	a5,0(s0)
    81ca:	18078363          	beqz	a5,8350 <_svfiprintf_r+0x240>
    81ce:	57fd                	li	a5,-1
    81d0:	00140493          	addi	s1,s0,1
    81d4:	d002                	sw	zero,32(sp)
    81d6:	d602                	sw	zero,44(sp)
    81d8:	d23e                	sw	a5,36(sp)
    81da:	d402                	sw	zero,40(sp)
    81dc:	060101a3          	sb	zero,99(sp)
    81e0:	dc82                	sw	zero,120(sp)
    81e2:	208c                	lbu	a1,0(s1)
    81e4:	4615                	li	a2,5
    81e6:	8556                	mv	a0,s5
    81e8:	a48ff0ef          	jal	ra,7430 <memchr>
    81ec:	00148413          	addi	s0,s1,1
    81f0:	5782                	lw	a5,32(sp)
    81f2:	e521                	bnez	a0,823a <_svfiprintf_r+0x12a>
    81f4:	0107f713          	andi	a4,a5,16
    81f8:	c709                	beqz	a4,8202 <_svfiprintf_r+0xf2>
    81fa:	02000713          	li	a4,32
    81fe:	06e101a3          	sb	a4,99(sp)
    8202:	0087f713          	andi	a4,a5,8
    8206:	c709                	beqz	a4,8210 <_svfiprintf_r+0x100>
    8208:	02b00713          	li	a4,43
    820c:	06e101a3          	sb	a4,99(sp)
    8210:	2094                	lbu	a3,0(s1)
    8212:	02a00713          	li	a4,42
    8216:	02e68a63          	beq	a3,a4,824a <_svfiprintf_r+0x13a>
    821a:	57b2                	lw	a5,44(sp)
    821c:	8426                	mv	s0,s1
    821e:	4681                	li	a3,0
    8220:	4625                	li	a2,9
    8222:	2018                	lbu	a4,0(s0)
    8224:	00140593          	addi	a1,s0,1
    8228:	fd070713          	addi	a4,a4,-48 # ffefffd0 <_eusrstack+0xdfef7fd0>
    822c:	06e67263          	bgeu	a2,a4,8290 <_svfiprintf_r+0x180>
    8230:	c68d                	beqz	a3,825a <_svfiprintf_r+0x14a>
    8232:	d63e                	sw	a5,44(sp)
    8234:	a01d                	j	825a <_svfiprintf_r+0x14a>
    8236:	0405                	addi	s0,s0,1
    8238:	b7a5                	j	81a0 <_svfiprintf_r+0x90>
    823a:	41550533          	sub	a0,a0,s5
    823e:	00ac1533          	sll	a0,s8,a0
    8242:	8fc9                	or	a5,a5,a0
    8244:	d03e                	sw	a5,32(sp)
    8246:	84a2                	mv	s1,s0
    8248:	bf69                	j	81e2 <_svfiprintf_r+0xd2>
    824a:	4772                	lw	a4,28(sp)
    824c:	00470693          	addi	a3,a4,4
    8250:	4318                	lw	a4,0(a4)
    8252:	ce36                	sw	a3,28(sp)
    8254:	02074763          	bltz	a4,8282 <_svfiprintf_r+0x172>
    8258:	d63a                	sw	a4,44(sp)
    825a:	2018                	lbu	a4,0(s0)
    825c:	02e00793          	li	a5,46
    8260:	04f71d63          	bne	a4,a5,82ba <_svfiprintf_r+0x1aa>
    8264:	3018                	lbu	a4,1(s0)
    8266:	02a00793          	li	a5,42
    826a:	02f71b63          	bne	a4,a5,82a0 <_svfiprintf_r+0x190>
    826e:	47f2                	lw	a5,28(sp)
    8270:	0409                	addi	s0,s0,2
    8272:	00478713          	addi	a4,a5,4 # 80000004 <_eusrstack+0x5fff8004>
    8276:	439c                	lw	a5,0(a5)
    8278:	ce3a                	sw	a4,28(sp)
    827a:	0207c163          	bltz	a5,829c <_svfiprintf_r+0x18c>
    827e:	d23e                	sw	a5,36(sp)
    8280:	a82d                	j	82ba <_svfiprintf_r+0x1aa>
    8282:	40e00733          	neg	a4,a4
    8286:	0027e793          	ori	a5,a5,2
    828a:	d63a                	sw	a4,44(sp)
    828c:	d03e                	sw	a5,32(sp)
    828e:	b7f1                	j	825a <_svfiprintf_r+0x14a>
    8290:	036787b3          	mul	a5,a5,s6
    8294:	4685                	li	a3,1
    8296:	842e                	mv	s0,a1
    8298:	97ba                	add	a5,a5,a4
    829a:	b761                	j	8222 <_svfiprintf_r+0x112>
    829c:	57fd                	li	a5,-1
    829e:	b7c5                	j	827e <_svfiprintf_r+0x16e>
    82a0:	0405                	addi	s0,s0,1
    82a2:	d202                	sw	zero,36(sp)
    82a4:	4681                	li	a3,0
    82a6:	4781                	li	a5,0
    82a8:	4625                	li	a2,9
    82aa:	2018                	lbu	a4,0(s0)
    82ac:	00140593          	addi	a1,s0,1
    82b0:	fd070713          	addi	a4,a4,-48
    82b4:	06e67663          	bgeu	a2,a4,8320 <_svfiprintf_r+0x210>
    82b8:	f2f9                	bnez	a3,827e <_svfiprintf_r+0x16e>
    82ba:	200c                	lbu	a1,0(s0)
    82bc:	460d                	li	a2,3
    82be:	00003517          	auipc	a0,0x3
    82c2:	e2650513          	addi	a0,a0,-474 # b0e4 <p05.3319+0x14>
    82c6:	96aff0ef          	jal	ra,7430 <memchr>
    82ca:	cd11                	beqz	a0,82e6 <_svfiprintf_r+0x1d6>
    82cc:	00003797          	auipc	a5,0x3
    82d0:	e1878793          	addi	a5,a5,-488 # b0e4 <p05.3319+0x14>
    82d4:	8d1d                	sub	a0,a0,a5
    82d6:	04000793          	li	a5,64
    82da:	00a797b3          	sll	a5,a5,a0
    82de:	5502                	lw	a0,32(sp)
    82e0:	0405                	addi	s0,s0,1
    82e2:	8d5d                	or	a0,a0,a5
    82e4:	d02a                	sw	a0,32(sp)
    82e6:	200c                	lbu	a1,0(s0)
    82e8:	4619                	li	a2,6
    82ea:	00003517          	auipc	a0,0x3
    82ee:	dfe50513          	addi	a0,a0,-514 # b0e8 <p05.3319+0x18>
    82f2:	00140493          	addi	s1,s0,1
    82f6:	02b10c23          	sb	a1,56(sp)
    82fa:	936ff0ef          	jal	ra,7430 <memchr>
    82fe:	c135                	beqz	a0,8362 <_svfiprintf_r+0x252>
    8300:	ffffc797          	auipc	a5,0xffffc
    8304:	8dc78793          	addi	a5,a5,-1828 # 3bdc <_printf_float>
    8308:	e795                	bnez	a5,8334 <_svfiprintf_r+0x224>
    830a:	5702                	lw	a4,32(sp)
    830c:	47f2                	lw	a5,28(sp)
    830e:	10077713          	andi	a4,a4,256
    8312:	cf09                	beqz	a4,832c <_svfiprintf_r+0x21c>
    8314:	0791                	addi	a5,a5,4
    8316:	ce3e                	sw	a5,28(sp)
    8318:	57d2                	lw	a5,52(sp)
    831a:	97d2                	add	a5,a5,s4
    831c:	da3e                	sw	a5,52(sp)
    831e:	b541                	j	819e <_svfiprintf_r+0x8e>
    8320:	036787b3          	mul	a5,a5,s6
    8324:	4685                	li	a3,1
    8326:	842e                	mv	s0,a1
    8328:	97ba                	add	a5,a5,a4
    832a:	b741                	j	82aa <_svfiprintf_r+0x19a>
    832c:	079d                	addi	a5,a5,7
    832e:	9be1                	andi	a5,a5,-8
    8330:	07a1                	addi	a5,a5,8
    8332:	b7d5                	j	8316 <_svfiprintf_r+0x206>
    8334:	0878                	addi	a4,sp,28
    8336:	00000697          	auipc	a3,0x0
    833a:	cf668693          	addi	a3,a3,-778 # 802c <__ssputs_r>
    833e:	864a                	mv	a2,s2
    8340:	100c                	addi	a1,sp,32
    8342:	854e                	mv	a0,s3
    8344:	899fb0ef          	jal	ra,3bdc <_printf_float>
    8348:	57fd                	li	a5,-1
    834a:	8a2a                	mv	s4,a0
    834c:	fcf516e3          	bne	a0,a5,8318 <_svfiprintf_r+0x208>
    8350:	00c95783          	lhu	a5,12(s2)
    8354:	557d                	li	a0,-1
    8356:	0407f793          	andi	a5,a5,64
    835a:	de079fe3          	bnez	a5,8158 <_svfiprintf_r+0x48>
    835e:	5552                	lw	a0,52(sp)
    8360:	bbe5                	j	8158 <_svfiprintf_r+0x48>
    8362:	0878                	addi	a4,sp,28
    8364:	00000697          	auipc	a3,0x0
    8368:	cc868693          	addi	a3,a3,-824 # 802c <__ssputs_r>
    836c:	864a                	mv	a2,s2
    836e:	100c                	addi	a1,sp,32
    8370:	854e                	mv	a0,s3
    8372:	e37fb0ef          	jal	ra,41a8 <_printf_i>
    8376:	bfc9                	j	8348 <_svfiprintf_r+0x238>

00008378 <_sungetc_r>:
    8378:	1141                	addi	sp,sp,-16
    837a:	c606                	sw	ra,12(sp)
    837c:	c422                	sw	s0,8(sp)
    837e:	c226                	sw	s1,4(sp)
    8380:	c04a                	sw	s2,0(sp)
    8382:	57fd                	li	a5,-1
    8384:	00f59a63          	bne	a1,a5,8398 <_sungetc_r+0x20>
    8388:	54fd                	li	s1,-1
    838a:	40b2                	lw	ra,12(sp)
    838c:	4422                	lw	s0,8(sp)
    838e:	8526                	mv	a0,s1
    8390:	4902                	lw	s2,0(sp)
    8392:	4492                	lw	s1,4(sp)
    8394:	0141                	addi	sp,sp,16
    8396:	8082                	ret
    8398:	265e                	lhu	a5,12(a2)
    839a:	0ff5f913          	andi	s2,a1,255
    839e:	0ff5f493          	andi	s1,a1,255
    83a2:	fdf7f793          	andi	a5,a5,-33
    83a6:	a65e                	sh	a5,12(a2)
    83a8:	5a5c                	lw	a5,52(a2)
    83aa:	4258                	lw	a4,4(a2)
    83ac:	c785                	beqz	a5,83d4 <_sungetc_r+0x5c>
    83ae:	5e1c                	lw	a5,56(a2)
    83b0:	8432                	mv	s0,a2
    83b2:	00f75c63          	bge	a4,a5,83ca <_sungetc_r+0x52>
    83b6:	401c                	lw	a5,0(s0)
    83b8:	fff78713          	addi	a4,a5,-1
    83bc:	c018                	sw	a4,0(s0)
    83be:	ff278fa3          	sb	s2,-1(a5)
    83c2:	405c                	lw	a5,4(s0)
    83c4:	0785                	addi	a5,a5,1
    83c6:	c05c                	sw	a5,4(s0)
    83c8:	b7c9                	j	838a <_sungetc_r+0x12>
    83ca:	85b2                	mv	a1,a2
    83cc:	51d000ef          	jal	ra,90e8 <__submore>
    83d0:	d17d                	beqz	a0,83b6 <_sungetc_r+0x3e>
    83d2:	bf5d                	j	8388 <_sungetc_r+0x10>
    83d4:	4a14                	lw	a3,16(a2)
    83d6:	421c                	lw	a5,0(a2)
    83d8:	ce81                	beqz	a3,83f0 <_sungetc_r+0x78>
    83da:	00f6fb63          	bgeu	a3,a5,83f0 <_sungetc_r+0x78>
    83de:	fff7c683          	lbu	a3,-1(a5)
    83e2:	00969763          	bne	a3,s1,83f0 <_sungetc_r+0x78>
    83e6:	17fd                	addi	a5,a5,-1
    83e8:	0705                	addi	a4,a4,1
    83ea:	c21c                	sw	a5,0(a2)
    83ec:	c258                	sw	a4,4(a2)
    83ee:	bf71                	j	838a <_sungetc_r+0x12>
    83f0:	de5c                	sw	a5,60(a2)
    83f2:	04460793          	addi	a5,a2,68
    83f6:	da5c                	sw	a5,52(a2)
    83f8:	478d                	li	a5,3
    83fa:	de1c                	sw	a5,56(a2)
    83fc:	04660793          	addi	a5,a2,70
    8400:	c21c                	sw	a5,0(a2)
    8402:	4785                	li	a5,1
    8404:	c238                	sw	a4,64(a2)
    8406:	05260323          	sb	s2,70(a2)
    840a:	c25c                	sw	a5,4(a2)
    840c:	bfbd                	j	838a <_sungetc_r+0x12>

0000840e <__ssrefill_r>:
    840e:	1141                	addi	sp,sp,-16
    8410:	c422                	sw	s0,8(sp)
    8412:	842e                	mv	s0,a1
    8414:	59cc                	lw	a1,52(a1)
    8416:	c606                	sw	ra,12(sp)
    8418:	c19d                	beqz	a1,843e <__ssrefill_r+0x30>
    841a:	04440793          	addi	a5,s0,68
    841e:	00f58463          	beq	a1,a5,8426 <__ssrefill_r+0x18>
    8422:	a89ff0ef          	jal	ra,7eaa <_free_r>
    8426:	403c                	lw	a5,64(s0)
    8428:	02042a23          	sw	zero,52(s0)
    842c:	c05c                	sw	a5,4(s0)
    842e:	cb81                	beqz	a5,843e <__ssrefill_r+0x30>
    8430:	5c5c                	lw	a5,60(s0)
    8432:	4501                	li	a0,0
    8434:	c01c                	sw	a5,0(s0)
    8436:	40b2                	lw	ra,12(sp)
    8438:	4422                	lw	s0,8(sp)
    843a:	0141                	addi	sp,sp,16
    843c:	8082                	ret
    843e:	481c                	lw	a5,16(s0)
    8440:	00042223          	sw	zero,4(s0)
    8444:	557d                	li	a0,-1
    8446:	c01c                	sw	a5,0(s0)
    8448:	245e                	lhu	a5,12(s0)
    844a:	0207e793          	ori	a5,a5,32
    844e:	a45e                	sh	a5,12(s0)
    8450:	b7dd                	j	8436 <__ssrefill_r+0x28>

00008452 <__ssvfiscanf_r>:
    8452:	d2010113          	addi	sp,sp,-736
    8456:	00000797          	auipc	a5,0x0
    845a:	f2278793          	addi	a5,a5,-222 # 8378 <_sungetc_r>
    845e:	2d312623          	sw	s3,716(sp)
    8462:	28f12c23          	sw	a5,664(sp)
    8466:	01c10993          	addi	s3,sp,28
    846a:	00000797          	auipc	a5,0x0
    846e:	fa478793          	addi	a5,a5,-92 # 840e <__ssrefill_r>
    8472:	2c812c23          	sw	s0,728(sp)
    8476:	2c912a23          	sw	s1,724(sp)
    847a:	2d212823          	sw	s2,720(sp)
    847e:	2d412423          	sw	s4,712(sp)
    8482:	2d512223          	sw	s5,708(sp)
    8486:	2d612023          	sw	s6,704(sp)
    848a:	2b712e23          	sw	s7,700(sp)
    848e:	2b812c23          	sw	s8,696(sp)
    8492:	2c112e23          	sw	ra,732(sp)
    8496:	2b912a23          	sw	s9,692(sp)
    849a:	2ba12823          	sw	s10,688(sp)
    849e:	2bb12623          	sw	s11,684(sp)
    84a2:	84aa                	mv	s1,a0
    84a4:	842e                	mv	s0,a1
    84a6:	12012423          	sw	zero,296(sp)
    84aa:	12012623          	sw	zero,300(sp)
    84ae:	13312823          	sw	s3,304(sp)
    84b2:	28f12e23          	sw	a5,668(sp)
    84b6:	cc36                	sw	a3,24(sp)
    84b8:	02500a13          	li	s4,37
    84bc:	02a00b13          	li	s6,42
    84c0:	4ba5                	li	s7,9
    84c2:	4929                	li	s2,10
    84c4:	00003a97          	auipc	s5,0x3
    84c8:	c20a8a93          	addi	s5,s5,-992 # b0e4 <p05.3319+0x14>
    84cc:	ffffcc17          	auipc	s8,0xffffc
    84d0:	f7ec0c13          	addi	s8,s8,-130 # 444a <_scanf_float>
    84d4:	221c                	lbu	a5,0(a2)
    84d6:	c632                	sw	a2,12(sp)
    84d8:	30078963          	beqz	a5,87ea <__ssvfiscanf_r+0x398>
    84dc:	df5fe0ef          	jal	ra,72d0 <__locale_ctype_ptr>
    84e0:	4632                	lw	a2,12(sp)
    84e2:	00064d83          	lbu	s11,0(a2)
    84e6:	00160c93          	addi	s9,a2,1
    84ea:	956e                	add	a0,a0,s11
    84ec:	311c                	lbu	a5,1(a0)
    84ee:	8ba1                	andi	a5,a5,8
    84f0:	c3a1                	beqz	a5,8530 <__ssvfiscanf_r+0xde>
    84f2:	405c                	lw	a5,4(s0)
    84f4:	02f05763          	blez	a5,8522 <__ssvfiscanf_r+0xd0>
    84f8:	dd9fe0ef          	jal	ra,72d0 <__locale_ctype_ptr>
    84fc:	401c                	lw	a5,0(s0)
    84fe:	2398                	lbu	a4,0(a5)
    8500:	953a                	add	a0,a0,a4
    8502:	3118                	lbu	a4,1(a0)
    8504:	8b21                	andi	a4,a4,8
    8506:	e319                	bnez	a4,850c <__ssvfiscanf_r+0xba>
    8508:	8666                	mv	a2,s9
    850a:	b7e9                	j	84d4 <__ssvfiscanf_r+0x82>
    850c:	12c12703          	lw	a4,300(sp)
    8510:	0785                	addi	a5,a5,1
    8512:	c01c                	sw	a5,0(s0)
    8514:	0705                	addi	a4,a4,1
    8516:	12e12623          	sw	a4,300(sp)
    851a:	4058                	lw	a4,4(s0)
    851c:	177d                	addi	a4,a4,-1
    851e:	c058                	sw	a4,4(s0)
    8520:	bfc9                	j	84f2 <__ssvfiscanf_r+0xa0>
    8522:	29c12783          	lw	a5,668(sp)
    8526:	85a2                	mv	a1,s0
    8528:	8526                	mv	a0,s1
    852a:	9782                	jalr	a5
    852c:	d571                	beqz	a0,84f8 <__ssvfiscanf_r+0xa6>
    852e:	bfe9                	j	8508 <__ssvfiscanf_r+0xb6>
    8530:	174d9763          	bne	s11,s4,869e <__ssvfiscanf_r+0x24c>
    8534:	12012223          	sw	zero,292(sp)
    8538:	10012e23          	sw	zero,284(sp)
    853c:	321c                	lbu	a5,1(a2)
    853e:	01679763          	bne	a5,s6,854c <__ssvfiscanf_r+0xfa>
    8542:	47c1                	li	a5,16
    8544:	10f12e23          	sw	a5,284(sp)
    8548:	00260c93          	addi	s9,a2,2
    854c:	000cc583          	lbu	a1,0(s9)
    8550:	8d66                	mv	s10,s9
    8552:	0c85                	addi	s9,s9,1
    8554:	fd058793          	addi	a5,a1,-48
    8558:	06fbf063          	bgeu	s7,a5,85b8 <__ssvfiscanf_r+0x166>
    855c:	460d                	li	a2,3
    855e:	8556                	mv	a0,s5
    8560:	ed1fe0ef          	jal	ra,7430 <memchr>
    8564:	cd01                	beqz	a0,857c <__ssvfiscanf_r+0x12a>
    8566:	41550533          	sub	a0,a0,s5
    856a:	4785                	li	a5,1
    856c:	00a797b3          	sll	a5,a5,a0
    8570:	11c12503          	lw	a0,284(sp)
    8574:	8d66                	mv	s10,s9
    8576:	8d5d                	or	a0,a0,a5
    8578:	10a12e23          	sw	a0,284(sp)
    857c:	000d4783          	lbu	a5,0(s10)
    8580:	06700713          	li	a4,103
    8584:	001d0c93          	addi	s9,s10,1
    8588:	08f76663          	bltu	a4,a5,8614 <__ssvfiscanf_r+0x1c2>
    858c:	06500713          	li	a4,101
    8590:	1ae7fb63          	bgeu	a5,a4,8746 <__ssvfiscanf_r+0x2f4>
    8594:	04700713          	li	a4,71
    8598:	02f76a63          	bltu	a4,a5,85cc <__ssvfiscanf_r+0x17a>
    859c:	04500713          	li	a4,69
    85a0:	1ae7f363          	bgeu	a5,a4,8746 <__ssvfiscanf_r+0x2f4>
    85a4:	12078863          	beqz	a5,86d4 <__ssvfiscanf_r+0x282>
    85a8:	0f478b63          	beq	a5,s4,869e <__ssvfiscanf_r+0x24c>
    85ac:	478d                	li	a5,3
    85ae:	12f12a23          	sw	a5,308(sp)
    85b2:	13212023          	sw	s2,288(sp)
    85b6:	a061                	j	863e <__ssvfiscanf_r+0x1ec>
    85b8:	12412783          	lw	a5,292(sp)
    85bc:	02f907b3          	mul	a5,s2,a5
    85c0:	fd078793          	addi	a5,a5,-48
    85c4:	97ae                	add	a5,a5,a1
    85c6:	12f12223          	sw	a5,292(sp)
    85ca:	b749                	j	854c <__ssvfiscanf_r+0xfa>
    85cc:	05b00713          	li	a4,91
    85d0:	12e78063          	beq	a5,a4,86f0 <__ssvfiscanf_r+0x29e>
    85d4:	02f76563          	bltu	a4,a5,85fe <__ssvfiscanf_r+0x1ac>
    85d8:	05800713          	li	a4,88
    85dc:	fce798e3          	bne	a5,a4,85ac <__ssvfiscanf_r+0x15a>
    85e0:	11c12703          	lw	a4,284(sp)
    85e4:	20076713          	ori	a4,a4,512
    85e8:	10e12e23          	sw	a4,284(sp)
    85ec:	4741                	li	a4,16
    85ee:	12e12023          	sw	a4,288(sp)
    85f2:	06e00713          	li	a4,110
    85f6:	00f737b3          	sltu	a5,a4,a5
    85fa:	078d                	addi	a5,a5,3
    85fc:	a83d                	j	863a <__ssvfiscanf_r+0x1e8>
    85fe:	06300713          	li	a4,99
    8602:	10e78363          	beq	a5,a4,8708 <__ssvfiscanf_r+0x2b6>
    8606:	06400713          	li	a4,100
    860a:	fae791e3          	bne	a5,a4,85ac <__ssvfiscanf_r+0x15a>
    860e:	13212023          	sw	s2,288(sp)
    8612:	b7c5                	j	85f2 <__ssvfiscanf_r+0x1a0>
    8614:	07000713          	li	a4,112
    8618:	0ce78063          	beq	a5,a4,86d8 <__ssvfiscanf_r+0x286>
    861c:	06f76363          	bltu	a4,a5,8682 <__ssvfiscanf_r+0x230>
    8620:	06e00713          	li	a4,110
    8624:	0ee78b63          	beq	a5,a4,871a <__ssvfiscanf_r+0x2c8>
    8628:	0af76f63          	bltu	a4,a5,86e6 <__ssvfiscanf_r+0x294>
    862c:	06900713          	li	a4,105
    8630:	f6e79ee3          	bne	a5,a4,85ac <__ssvfiscanf_r+0x15a>
    8634:	12012023          	sw	zero,288(sp)
    8638:	478d                	li	a5,3
    863a:	12f12a23          	sw	a5,308(sp)
    863e:	405c                	lw	a5,4(s0)
    8640:	10f05563          	blez	a5,874a <__ssvfiscanf_r+0x2f8>
    8644:	11c12783          	lw	a5,284(sp)
    8648:	0407f793          	andi	a5,a5,64
    864c:	eb91                	bnez	a5,8660 <__ssvfiscanf_r+0x20e>
    864e:	c83fe0ef          	jal	ra,72d0 <__locale_ctype_ptr>
    8652:	401c                	lw	a5,0(s0)
    8654:	2398                	lbu	a4,0(a5)
    8656:	953a                	add	a0,a0,a4
    8658:	3118                	lbu	a4,1(a0)
    865a:	8b21                	andi	a4,a4,8
    865c:	0e071f63          	bnez	a4,875a <__ssvfiscanf_r+0x308>
    8660:	13412783          	lw	a5,308(sp)
    8664:	4709                	li	a4,2
    8666:	10f74f63          	blt	a4,a5,8784 <__ssvfiscanf_r+0x332>
    866a:	0834                	addi	a3,sp,24
    866c:	8622                	mv	a2,s0
    866e:	0a6c                	addi	a1,sp,284
    8670:	8526                	mv	a0,s1
    8672:	2995                	jal	8ae6 <_scanf_chars>
    8674:	4785                	li	a5,1
    8676:	16f50a63          	beq	a0,a5,87ea <__ssvfiscanf_r+0x398>
    867a:	4789                	li	a5,2
    867c:	e8f516e3          	bne	a0,a5,8508 <__ssvfiscanf_r+0xb6>
    8680:	a0b9                	j	86ce <__ssvfiscanf_r+0x27c>
    8682:	07500713          	li	a4,117
    8686:	f8e784e3          	beq	a5,a4,860e <__ssvfiscanf_r+0x1bc>
    868a:	07800713          	li	a4,120
    868e:	f4e789e3          	beq	a5,a4,85e0 <__ssvfiscanf_r+0x18e>
    8692:	07300713          	li	a4,115
    8696:	f0e79be3          	bne	a5,a4,85ac <__ssvfiscanf_r+0x15a>
    869a:	4789                	li	a5,2
    869c:	bf79                	j	863a <__ssvfiscanf_r+0x1e8>
    869e:	405c                	lw	a5,4(s0)
    86a0:	02f05163          	blez	a5,86c2 <__ssvfiscanf_r+0x270>
    86a4:	401c                	lw	a5,0(s0)
    86a6:	2398                	lbu	a4,0(a5)
    86a8:	15b71163          	bne	a4,s11,87ea <__ssvfiscanf_r+0x398>
    86ac:	0785                	addi	a5,a5,1
    86ae:	4058                	lw	a4,4(s0)
    86b0:	c01c                	sw	a5,0(s0)
    86b2:	12c12783          	lw	a5,300(sp)
    86b6:	177d                	addi	a4,a4,-1
    86b8:	c058                	sw	a4,4(s0)
    86ba:	0785                	addi	a5,a5,1
    86bc:	12f12623          	sw	a5,300(sp)
    86c0:	b5a1                	j	8508 <__ssvfiscanf_r+0xb6>
    86c2:	29c12783          	lw	a5,668(sp)
    86c6:	85a2                	mv	a1,s0
    86c8:	8526                	mv	a0,s1
    86ca:	9782                	jalr	a5
    86cc:	dd61                	beqz	a0,86a4 <__ssvfiscanf_r+0x252>
    86ce:	12812503          	lw	a0,296(sp)
    86d2:	e979                	bnez	a0,87a8 <__ssvfiscanf_r+0x356>
    86d4:	557d                	li	a0,-1
    86d6:	a8e9                	j	87b0 <__ssvfiscanf_r+0x35e>
    86d8:	11c12703          	lw	a4,284(sp)
    86dc:	02076713          	ori	a4,a4,32
    86e0:	10e12e23          	sw	a4,284(sp)
    86e4:	bdf5                	j	85e0 <__ssvfiscanf_r+0x18e>
    86e6:	47a1                	li	a5,8
    86e8:	12f12023          	sw	a5,288(sp)
    86ec:	4791                	li	a5,4
    86ee:	b7b1                	j	863a <__ssvfiscanf_r+0x1e8>
    86f0:	85e6                	mv	a1,s9
    86f2:	854e                	mv	a0,s3
    86f4:	2f99                	jal	8e4a <__sccl>
    86f6:	11c12783          	lw	a5,284(sp)
    86fa:	8caa                	mv	s9,a0
    86fc:	0407e793          	ori	a5,a5,64
    8700:	10f12e23          	sw	a5,284(sp)
    8704:	4785                	li	a5,1
    8706:	bf15                	j	863a <__ssvfiscanf_r+0x1e8>
    8708:	11c12783          	lw	a5,284(sp)
    870c:	12012a23          	sw	zero,308(sp)
    8710:	0407e793          	ori	a5,a5,64
    8714:	10f12e23          	sw	a5,284(sp)
    8718:	b71d                	j	863e <__ssvfiscanf_r+0x1ec>
    871a:	11c12783          	lw	a5,284(sp)
    871e:	0107f713          	andi	a4,a5,16
    8722:	de0713e3          	bnez	a4,8508 <__ssvfiscanf_r+0xb6>
    8726:	4762                	lw	a4,24(sp)
    8728:	0017f593          	andi	a1,a5,1
    872c:	12c12683          	lw	a3,300(sp)
    8730:	00470613          	addi	a2,a4,4
    8734:	c589                	beqz	a1,873e <__ssvfiscanf_r+0x2ec>
    8736:	cc32                	sw	a2,24(sp)
    8738:	431c                	lw	a5,0(a4)
    873a:	a396                	sh	a3,0(a5)
    873c:	b3f1                	j	8508 <__ssvfiscanf_r+0xb6>
    873e:	cc32                	sw	a2,24(sp)
    8740:	431c                	lw	a5,0(a4)
    8742:	c394                	sw	a3,0(a5)
    8744:	b3d1                	j	8508 <__ssvfiscanf_r+0xb6>
    8746:	4795                	li	a5,5
    8748:	bdcd                	j	863a <__ssvfiscanf_r+0x1e8>
    874a:	29c12783          	lw	a5,668(sp)
    874e:	85a2                	mv	a1,s0
    8750:	8526                	mv	a0,s1
    8752:	9782                	jalr	a5
    8754:	ee0508e3          	beqz	a0,8644 <__ssvfiscanf_r+0x1f2>
    8758:	bf9d                	j	86ce <__ssvfiscanf_r+0x27c>
    875a:	12c12703          	lw	a4,300(sp)
    875e:	0705                	addi	a4,a4,1
    8760:	12e12623          	sw	a4,300(sp)
    8764:	4058                	lw	a4,4(s0)
    8766:	177d                	addi	a4,a4,-1
    8768:	c058                	sw	a4,4(s0)
    876a:	00e05563          	blez	a4,8774 <__ssvfiscanf_r+0x322>
    876e:	0785                	addi	a5,a5,1
    8770:	c01c                	sw	a5,0(s0)
    8772:	bdf1                	j	864e <__ssvfiscanf_r+0x1fc>
    8774:	29c12783          	lw	a5,668(sp)
    8778:	85a2                	mv	a1,s0
    877a:	8526                	mv	a0,s1
    877c:	9782                	jalr	a5
    877e:	ec0508e3          	beqz	a0,864e <__ssvfiscanf_r+0x1fc>
    8782:	b7b1                	j	86ce <__ssvfiscanf_r+0x27c>
    8784:	4711                	li	a4,4
    8786:	00f74863          	blt	a4,a5,8796 <__ssvfiscanf_r+0x344>
    878a:	0834                	addi	a3,sp,24
    878c:	8622                	mv	a2,s0
    878e:	0a6c                	addi	a1,sp,284
    8790:	8526                	mv	a0,s1
    8792:	291d                	jal	8bc8 <_scanf_i>
    8794:	b5c5                	j	8674 <__ssvfiscanf_r+0x222>
    8796:	d60c09e3          	beqz	s8,8508 <__ssvfiscanf_r+0xb6>
    879a:	0834                	addi	a3,sp,24
    879c:	8622                	mv	a2,s0
    879e:	0a6c                	addi	a1,sp,284
    87a0:	8526                	mv	a0,s1
    87a2:	ca9fb0ef          	jal	ra,444a <_scanf_float>
    87a6:	b5f9                	j	8674 <__ssvfiscanf_r+0x222>
    87a8:	245e                	lhu	a5,12(s0)
    87aa:	0407f793          	andi	a5,a5,64
    87ae:	f39d                	bnez	a5,86d4 <__ssvfiscanf_r+0x282>
    87b0:	2dc12083          	lw	ra,732(sp)
    87b4:	2d812403          	lw	s0,728(sp)
    87b8:	2d412483          	lw	s1,724(sp)
    87bc:	2d012903          	lw	s2,720(sp)
    87c0:	2cc12983          	lw	s3,716(sp)
    87c4:	2c812a03          	lw	s4,712(sp)
    87c8:	2c412a83          	lw	s5,708(sp)
    87cc:	2c012b03          	lw	s6,704(sp)
    87d0:	2bc12b83          	lw	s7,700(sp)
    87d4:	2b812c03          	lw	s8,696(sp)
    87d8:	2b412c83          	lw	s9,692(sp)
    87dc:	2b012d03          	lw	s10,688(sp)
    87e0:	2ac12d83          	lw	s11,684(sp)
    87e4:	2e010113          	addi	sp,sp,736
    87e8:	8082                	ret
    87ea:	12812503          	lw	a0,296(sp)
    87ee:	b7c9                	j	87b0 <__ssvfiscanf_r+0x35e>

000087f0 <__sfputc_r>:
    87f0:	461c                	lw	a5,8(a2)
    87f2:	17fd                	addi	a5,a5,-1
    87f4:	c61c                	sw	a5,8(a2)
    87f6:	0007da63          	bgez	a5,880a <__sfputc_r+0x1a>
    87fa:	4e18                	lw	a4,24(a2)
    87fc:	00e7c563          	blt	a5,a4,8806 <__sfputc_r+0x16>
    8800:	47a9                	li	a5,10
    8802:	00f59463          	bne	a1,a5,880a <__sfputc_r+0x1a>
    8806:	8b2fd06f          	j	58b8 <__swbuf_r>
    880a:	421c                	lw	a5,0(a2)
    880c:	852e                	mv	a0,a1
    880e:	00178713          	addi	a4,a5,1
    8812:	c218                	sw	a4,0(a2)
    8814:	a38c                	sb	a1,0(a5)
    8816:	8082                	ret

00008818 <__sfputs_r>:
    8818:	1101                	addi	sp,sp,-32
    881a:	cc22                	sw	s0,24(sp)
    881c:	ca26                	sw	s1,20(sp)
    881e:	c84a                	sw	s2,16(sp)
    8820:	c64e                	sw	s3,12(sp)
    8822:	c452                	sw	s4,8(sp)
    8824:	ce06                	sw	ra,28(sp)
    8826:	892a                	mv	s2,a0
    8828:	89ae                	mv	s3,a1
    882a:	8432                	mv	s0,a2
    882c:	00d604b3          	add	s1,a2,a3
    8830:	5a7d                	li	s4,-1
    8832:	00941463          	bne	s0,s1,883a <__sfputs_r+0x22>
    8836:	4501                	li	a0,0
    8838:	a809                	j	884a <__sfputs_r+0x32>
    883a:	200c                	lbu	a1,0(s0)
    883c:	864e                	mv	a2,s3
    883e:	854a                	mv	a0,s2
    8840:	fb1ff0ef          	jal	ra,87f0 <__sfputc_r>
    8844:	0405                	addi	s0,s0,1
    8846:	ff4516e3          	bne	a0,s4,8832 <__sfputs_r+0x1a>
    884a:	40f2                	lw	ra,28(sp)
    884c:	4462                	lw	s0,24(sp)
    884e:	44d2                	lw	s1,20(sp)
    8850:	4942                	lw	s2,16(sp)
    8852:	49b2                	lw	s3,12(sp)
    8854:	4a22                	lw	s4,8(sp)
    8856:	6105                	addi	sp,sp,32
    8858:	8082                	ret

0000885a <_vfiprintf_r>:
    885a:	7135                	addi	sp,sp,-160
    885c:	cd22                	sw	s0,152(sp)
    885e:	cb26                	sw	s1,148(sp)
    8860:	c94a                	sw	s2,144(sp)
    8862:	c74e                	sw	s3,140(sp)
    8864:	cf06                	sw	ra,156(sp)
    8866:	c552                	sw	s4,136(sp)
    8868:	c356                	sw	s5,132(sp)
    886a:	c15a                	sw	s6,128(sp)
    886c:	dede                	sw	s7,124(sp)
    886e:	dce2                	sw	s8,120(sp)
    8870:	dae6                	sw	s9,116(sp)
    8872:	89aa                	mv	s3,a0
    8874:	84ae                	mv	s1,a1
    8876:	8932                	mv	s2,a2
    8878:	8436                	mv	s0,a3
    887a:	c509                	beqz	a0,8884 <_vfiprintf_r+0x2a>
    887c:	4d1c                	lw	a5,24(a0)
    887e:	e399                	bnez	a5,8884 <_vfiprintf_r+0x2a>
    8880:	99cfe0ef          	jal	ra,6a1c <__sinit>
    8884:	00002797          	auipc	a5,0x2
    8888:	70c78793          	addi	a5,a5,1804 # af90 <__sf_fake_stdin>
    888c:	0cf49963          	bne	s1,a5,895e <_vfiprintf_r+0x104>
    8890:	0049a483          	lw	s1,4(s3)
    8894:	24de                	lhu	a5,12(s1)
    8896:	8ba1                	andi	a5,a5,8
    8898:	c7ed                	beqz	a5,8982 <_vfiprintf_r+0x128>
    889a:	489c                	lw	a5,16(s1)
    889c:	c3fd                	beqz	a5,8982 <_vfiprintf_r+0x128>
    889e:	02000793          	li	a5,32
    88a2:	02f104a3          	sb	a5,41(sp)
    88a6:	03000793          	li	a5,48
    88aa:	d202                	sw	zero,36(sp)
    88ac:	02f10523          	sb	a5,42(sp)
    88b0:	c622                	sw	s0,12(sp)
    88b2:	02500b93          	li	s7,37
    88b6:	00003a97          	auipc	s5,0x3
    88ba:	826a8a93          	addi	s5,s5,-2010 # b0dc <p05.3319+0xc>
    88be:	4c05                	li	s8,1
    88c0:	4b29                	li	s6,10
    88c2:	844a                	mv	s0,s2
    88c4:	201c                	lbu	a5,0(s0)
    88c6:	c399                	beqz	a5,88cc <_vfiprintf_r+0x72>
    88c8:	0f779063          	bne	a5,s7,89a8 <_vfiprintf_r+0x14e>
    88cc:	41240cb3          	sub	s9,s0,s2
    88d0:	000c8e63          	beqz	s9,88ec <_vfiprintf_r+0x92>
    88d4:	86e6                	mv	a3,s9
    88d6:	864a                	mv	a2,s2
    88d8:	85a6                	mv	a1,s1
    88da:	854e                	mv	a0,s3
    88dc:	f3dff0ef          	jal	ra,8818 <__sfputs_r>
    88e0:	57fd                	li	a5,-1
    88e2:	1ef50063          	beq	a0,a5,8ac2 <_vfiprintf_r+0x268>
    88e6:	5692                	lw	a3,36(sp)
    88e8:	96e6                	add	a3,a3,s9
    88ea:	d236                	sw	a3,36(sp)
    88ec:	201c                	lbu	a5,0(s0)
    88ee:	1c078a63          	beqz	a5,8ac2 <_vfiprintf_r+0x268>
    88f2:	57fd                	li	a5,-1
    88f4:	00140913          	addi	s2,s0,1
    88f8:	c802                	sw	zero,16(sp)
    88fa:	ce02                	sw	zero,28(sp)
    88fc:	ca3e                	sw	a5,20(sp)
    88fe:	cc02                	sw	zero,24(sp)
    8900:	040109a3          	sb	zero,83(sp)
    8904:	d482                	sw	zero,104(sp)
    8906:	00094583          	lbu	a1,0(s2)
    890a:	4615                	li	a2,5
    890c:	8556                	mv	a0,s5
    890e:	b23fe0ef          	jal	ra,7430 <memchr>
    8912:	00190413          	addi	s0,s2,1
    8916:	47c2                	lw	a5,16(sp)
    8918:	e951                	bnez	a0,89ac <_vfiprintf_r+0x152>
    891a:	0107f713          	andi	a4,a5,16
    891e:	c709                	beqz	a4,8928 <_vfiprintf_r+0xce>
    8920:	02000713          	li	a4,32
    8924:	04e109a3          	sb	a4,83(sp)
    8928:	0087f713          	andi	a4,a5,8
    892c:	c709                	beqz	a4,8936 <_vfiprintf_r+0xdc>
    892e:	02b00713          	li	a4,43
    8932:	04e109a3          	sb	a4,83(sp)
    8936:	00094683          	lbu	a3,0(s2)
    893a:	02a00713          	li	a4,42
    893e:	06e68f63          	beq	a3,a4,89bc <_vfiprintf_r+0x162>
    8942:	47f2                	lw	a5,28(sp)
    8944:	844a                	mv	s0,s2
    8946:	4681                	li	a3,0
    8948:	4625                	li	a2,9
    894a:	2018                	lbu	a4,0(s0)
    894c:	00140593          	addi	a1,s0,1
    8950:	fd070713          	addi	a4,a4,-48
    8954:	0ae67763          	bgeu	a2,a4,8a02 <_vfiprintf_r+0x1a8>
    8958:	cab5                	beqz	a3,89cc <_vfiprintf_r+0x172>
    895a:	ce3e                	sw	a5,28(sp)
    895c:	a885                	j	89cc <_vfiprintf_r+0x172>
    895e:	00002797          	auipc	a5,0x2
    8962:	65278793          	addi	a5,a5,1618 # afb0 <__sf_fake_stdout>
    8966:	00f49563          	bne	s1,a5,8970 <_vfiprintf_r+0x116>
    896a:	0089a483          	lw	s1,8(s3)
    896e:	b71d                	j	8894 <_vfiprintf_r+0x3a>
    8970:	00002797          	auipc	a5,0x2
    8974:	60078793          	addi	a5,a5,1536 # af70 <__sf_fake_stderr>
    8978:	f0f49ee3          	bne	s1,a5,8894 <_vfiprintf_r+0x3a>
    897c:	00c9a483          	lw	s1,12(s3)
    8980:	bf11                	j	8894 <_vfiprintf_r+0x3a>
    8982:	85a6                	mv	a1,s1
    8984:	854e                	mv	a0,s3
    8986:	ff5fc0ef          	jal	ra,597a <__swsetup_r>
    898a:	d911                	beqz	a0,889e <_vfiprintf_r+0x44>
    898c:	557d                	li	a0,-1
    898e:	40fa                	lw	ra,156(sp)
    8990:	446a                	lw	s0,152(sp)
    8992:	44da                	lw	s1,148(sp)
    8994:	494a                	lw	s2,144(sp)
    8996:	49ba                	lw	s3,140(sp)
    8998:	4a2a                	lw	s4,136(sp)
    899a:	4a9a                	lw	s5,132(sp)
    899c:	4b0a                	lw	s6,128(sp)
    899e:	5bf6                	lw	s7,124(sp)
    89a0:	5c66                	lw	s8,120(sp)
    89a2:	5cd6                	lw	s9,116(sp)
    89a4:	610d                	addi	sp,sp,160
    89a6:	8082                	ret
    89a8:	0405                	addi	s0,s0,1
    89aa:	bf29                	j	88c4 <_vfiprintf_r+0x6a>
    89ac:	41550533          	sub	a0,a0,s5
    89b0:	00ac1533          	sll	a0,s8,a0
    89b4:	8fc9                	or	a5,a5,a0
    89b6:	c83e                	sw	a5,16(sp)
    89b8:	8922                	mv	s2,s0
    89ba:	b7b1                	j	8906 <_vfiprintf_r+0xac>
    89bc:	4732                	lw	a4,12(sp)
    89be:	00470693          	addi	a3,a4,4
    89c2:	4318                	lw	a4,0(a4)
    89c4:	c636                	sw	a3,12(sp)
    89c6:	02074763          	bltz	a4,89f4 <_vfiprintf_r+0x19a>
    89ca:	ce3a                	sw	a4,28(sp)
    89cc:	2018                	lbu	a4,0(s0)
    89ce:	02e00793          	li	a5,46
    89d2:	04f71d63          	bne	a4,a5,8a2c <_vfiprintf_r+0x1d2>
    89d6:	3018                	lbu	a4,1(s0)
    89d8:	02a00793          	li	a5,42
    89dc:	02f71b63          	bne	a4,a5,8a12 <_vfiprintf_r+0x1b8>
    89e0:	47b2                	lw	a5,12(sp)
    89e2:	0409                	addi	s0,s0,2
    89e4:	00478713          	addi	a4,a5,4
    89e8:	439c                	lw	a5,0(a5)
    89ea:	c63a                	sw	a4,12(sp)
    89ec:	0207c163          	bltz	a5,8a0e <_vfiprintf_r+0x1b4>
    89f0:	ca3e                	sw	a5,20(sp)
    89f2:	a82d                	j	8a2c <_vfiprintf_r+0x1d2>
    89f4:	40e00733          	neg	a4,a4
    89f8:	0027e793          	ori	a5,a5,2
    89fc:	ce3a                	sw	a4,28(sp)
    89fe:	c83e                	sw	a5,16(sp)
    8a00:	b7f1                	j	89cc <_vfiprintf_r+0x172>
    8a02:	036787b3          	mul	a5,a5,s6
    8a06:	4685                	li	a3,1
    8a08:	842e                	mv	s0,a1
    8a0a:	97ba                	add	a5,a5,a4
    8a0c:	bf3d                	j	894a <_vfiprintf_r+0xf0>
    8a0e:	57fd                	li	a5,-1
    8a10:	b7c5                	j	89f0 <_vfiprintf_r+0x196>
    8a12:	0405                	addi	s0,s0,1
    8a14:	ca02                	sw	zero,20(sp)
    8a16:	4681                	li	a3,0
    8a18:	4781                	li	a5,0
    8a1a:	4625                	li	a2,9
    8a1c:	2018                	lbu	a4,0(s0)
    8a1e:	00140593          	addi	a1,s0,1
    8a22:	fd070713          	addi	a4,a4,-48
    8a26:	06e67663          	bgeu	a2,a4,8a92 <_vfiprintf_r+0x238>
    8a2a:	f2f9                	bnez	a3,89f0 <_vfiprintf_r+0x196>
    8a2c:	200c                	lbu	a1,0(s0)
    8a2e:	460d                	li	a2,3
    8a30:	00002517          	auipc	a0,0x2
    8a34:	6b450513          	addi	a0,a0,1716 # b0e4 <p05.3319+0x14>
    8a38:	9f9fe0ef          	jal	ra,7430 <memchr>
    8a3c:	cd11                	beqz	a0,8a58 <_vfiprintf_r+0x1fe>
    8a3e:	00002797          	auipc	a5,0x2
    8a42:	6a678793          	addi	a5,a5,1702 # b0e4 <p05.3319+0x14>
    8a46:	8d1d                	sub	a0,a0,a5
    8a48:	04000793          	li	a5,64
    8a4c:	00a797b3          	sll	a5,a5,a0
    8a50:	4542                	lw	a0,16(sp)
    8a52:	0405                	addi	s0,s0,1
    8a54:	8d5d                	or	a0,a0,a5
    8a56:	c82a                	sw	a0,16(sp)
    8a58:	200c                	lbu	a1,0(s0)
    8a5a:	4619                	li	a2,6
    8a5c:	00002517          	auipc	a0,0x2
    8a60:	68c50513          	addi	a0,a0,1676 # b0e8 <p05.3319+0x18>
    8a64:	00140913          	addi	s2,s0,1
    8a68:	02b10423          	sb	a1,40(sp)
    8a6c:	9c5fe0ef          	jal	ra,7430 <memchr>
    8a70:	c125                	beqz	a0,8ad0 <_vfiprintf_r+0x276>
    8a72:	ffffb797          	auipc	a5,0xffffb
    8a76:	16a78793          	addi	a5,a5,362 # 3bdc <_printf_float>
    8a7a:	e795                	bnez	a5,8aa6 <_vfiprintf_r+0x24c>
    8a7c:	4742                	lw	a4,16(sp)
    8a7e:	47b2                	lw	a5,12(sp)
    8a80:	10077713          	andi	a4,a4,256
    8a84:	cf09                	beqz	a4,8a9e <_vfiprintf_r+0x244>
    8a86:	0791                	addi	a5,a5,4
    8a88:	c63e                	sw	a5,12(sp)
    8a8a:	5792                	lw	a5,36(sp)
    8a8c:	97d2                	add	a5,a5,s4
    8a8e:	d23e                	sw	a5,36(sp)
    8a90:	bd0d                	j	88c2 <_vfiprintf_r+0x68>
    8a92:	036787b3          	mul	a5,a5,s6
    8a96:	4685                	li	a3,1
    8a98:	842e                	mv	s0,a1
    8a9a:	97ba                	add	a5,a5,a4
    8a9c:	b741                	j	8a1c <_vfiprintf_r+0x1c2>
    8a9e:	079d                	addi	a5,a5,7
    8aa0:	9be1                	andi	a5,a5,-8
    8aa2:	07a1                	addi	a5,a5,8
    8aa4:	b7d5                	j	8a88 <_vfiprintf_r+0x22e>
    8aa6:	0078                	addi	a4,sp,12
    8aa8:	00000697          	auipc	a3,0x0
    8aac:	d7068693          	addi	a3,a3,-656 # 8818 <__sfputs_r>
    8ab0:	8626                	mv	a2,s1
    8ab2:	080c                	addi	a1,sp,16
    8ab4:	854e                	mv	a0,s3
    8ab6:	926fb0ef          	jal	ra,3bdc <_printf_float>
    8aba:	57fd                	li	a5,-1
    8abc:	8a2a                	mv	s4,a0
    8abe:	fcf516e3          	bne	a0,a5,8a8a <_vfiprintf_r+0x230>
    8ac2:	24de                	lhu	a5,12(s1)
    8ac4:	0407f793          	andi	a5,a5,64
    8ac8:	ec0792e3          	bnez	a5,898c <_vfiprintf_r+0x132>
    8acc:	5512                	lw	a0,36(sp)
    8ace:	b5c1                	j	898e <_vfiprintf_r+0x134>
    8ad0:	0078                	addi	a4,sp,12
    8ad2:	00000697          	auipc	a3,0x0
    8ad6:	d4668693          	addi	a3,a3,-698 # 8818 <__sfputs_r>
    8ada:	8626                	mv	a2,s1
    8adc:	080c                	addi	a1,sp,16
    8ade:	854e                	mv	a0,s3
    8ae0:	ec8fb0ef          	jal	ra,41a8 <_printf_i>
    8ae4:	bfd9                	j	8aba <_vfiprintf_r+0x260>

00008ae6 <_scanf_chars>:
    8ae6:	459c                	lw	a5,8(a1)
    8ae8:	1101                	addi	sp,sp,-32
    8aea:	cc22                	sw	s0,24(sp)
    8aec:	ca26                	sw	s1,20(sp)
    8aee:	c452                	sw	s4,8(sp)
    8af0:	ce06                	sw	ra,28(sp)
    8af2:	c84a                	sw	s2,16(sp)
    8af4:	c64e                	sw	s3,12(sp)
    8af6:	c256                	sw	s5,4(sp)
    8af8:	c05a                	sw	s6,0(sp)
    8afa:	8a2a                	mv	s4,a0
    8afc:	842e                	mv	s0,a1
    8afe:	84b2                	mv	s1,a2
    8b00:	e791                	bnez	a5,8b0c <_scanf_chars+0x26>
    8b02:	4d98                	lw	a4,24(a1)
    8b04:	4785                	li	a5,1
    8b06:	c311                	beqz	a4,8b0a <_scanf_chars+0x24>
    8b08:	57fd                	li	a5,-1
    8b0a:	c41c                	sw	a5,8(s0)
    8b0c:	401c                	lw	a5,0(s0)
    8b0e:	8bc1                	andi	a5,a5,16
    8b10:	e799                	bnez	a5,8b1e <_scanf_chars+0x38>
    8b12:	429c                	lw	a5,0(a3)
    8b14:	00478713          	addi	a4,a5,4
    8b18:	c298                	sw	a4,0(a3)
    8b1a:	0007a983          	lw	s3,0(a5)
    8b1e:	4901                	li	s2,0
    8b20:	4a85                	li	s5,1
    8b22:	4b09                	li	s6,2
    8b24:	4c08                	lw	a0,24(s0)
    8b26:	c50d                	beqz	a0,8b50 <_scanf_chars+0x6a>
    8b28:	07551f63          	bne	a0,s5,8ba6 <_scanf_chars+0xc0>
    8b2c:	409c                	lw	a5,0(s1)
    8b2e:	2398                	lbu	a4,0(a5)
    8b30:	485c                	lw	a5,20(s0)
    8b32:	97ba                	add	a5,a5,a4
    8b34:	239c                	lbu	a5,0(a5)
    8b36:	ef89                	bnez	a5,8b50 <_scanf_chars+0x6a>
    8b38:	04091763          	bnez	s2,8b86 <_scanf_chars+0xa0>
    8b3c:	40f2                	lw	ra,28(sp)
    8b3e:	4462                	lw	s0,24(sp)
    8b40:	44d2                	lw	s1,20(sp)
    8b42:	4942                	lw	s2,16(sp)
    8b44:	49b2                	lw	s3,12(sp)
    8b46:	4a22                	lw	s4,8(sp)
    8b48:	4a92                	lw	s5,4(sp)
    8b4a:	4b02                	lw	s6,0(sp)
    8b4c:	6105                	addi	sp,sp,32
    8b4e:	8082                	ret
    8b50:	401c                	lw	a5,0(s0)
    8b52:	0905                	addi	s2,s2,1
    8b54:	8bc1                	andi	a5,a5,16
    8b56:	e791                	bnez	a5,8b62 <_scanf_chars+0x7c>
    8b58:	409c                	lw	a5,0(s1)
    8b5a:	0985                	addi	s3,s3,1
    8b5c:	239c                	lbu	a5,0(a5)
    8b5e:	fef98fa3          	sb	a5,-1(s3)
    8b62:	4098                	lw	a4,0(s1)
    8b64:	40dc                	lw	a5,4(s1)
    8b66:	0705                	addi	a4,a4,1
    8b68:	c098                	sw	a4,0(s1)
    8b6a:	4418                	lw	a4,8(s0)
    8b6c:	17fd                	addi	a5,a5,-1
    8b6e:	c0dc                	sw	a5,4(s1)
    8b70:	177d                	addi	a4,a4,-1
    8b72:	c418                	sw	a4,8(s0)
    8b74:	cb09                	beqz	a4,8b86 <_scanf_chars+0xa0>
    8b76:	faf047e3          	bgtz	a5,8b24 <_scanf_chars+0x3e>
    8b7a:	18042783          	lw	a5,384(s0)
    8b7e:	85a6                	mv	a1,s1
    8b80:	8552                	mv	a0,s4
    8b82:	9782                	jalr	a5
    8b84:	d145                	beqz	a0,8b24 <_scanf_chars+0x3e>
    8b86:	401c                	lw	a5,0(s0)
    8b88:	8bc1                	andi	a5,a5,16
    8b8a:	eb81                	bnez	a5,8b9a <_scanf_chars+0xb4>
    8b8c:	445c                	lw	a5,12(s0)
    8b8e:	0785                	addi	a5,a5,1
    8b90:	c45c                	sw	a5,12(s0)
    8b92:	4c1c                	lw	a5,24(s0)
    8b94:	c399                	beqz	a5,8b9a <_scanf_chars+0xb4>
    8b96:	00098023          	sb	zero,0(s3)
    8b9a:	481c                	lw	a5,16(s0)
    8b9c:	4501                	li	a0,0
    8b9e:	993e                	add	s2,s2,a5
    8ba0:	01242823          	sw	s2,16(s0)
    8ba4:	bf61                	j	8b3c <_scanf_chars+0x56>
    8ba6:	01651a63          	bne	a0,s6,8bba <_scanf_chars+0xd4>
    8baa:	f26fe0ef          	jal	ra,72d0 <__locale_ctype_ptr>
    8bae:	409c                	lw	a5,0(s1)
    8bb0:	239c                	lbu	a5,0(a5)
    8bb2:	953e                	add	a0,a0,a5
    8bb4:	311c                	lbu	a5,1(a0)
    8bb6:	8ba1                	andi	a5,a5,8
    8bb8:	dfc1                	beqz	a5,8b50 <_scanf_chars+0x6a>
    8bba:	fc0916e3          	bnez	s2,8b86 <_scanf_chars+0xa0>
    8bbe:	4c08                	lw	a0,24(s0)
    8bc0:	4785                	li	a5,1
    8bc2:	fcf512e3          	bne	a0,a5,8b86 <_scanf_chars+0xa0>
    8bc6:	bf9d                	j	8b3c <_scanf_chars+0x56>

00008bc8 <_scanf_i>:
    8bc8:	715d                	addi	sp,sp,-80
    8bca:	00002797          	auipc	a5,0x2
    8bce:	53a78793          	addi	a5,a5,1338 # b104 <p05.3319+0x34>
    8bd2:	c0ca                	sw	s2,64(sp)
    8bd4:	c23e                	sw	a5,4(sp)
    8bd6:	8936                	mv	s2,a3
    8bd8:	00002797          	auipc	a5,0x2
    8bdc:	53078793          	addi	a5,a5,1328 # b108 <p05.3319+0x38>
    8be0:	4d94                	lw	a3,24(a1)
    8be2:	c43e                	sw	a5,8(sp)
    8be4:	00002797          	auipc	a5,0x2
    8be8:	52878793          	addi	a5,a5,1320 # b10c <p05.3319+0x3c>
    8bec:	c4a2                	sw	s0,72(sp)
    8bee:	de4e                	sw	s3,60(sp)
    8bf0:	d85a                	sw	s6,48(sp)
    8bf2:	ce6e                	sw	s11,28(sp)
    8bf4:	c63e                	sw	a5,12(sp)
    8bf6:	c686                	sw	ra,76(sp)
    8bf8:	c2a6                	sw	s1,68(sp)
    8bfa:	dc52                	sw	s4,56(sp)
    8bfc:	da56                	sw	s5,52(sp)
    8bfe:	d65e                	sw	s7,44(sp)
    8c00:	d462                	sw	s8,40(sp)
    8c02:	d266                	sw	s9,36(sp)
    8c04:	d06a                	sw	s10,32(sp)
    8c06:	478d                	li	a5,3
    8c08:	89aa                	mv	s3,a0
    8c0a:	842e                	mv	s0,a1
    8c0c:	8db2                	mv	s11,a2
    8c0e:	00000b17          	auipc	s6,0x0
    8c12:	4c4b0b13          	addi	s6,s6,1220 # 90d2 <_strtoul_r>
    8c16:	00f69663          	bne	a3,a5,8c22 <_scanf_i+0x5a>
    8c1a:	ffffdb17          	auipc	s6,0xffffd
    8c1e:	c32b0b13          	addi	s6,s6,-974 # 584c <_strtol_r>
    8c22:	441c                	lw	a5,8(s0)
    8c24:	15c00693          	li	a3,348
    8c28:	4a01                	li	s4,0
    8c2a:	fff78613          	addi	a2,a5,-1
    8c2e:	00c6f763          	bgeu	a3,a2,8c3c <_scanf_i+0x74>
    8c32:	ea378a13          	addi	s4,a5,-349
    8c36:	15d00793          	li	a5,349
    8c3a:	c41c                	sw	a5,8(s0)
    8c3c:	401c                	lw	a5,0(s0)
    8c3e:	6685                	lui	a3,0x1
    8c40:	d0068693          	addi	a3,a3,-768 # d00 <main+0x1c6>
    8c44:	01c40493          	addi	s1,s0,28
    8c48:	8fd5                	or	a5,a5,a3
    8c4a:	c01c                	sw	a5,0(s0)
    8c4c:	00410c13          	addi	s8,sp,4
    8c50:	8aa6                	mv	s5,s1
    8c52:	4b81                	li	s7,0
    8c54:	20000c93          	li	s9,512
    8c58:	000da783          	lw	a5,0(s11)
    8c5c:	000c2503          	lw	a0,0(s8)
    8c60:	4609                	li	a2,2
    8c62:	238c                	lbu	a1,0(a5)
    8c64:	fccfe0ef          	jal	ra,7430 <memchr>
    8c68:	cd39                	beqz	a0,8cc6 <_scanf_i+0xfe>
    8c6a:	4785                	li	a5,1
    8c6c:	0cfb9e63          	bne	s7,a5,8d48 <_scanf_i+0x180>
    8c70:	405c                	lw	a5,4(s0)
    8c72:	e799                	bnez	a5,8c80 <_scanf_i+0xb8>
    8c74:	401c                	lw	a5,0(s0)
    8c76:	4721                	li	a4,8
    8c78:	c058                	sw	a4,4(s0)
    8c7a:	2007e793          	ori	a5,a5,512
    8c7e:	c01c                	sw	a5,0(s0)
    8c80:	401c                	lw	a5,0(s0)
    8c82:	aff7f793          	andi	a5,a5,-1281
    8c86:	c01c                	sw	a5,0(s0)
    8c88:	441c                	lw	a5,8(s0)
    8c8a:	fff78613          	addi	a2,a5,-1
    8c8e:	c410                	sw	a2,8(s0)
    8c90:	cb9d                	beqz	a5,8cc6 <_scanf_i+0xfe>
    8c92:	000da603          	lw	a2,0(s11)
    8c96:	001a8d13          	addi	s10,s5,1
    8c9a:	00160793          	addi	a5,a2,1
    8c9e:	00fda023          	sw	a5,0(s11)
    8ca2:	2210                	lbu	a2,0(a2)
    8ca4:	00ca8023          	sb	a2,0(s5)
    8ca8:	004da603          	lw	a2,4(s11)
    8cac:	8aea                	mv	s5,s10
    8cae:	167d                	addi	a2,a2,-1
    8cb0:	00cda223          	sw	a2,4(s11)
    8cb4:	00c04963          	bgtz	a2,8cc6 <_scanf_i+0xfe>
    8cb8:	18042603          	lw	a2,384(s0)
    8cbc:	85ee                	mv	a1,s11
    8cbe:	854e                	mv	a0,s3
    8cc0:	9602                	jalr	a2
    8cc2:	10051863          	bnez	a0,8dd2 <_scanf_i+0x20a>
    8cc6:	0b85                	addi	s7,s7,1
    8cc8:	478d                	li	a5,3
    8cca:	0c11                	addi	s8,s8,4
    8ccc:	f8fb96e3          	bne	s7,a5,8c58 <_scanf_i+0x90>
    8cd0:	405c                	lw	a5,4(s0)
    8cd2:	e399                	bnez	a5,8cd8 <_scanf_i+0x110>
    8cd4:	47a9                	li	a5,10
    8cd6:	c05c                	sw	a5,4(s0)
    8cd8:	405c                	lw	a5,4(s0)
    8cda:	4848                	lw	a0,20(s0)
    8cdc:	00002597          	auipc	a1,0x2
    8ce0:	42458593          	addi	a1,a1,1060 # b100 <p05.3319+0x30>
    8ce4:	8d9d                	sub	a1,a1,a5
    8ce6:	7bfd                	lui	s7,0xfffff
    8ce8:	6c05                	lui	s8,0x1
    8cea:	8d56                	mv	s10,s5
    8cec:	2ab9                	jal	8e4a <__sccl>
    8cee:	4a81                	li	s5,0
    8cf0:	03000c93          	li	s9,48
    8cf4:	6ffb8b93          	addi	s7,s7,1791 # fffff6ff <_eusrstack+0xdfff76ff>
    8cf8:	800c0c13          	addi	s8,s8,-2048 # 800 <__stack_size>
    8cfc:	4414                	lw	a3,8(s0)
    8cfe:	4010                	lw	a2,0(s0)
    8d00:	cebd                	beqz	a3,8d7e <_scanf_i+0x1b6>
    8d02:	000da503          	lw	a0,0(s11)
    8d06:	484c                	lw	a1,20(s0)
    8d08:	00054803          	lbu	a6,0(a0)
    8d0c:	95c2                	add	a1,a1,a6
    8d0e:	218c                	lbu	a1,0(a1)
    8d10:	c5bd                	beqz	a1,8d7e <_scanf_i+0x1b6>
    8d12:	05981863          	bne	a6,s9,8d62 <_scanf_i+0x19a>
    8d16:	018675b3          	and	a1,a2,s8
    8d1a:	c5a1                	beqz	a1,8d62 <_scanf_i+0x19a>
    8d1c:	0a85                	addi	s5,s5,1
    8d1e:	000a0563          	beqz	s4,8d28 <_scanf_i+0x160>
    8d22:	0685                	addi	a3,a3,1
    8d24:	1a7d                	addi	s4,s4,-1
    8d26:	c414                	sw	a3,8(s0)
    8d28:	004da683          	lw	a3,4(s11)
    8d2c:	16fd                	addi	a3,a3,-1
    8d2e:	00dda223          	sw	a3,4(s11)
    8d32:	04d05063          	blez	a3,8d72 <_scanf_i+0x1aa>
    8d36:	000da683          	lw	a3,0(s11)
    8d3a:	0685                	addi	a3,a3,1
    8d3c:	00dda023          	sw	a3,0(s11)
    8d40:	4414                	lw	a3,8(s0)
    8d42:	16fd                	addi	a3,a3,-1
    8d44:	c414                	sw	a3,8(s0)
    8d46:	bf5d                	j	8cfc <_scanf_i+0x134>
    8d48:	4789                	li	a5,2
    8d4a:	f2fb9fe3          	bne	s7,a5,8c88 <_scanf_i+0xc0>
    8d4e:	401c                	lw	a5,0(s0)
    8d50:	6007f613          	andi	a2,a5,1536
    8d54:	f79619e3          	bne	a2,s9,8cc6 <_scanf_i+0xfe>
    8d58:	4741                	li	a4,16
    8d5a:	c058                	sw	a4,4(s0)
    8d5c:	1007e793          	ori	a5,a5,256
    8d60:	b71d                	j	8c86 <_scanf_i+0xbe>
    8d62:	01767633          	and	a2,a2,s7
    8d66:	c010                	sw	a2,0(s0)
    8d68:	2114                	lbu	a3,0(a0)
    8d6a:	0d05                	addi	s10,s10,1
    8d6c:	fedd0fa3          	sb	a3,-1(s10)
    8d70:	bf65                	j	8d28 <_scanf_i+0x160>
    8d72:	18042683          	lw	a3,384(s0)
    8d76:	85ee                	mv	a1,s11
    8d78:	854e                	mv	a0,s3
    8d7a:	9682                	jalr	a3
    8d7c:	d171                	beqz	a0,8d40 <_scanf_i+0x178>
    8d7e:	4014                	lw	a3,0(s0)
    8d80:	1006f693          	andi	a3,a3,256
    8d84:	c285                	beqz	a3,8da4 <_scanf_i+0x1dc>
    8d86:	01a4fc63          	bgeu	s1,s10,8d9e <_scanf_i+0x1d6>
    8d8a:	fffd4583          	lbu	a1,-1(s10)
    8d8e:	17c42683          	lw	a3,380(s0)
    8d92:	fffd0a13          	addi	s4,s10,-1
    8d96:	866e                	mv	a2,s11
    8d98:	854e                	mv	a0,s3
    8d9a:	9682                	jalr	a3
    8d9c:	8d52                	mv	s10,s4
    8d9e:	4505                	li	a0,1
    8da0:	049d0e63          	beq	s10,s1,8dfc <_scanf_i+0x234>
    8da4:	4018                	lw	a4,0(s0)
    8da6:	8b41                	andi	a4,a4,16
    8da8:	e339                	bnez	a4,8dee <_scanf_i+0x226>
    8daa:	000d0023          	sb	zero,0(s10)
    8dae:	4054                	lw	a3,4(s0)
    8db0:	4601                	li	a2,0
    8db2:	85a6                	mv	a1,s1
    8db4:	854e                	mv	a0,s3
    8db6:	9b02                	jalr	s6
    8db8:	4014                	lw	a3,0(s0)
    8dba:	00092703          	lw	a4,0(s2)
    8dbe:	0206f613          	andi	a2,a3,32
    8dc2:	ca11                	beqz	a2,8dd6 <_scanf_i+0x20e>
    8dc4:	00470693          	addi	a3,a4,4
    8dc8:	00d92023          	sw	a3,0(s2)
    8dcc:	4318                	lw	a4,0(a4)
    8dce:	c308                	sw	a0,0(a4)
    8dd0:	a821                	j	8de8 <_scanf_i+0x220>
    8dd2:	4a81                	li	s5,0
    8dd4:	b76d                	j	8d7e <_scanf_i+0x1b6>
    8dd6:	0016f593          	andi	a1,a3,1
    8dda:	00470613          	addi	a2,a4,4
    8dde:	cd95                	beqz	a1,8e1a <_scanf_i+0x252>
    8de0:	00c92023          	sw	a2,0(s2)
    8de4:	4318                	lw	a4,0(a4)
    8de6:	a30a                	sh	a0,0(a4)
    8de8:	4458                	lw	a4,12(s0)
    8dea:	0705                	addi	a4,a4,1
    8dec:	c458                	sw	a4,12(s0)
    8dee:	481c                	lw	a5,16(s0)
    8df0:	409d04b3          	sub	s1,s10,s1
    8df4:	94d6                	add	s1,s1,s5
    8df6:	94be                	add	s1,s1,a5
    8df8:	c804                	sw	s1,16(s0)
    8dfa:	4501                	li	a0,0
    8dfc:	40b6                	lw	ra,76(sp)
    8dfe:	4426                	lw	s0,72(sp)
    8e00:	4496                	lw	s1,68(sp)
    8e02:	4906                	lw	s2,64(sp)
    8e04:	59f2                	lw	s3,60(sp)
    8e06:	5a62                	lw	s4,56(sp)
    8e08:	5ad2                	lw	s5,52(sp)
    8e0a:	5b42                	lw	s6,48(sp)
    8e0c:	5bb2                	lw	s7,44(sp)
    8e0e:	5c22                	lw	s8,40(sp)
    8e10:	5c92                	lw	s9,36(sp)
    8e12:	5d02                	lw	s10,32(sp)
    8e14:	4df2                	lw	s11,28(sp)
    8e16:	6161                	addi	sp,sp,80
    8e18:	8082                	ret
    8e1a:	00c92023          	sw	a2,0(s2)
    8e1e:	b77d                	j	8dcc <_scanf_i+0x204>

00008e20 <_sbrk_r>:
    8e20:	1141                	addi	sp,sp,-16
    8e22:	c422                	sw	s0,8(sp)
    8e24:	842a                	mv	s0,a0
    8e26:	852e                	mv	a0,a1
    8e28:	9201a423          	sw	zero,-1752(gp) # 20000318 <errno>
    8e2c:	c606                	sw	ra,12(sp)
    8e2e:	a38f90ef          	jal	ra,2066 <_sbrk>
    8e32:	57fd                	li	a5,-1
    8e34:	00f51763          	bne	a0,a5,8e42 <_sbrk_r+0x22>
    8e38:	92818793          	addi	a5,gp,-1752 # 20000318 <errno>
    8e3c:	439c                	lw	a5,0(a5)
    8e3e:	c391                	beqz	a5,8e42 <_sbrk_r+0x22>
    8e40:	c01c                	sw	a5,0(s0)
    8e42:	40b2                	lw	ra,12(sp)
    8e44:	4422                	lw	s0,8(sp)
    8e46:	0141                	addi	sp,sp,16
    8e48:	8082                	ret

00008e4a <__sccl>:
    8e4a:	219c                	lbu	a5,0(a1)
    8e4c:	05e00713          	li	a4,94
    8e50:	04e78663          	beq	a5,a4,8e9c <__sccl+0x52>
    8e54:	00158713          	addi	a4,a1,1
    8e58:	4681                	li	a3,0
    8e5a:	4601                	li	a2,0
    8e5c:	10000593          	li	a1,256
    8e60:	00c50833          	add	a6,a0,a2
    8e64:	00d80023          	sb	a3,0(a6)
    8e68:	0605                	addi	a2,a2,1
    8e6a:	feb61be3          	bne	a2,a1,8e60 <__sccl+0x16>
    8e6e:	fff70613          	addi	a2,a4,-1
    8e72:	c39d                	beqz	a5,8e98 <__sccl+0x4e>
    8e74:	0016c693          	xori	a3,a3,1
    8e78:	02d00893          	li	a7,45
    8e7c:	05d00813          	li	a6,93
    8e80:	00f50633          	add	a2,a0,a5
    8e84:	a214                	sb	a3,0(a2)
    8e86:	230c                	lbu	a1,0(a4)
    8e88:	00170613          	addi	a2,a4,1
    8e8c:	03158363          	beq	a1,a7,8eb2 <__sccl+0x68>
    8e90:	01058463          	beq	a1,a6,8e98 <__sccl+0x4e>
    8e94:	e989                	bnez	a1,8ea6 <__sccl+0x5c>
    8e96:	863a                	mv	a2,a4
    8e98:	8532                	mv	a0,a2
    8e9a:	8082                	ret
    8e9c:	00258713          	addi	a4,a1,2
    8ea0:	319c                	lbu	a5,1(a1)
    8ea2:	4685                	li	a3,1
    8ea4:	bf5d                	j	8e5a <__sccl+0x10>
    8ea6:	87ae                	mv	a5,a1
    8ea8:	8732                	mv	a4,a2
    8eaa:	bfd9                	j	8e80 <__sccl+0x36>
    8eac:	02d00793          	li	a5,45
    8eb0:	bfe5                	j	8ea8 <__sccl+0x5e>
    8eb2:	330c                	lbu	a1,1(a4)
    8eb4:	ff058ce3          	beq	a1,a6,8eac <__sccl+0x62>
    8eb8:	fef5cae3          	blt	a1,a5,8eac <__sccl+0x62>
    8ebc:	0709                	addi	a4,a4,2
    8ebe:	0785                	addi	a5,a5,1
    8ec0:	00f50633          	add	a2,a0,a5
    8ec4:	a214                	sb	a3,0(a2)
    8ec6:	feb7cce3          	blt	a5,a1,8ebe <__sccl+0x74>
    8eca:	bf75                	j	8e86 <__sccl+0x3c>

00008ecc <__sread>:
    8ecc:	1141                	addi	sp,sp,-16
    8ece:	c422                	sw	s0,8(sp)
    8ed0:	842e                	mv	s0,a1
    8ed2:	00e59583          	lh	a1,14(a1)
    8ed6:	c606                	sw	ra,12(sp)
    8ed8:	2905                	jal	9308 <_read_r>
    8eda:	00054963          	bltz	a0,8eec <__sread+0x20>
    8ede:	487c                	lw	a5,84(s0)
    8ee0:	97aa                	add	a5,a5,a0
    8ee2:	c87c                	sw	a5,84(s0)
    8ee4:	40b2                	lw	ra,12(sp)
    8ee6:	4422                	lw	s0,8(sp)
    8ee8:	0141                	addi	sp,sp,16
    8eea:	8082                	ret
    8eec:	245e                	lhu	a5,12(s0)
    8eee:	777d                	lui	a4,0xfffff
    8ef0:	177d                	addi	a4,a4,-1
    8ef2:	8ff9                	and	a5,a5,a4
    8ef4:	a45e                	sh	a5,12(s0)
    8ef6:	b7fd                	j	8ee4 <__sread+0x18>

00008ef8 <__seofread>:
    8ef8:	4501                	li	a0,0
    8efa:	8082                	ret

00008efc <__swrite>:
    8efc:	25de                	lhu	a5,12(a1)
    8efe:	1101                	addi	sp,sp,-32
    8f00:	cc22                	sw	s0,24(sp)
    8f02:	ca26                	sw	s1,20(sp)
    8f04:	c84a                	sw	s2,16(sp)
    8f06:	c64e                	sw	s3,12(sp)
    8f08:	ce06                	sw	ra,28(sp)
    8f0a:	1007f793          	andi	a5,a5,256
    8f0e:	84aa                	mv	s1,a0
    8f10:	842e                	mv	s0,a1
    8f12:	8932                	mv	s2,a2
    8f14:	89b6                	mv	s3,a3
    8f16:	c791                	beqz	a5,8f22 <__swrite+0x26>
    8f18:	00e59583          	lh	a1,14(a1)
    8f1c:	4689                	li	a3,2
    8f1e:	4601                	li	a2,0
    8f20:	2e21                	jal	9238 <_lseek_r>
    8f22:	245e                	lhu	a5,12(s0)
    8f24:	777d                	lui	a4,0xfffff
    8f26:	177d                	addi	a4,a4,-1
    8f28:	8ff9                	and	a5,a5,a4
    8f2a:	a45e                	sh	a5,12(s0)
    8f2c:	00e41583          	lh	a1,14(s0)
    8f30:	4462                	lw	s0,24(sp)
    8f32:	40f2                	lw	ra,28(sp)
    8f34:	86ce                	mv	a3,s3
    8f36:	864a                	mv	a2,s2
    8f38:	49b2                	lw	s3,12(sp)
    8f3a:	4942                	lw	s2,16(sp)
    8f3c:	8526                	mv	a0,s1
    8f3e:	44d2                	lw	s1,20(sp)
    8f40:	6105                	addi	sp,sp,32
    8f42:	a4a1                	j	918a <_write_r>

00008f44 <__sseek>:
    8f44:	1141                	addi	sp,sp,-16
    8f46:	c422                	sw	s0,8(sp)
    8f48:	842e                	mv	s0,a1
    8f4a:	00e59583          	lh	a1,14(a1)
    8f4e:	c606                	sw	ra,12(sp)
    8f50:	24e5                	jal	9238 <_lseek_r>
    8f52:	57fd                	li	a5,-1
    8f54:	245a                	lhu	a4,12(s0)
    8f56:	00f51a63          	bne	a0,a5,8f6a <__sseek+0x26>
    8f5a:	77fd                	lui	a5,0xfffff
    8f5c:	17fd                	addi	a5,a5,-1
    8f5e:	8ff9                	and	a5,a5,a4
    8f60:	a45e                	sh	a5,12(s0)
    8f62:	40b2                	lw	ra,12(sp)
    8f64:	4422                	lw	s0,8(sp)
    8f66:	0141                	addi	sp,sp,16
    8f68:	8082                	ret
    8f6a:	6785                	lui	a5,0x1
    8f6c:	8fd9                	or	a5,a5,a4
    8f6e:	a45e                	sh	a5,12(s0)
    8f70:	c868                	sw	a0,84(s0)
    8f72:	bfc5                	j	8f62 <__sseek+0x1e>

00008f74 <__sclose>:
    8f74:	00e59583          	lh	a1,14(a1)
    8f78:	a481                	j	91b8 <_close_r>

00008f7a <strncmp>:
    8f7a:	c215                	beqz	a2,8f9e <strncmp+0x24>
    8f7c:	167d                	addi	a2,a2,-1
    8f7e:	4701                	li	a4,0
    8f80:	00e507b3          	add	a5,a0,a4
    8f84:	00e586b3          	add	a3,a1,a4
    8f88:	239c                	lbu	a5,0(a5)
    8f8a:	2294                	lbu	a3,0(a3)
    8f8c:	00d79663          	bne	a5,a3,8f98 <strncmp+0x1e>
    8f90:	00c70463          	beq	a4,a2,8f98 <strncmp+0x1e>
    8f94:	0705                	addi	a4,a4,1
    8f96:	f7ed                	bnez	a5,8f80 <strncmp+0x6>
    8f98:	40d78533          	sub	a0,a5,a3
    8f9c:	8082                	ret
    8f9e:	4501                	li	a0,0
    8fa0:	8082                	ret

00008fa2 <_strtoul_l.isra.0>:
    8fa2:	7179                	addi	sp,sp,-48
    8fa4:	d04a                	sw	s2,32(sp)
    8fa6:	ce4e                	sw	s3,28(sp)
    8fa8:	d606                	sw	ra,44(sp)
    8faa:	d422                	sw	s0,40(sp)
    8fac:	d226                	sw	s1,36(sp)
    8fae:	89aa                	mv	s3,a0
    8fb0:	892e                	mv	s2,a1
    8fb2:	00190493          	addi	s1,s2,1
    8fb6:	fff4c403          	lbu	s0,-1(s1)
    8fba:	853a                	mv	a0,a4
    8fbc:	c636                	sw	a3,12(sp)
    8fbe:	c432                	sw	a2,8(sp)
    8fc0:	c22e                	sw	a1,4(sp)
    8fc2:	c03a                	sw	a4,0(sp)
    8fc4:	b06fe0ef          	jal	ra,72ca <__locale_ctype_ptr_l>
    8fc8:	9522                	add	a0,a0,s0
    8fca:	311c                	lbu	a5,1(a0)
    8fcc:	4702                	lw	a4,0(sp)
    8fce:	4592                	lw	a1,4(sp)
    8fd0:	8ba1                	andi	a5,a5,8
    8fd2:	4622                	lw	a2,8(sp)
    8fd4:	46b2                	lw	a3,12(sp)
    8fd6:	efa5                	bnez	a5,904e <_strtoul_l.isra.0+0xac>
    8fd8:	02d00793          	li	a5,45
    8fdc:	06f41b63          	bne	s0,a5,9052 <_strtoul_l.isra.0+0xb0>
    8fe0:	209c                	lbu	a5,0(s1)
    8fe2:	4305                	li	t1,1
    8fe4:	00290493          	addi	s1,s2,2
    8fe8:	cef9                	beqz	a3,90c6 <_strtoul_l.isra.0+0x124>
    8fea:	4741                	li	a4,16
    8fec:	02e69063          	bne	a3,a4,900c <_strtoul_l.isra.0+0x6a>
    8ff0:	03000713          	li	a4,48
    8ff4:	00e79c63          	bne	a5,a4,900c <_strtoul_l.isra.0+0x6a>
    8ff8:	209c                	lbu	a5,0(s1)
    8ffa:	05800713          	li	a4,88
    8ffe:	0df7f793          	andi	a5,a5,223
    9002:	0ae79d63          	bne	a5,a4,90bc <_strtoul_l.isra.0+0x11a>
    9006:	309c                	lbu	a5,1(s1)
    9008:	46c1                	li	a3,16
    900a:	0489                	addi	s1,s1,2
    900c:	577d                	li	a4,-1
    900e:	02d75e33          	divu	t3,a4,a3
    9012:	4801                	li	a6,0
    9014:	4501                	li	a0,0
    9016:	4f25                	li	t5,9
    9018:	4ee5                	li	t4,25
    901a:	02d778b3          	remu	a7,a4,a3
    901e:	fd078713          	addi	a4,a5,-48 # fd0 <SystemInit+0x68>
    9022:	04ef6363          	bltu	t5,a4,9068 <_strtoul_l.isra.0+0xc6>
    9026:	87ba                	mv	a5,a4
    9028:	06d7d063          	bge	a5,a3,9088 <_strtoul_l.isra.0+0xe6>
    902c:	04084c63          	bltz	a6,9084 <_strtoul_l.isra.0+0xe2>
    9030:	587d                	li	a6,-1
    9032:	00ae6a63          	bltu	t3,a0,9046 <_strtoul_l.isra.0+0xa4>
    9036:	00ae1463          	bne	t3,a0,903e <_strtoul_l.isra.0+0x9c>
    903a:	00f8c663          	blt	a7,a5,9046 <_strtoul_l.isra.0+0xa4>
    903e:	4805                	li	a6,1
    9040:	02a68533          	mul	a0,a3,a0
    9044:	953e                	add	a0,a0,a5
    9046:	0485                	addi	s1,s1,1
    9048:	fff4c783          	lbu	a5,-1(s1)
    904c:	bfc9                	j	901e <_strtoul_l.isra.0+0x7c>
    904e:	8926                	mv	s2,s1
    9050:	b78d                	j	8fb2 <_strtoul_l.isra.0+0x10>
    9052:	02b00793          	li	a5,43
    9056:	00f40563          	beq	s0,a5,9060 <_strtoul_l.isra.0+0xbe>
    905a:	87a2                	mv	a5,s0
    905c:	4301                	li	t1,0
    905e:	b769                	j	8fe8 <_strtoul_l.isra.0+0x46>
    9060:	209c                	lbu	a5,0(s1)
    9062:	00290493          	addi	s1,s2,2
    9066:	bfdd                	j	905c <_strtoul_l.isra.0+0xba>
    9068:	fbf78713          	addi	a4,a5,-65
    906c:	00eee563          	bltu	t4,a4,9076 <_strtoul_l.isra.0+0xd4>
    9070:	fc978793          	addi	a5,a5,-55
    9074:	bf55                	j	9028 <_strtoul_l.isra.0+0x86>
    9076:	f9f78713          	addi	a4,a5,-97
    907a:	00eee763          	bltu	t4,a4,9088 <_strtoul_l.isra.0+0xe6>
    907e:	fa978793          	addi	a5,a5,-87
    9082:	b75d                	j	9028 <_strtoul_l.isra.0+0x86>
    9084:	587d                	li	a6,-1
    9086:	b7c1                	j	9046 <_strtoul_l.isra.0+0xa4>
    9088:	00085f63          	bgez	a6,90a6 <_strtoul_l.isra.0+0x104>
    908c:	02200793          	li	a5,34
    9090:	00f9a023          	sw	a5,0(s3)
    9094:	557d                	li	a0,-1
    9096:	ee19                	bnez	a2,90b4 <_strtoul_l.isra.0+0x112>
    9098:	50b2                	lw	ra,44(sp)
    909a:	5422                	lw	s0,40(sp)
    909c:	5492                	lw	s1,36(sp)
    909e:	5902                	lw	s2,32(sp)
    90a0:	49f2                	lw	s3,28(sp)
    90a2:	6145                	addi	sp,sp,48
    90a4:	8082                	ret
    90a6:	00030463          	beqz	t1,90ae <_strtoul_l.isra.0+0x10c>
    90aa:	40a00533          	neg	a0,a0
    90ae:	d66d                	beqz	a2,9098 <_strtoul_l.isra.0+0xf6>
    90b0:	00080463          	beqz	a6,90b8 <_strtoul_l.isra.0+0x116>
    90b4:	fff48593          	addi	a1,s1,-1
    90b8:	c20c                	sw	a1,0(a2)
    90ba:	bff9                	j	9098 <_strtoul_l.isra.0+0xf6>
    90bc:	03000793          	li	a5,48
    90c0:	f6b1                	bnez	a3,900c <_strtoul_l.isra.0+0x6a>
    90c2:	46a1                	li	a3,8
    90c4:	b7a1                	j	900c <_strtoul_l.isra.0+0x6a>
    90c6:	03000713          	li	a4,48
    90ca:	f2e787e3          	beq	a5,a4,8ff8 <_strtoul_l.isra.0+0x56>
    90ce:	46a9                	li	a3,10
    90d0:	bf35                	j	900c <_strtoul_l.isra.0+0x6a>

000090d2 <_strtoul_r>:
    90d2:	81418793          	addi	a5,gp,-2028 # 20000204 <_impure_ptr>
    90d6:	439c                	lw	a5,0(a5)
    90d8:	5398                	lw	a4,32(a5)
    90da:	e709                	bnez	a4,90e4 <_strtoul_r+0x12>
    90dc:	1fff7717          	auipc	a4,0x1fff7
    90e0:	fa470713          	addi	a4,a4,-92 # 20000080 <__global_locale>
    90e4:	ebfff06f          	j	8fa2 <_strtoul_l.isra.0>

000090e8 <__submore>:
    90e8:	1101                	addi	sp,sp,-32
    90ea:	cc22                	sw	s0,24(sp)
    90ec:	842e                	mv	s0,a1
    90ee:	59cc                	lw	a1,52(a1)
    90f0:	ce06                	sw	ra,28(sp)
    90f2:	ca26                	sw	s1,20(sp)
    90f4:	c84a                	sw	s2,16(sp)
    90f6:	c64e                	sw	s3,12(sp)
    90f8:	c452                	sw	s4,8(sp)
    90fa:	04440793          	addi	a5,s0,68
    90fe:	04f59263          	bne	a1,a5,9142 <__submore+0x5a>
    9102:	40000593          	li	a1,1024
    9106:	e4dfe0ef          	jal	ra,7f52 <_malloc_r>
    910a:	e911                	bnez	a0,911e <__submore+0x36>
    910c:	557d                	li	a0,-1
    910e:	40f2                	lw	ra,28(sp)
    9110:	4462                	lw	s0,24(sp)
    9112:	44d2                	lw	s1,20(sp)
    9114:	4942                	lw	s2,16(sp)
    9116:	49b2                	lw	s3,12(sp)
    9118:	4a22                	lw	s4,8(sp)
    911a:	6105                	addi	sp,sp,32
    911c:	8082                	ret
    911e:	40000793          	li	a5,1024
    9122:	dc1c                	sw	a5,56(s0)
    9124:	04644783          	lbu	a5,70(s0)
    9128:	d848                	sw	a0,52(s0)
    912a:	3fd50513          	addi	a0,a0,1021
    912e:	a13c                	sb	a5,2(a0)
    9130:	04544783          	lbu	a5,69(s0)
    9134:	b11c                	sb	a5,1(a0)
    9136:	04444783          	lbu	a5,68(s0)
    913a:	a11c                	sb	a5,0(a0)
    913c:	c008                	sw	a0,0(s0)
    913e:	4501                	li	a0,0
    9140:	b7f9                	j	910e <__submore+0x26>
    9142:	03842903          	lw	s2,56(s0)
    9146:	00191993          	slli	s3,s2,0x1
    914a:	864e                	mv	a2,s3
    914c:	2295                	jal	92b0 <_realloc_r>
    914e:	84aa                	mv	s1,a0
    9150:	dd55                	beqz	a0,910c <__submore+0x24>
    9152:	01250a33          	add	s4,a0,s2
    9156:	85aa                	mv	a1,a0
    9158:	864a                	mv	a2,s2
    915a:	8552                	mv	a0,s4
    915c:	aecfe0ef          	jal	ra,7448 <memcpy>
    9160:	01442023          	sw	s4,0(s0)
    9164:	d844                	sw	s1,52(s0)
    9166:	03342c23          	sw	s3,56(s0)
    916a:	bfd1                	j	913e <__submore+0x56>

0000916c <__ascii_wctomb>:
    916c:	cd89                	beqz	a1,9186 <__ascii_wctomb+0x1a>
    916e:	0ff00793          	li	a5,255
    9172:	00c7f763          	bgeu	a5,a2,9180 <__ascii_wctomb+0x14>
    9176:	08a00793          	li	a5,138
    917a:	c11c                	sw	a5,0(a0)
    917c:	557d                	li	a0,-1
    917e:	8082                	ret
    9180:	a190                	sb	a2,0(a1)
    9182:	4505                	li	a0,1
    9184:	8082                	ret
    9186:	4501                	li	a0,0
    9188:	8082                	ret

0000918a <_write_r>:
    918a:	1141                	addi	sp,sp,-16
    918c:	c422                	sw	s0,8(sp)
    918e:	842a                	mv	s0,a0
    9190:	852e                	mv	a0,a1
    9192:	85b2                	mv	a1,a2
    9194:	8636                	mv	a2,a3
    9196:	9201a423          	sw	zero,-1752(gp) # 20000318 <errno>
    919a:	c606                	sw	ra,12(sp)
    919c:	e91f80ef          	jal	ra,202c <_write>
    91a0:	57fd                	li	a5,-1
    91a2:	00f51763          	bne	a0,a5,91b0 <_write_r+0x26>
    91a6:	92818793          	addi	a5,gp,-1752 # 20000318 <errno>
    91aa:	439c                	lw	a5,0(a5)
    91ac:	c391                	beqz	a5,91b0 <_write_r+0x26>
    91ae:	c01c                	sw	a5,0(s0)
    91b0:	40b2                	lw	ra,12(sp)
    91b2:	4422                	lw	s0,8(sp)
    91b4:	0141                	addi	sp,sp,16
    91b6:	8082                	ret

000091b8 <_close_r>:
    91b8:	1141                	addi	sp,sp,-16
    91ba:	c422                	sw	s0,8(sp)
    91bc:	842a                	mv	s0,a0
    91be:	852e                	mv	a0,a1
    91c0:	9201a423          	sw	zero,-1752(gp) # 20000318 <errno>
    91c4:	c606                	sw	ra,12(sp)
    91c6:	051010ef          	jal	ra,aa16 <_close>
    91ca:	57fd                	li	a5,-1
    91cc:	00f51763          	bne	a0,a5,91da <_close_r+0x22>
    91d0:	92818793          	addi	a5,gp,-1752 # 20000318 <errno>
    91d4:	439c                	lw	a5,0(a5)
    91d6:	c391                	beqz	a5,91da <_close_r+0x22>
    91d8:	c01c                	sw	a5,0(s0)
    91da:	40b2                	lw	ra,12(sp)
    91dc:	4422                	lw	s0,8(sp)
    91de:	0141                	addi	sp,sp,16
    91e0:	8082                	ret

000091e2 <_fstat_r>:
    91e2:	1141                	addi	sp,sp,-16
    91e4:	c422                	sw	s0,8(sp)
    91e6:	842a                	mv	s0,a0
    91e8:	852e                	mv	a0,a1
    91ea:	85b2                	mv	a1,a2
    91ec:	9201a423          	sw	zero,-1752(gp) # 20000318 <errno>
    91f0:	c606                	sw	ra,12(sp)
    91f2:	031010ef          	jal	ra,aa22 <_fstat>
    91f6:	57fd                	li	a5,-1
    91f8:	00f51763          	bne	a0,a5,9206 <_fstat_r+0x24>
    91fc:	92818793          	addi	a5,gp,-1752 # 20000318 <errno>
    9200:	439c                	lw	a5,0(a5)
    9202:	c391                	beqz	a5,9206 <_fstat_r+0x24>
    9204:	c01c                	sw	a5,0(s0)
    9206:	40b2                	lw	ra,12(sp)
    9208:	4422                	lw	s0,8(sp)
    920a:	0141                	addi	sp,sp,16
    920c:	8082                	ret

0000920e <_isatty_r>:
    920e:	1141                	addi	sp,sp,-16
    9210:	c422                	sw	s0,8(sp)
    9212:	842a                	mv	s0,a0
    9214:	852e                	mv	a0,a1
    9216:	9201a423          	sw	zero,-1752(gp) # 20000318 <errno>
    921a:	c606                	sw	ra,12(sp)
    921c:	013010ef          	jal	ra,aa2e <_isatty>
    9220:	57fd                	li	a5,-1
    9222:	00f51763          	bne	a0,a5,9230 <_isatty_r+0x22>
    9226:	92818793          	addi	a5,gp,-1752 # 20000318 <errno>
    922a:	439c                	lw	a5,0(a5)
    922c:	c391                	beqz	a5,9230 <_isatty_r+0x22>
    922e:	c01c                	sw	a5,0(s0)
    9230:	40b2                	lw	ra,12(sp)
    9232:	4422                	lw	s0,8(sp)
    9234:	0141                	addi	sp,sp,16
    9236:	8082                	ret

00009238 <_lseek_r>:
    9238:	1141                	addi	sp,sp,-16
    923a:	c422                	sw	s0,8(sp)
    923c:	842a                	mv	s0,a0
    923e:	852e                	mv	a0,a1
    9240:	85b2                	mv	a1,a2
    9242:	8636                	mv	a2,a3
    9244:	9201a423          	sw	zero,-1752(gp) # 20000318 <errno>
    9248:	c606                	sw	ra,12(sp)
    924a:	7f0010ef          	jal	ra,aa3a <_lseek>
    924e:	57fd                	li	a5,-1
    9250:	00f51763          	bne	a0,a5,925e <_lseek_r+0x26>
    9254:	92818793          	addi	a5,gp,-1752 # 20000318 <errno>
    9258:	439c                	lw	a5,0(a5)
    925a:	c391                	beqz	a5,925e <_lseek_r+0x26>
    925c:	c01c                	sw	a5,0(s0)
    925e:	40b2                	lw	ra,12(sp)
    9260:	4422                	lw	s0,8(sp)
    9262:	0141                	addi	sp,sp,16
    9264:	8082                	ret

00009266 <memmove>:
    9266:	04a5f163          	bgeu	a1,a0,92a8 <memmove+0x42>
    926a:	00c586b3          	add	a3,a1,a2
    926e:	02d57d63          	bgeu	a0,a3,92a8 <memmove+0x42>
    9272:	fff64593          	not	a1,a2
    9276:	4781                	li	a5,0
    9278:	17fd                	addi	a5,a5,-1
    927a:	00f59363          	bne	a1,a5,9280 <memmove+0x1a>
    927e:	8082                	ret
    9280:	00f68733          	add	a4,a3,a5
    9284:	00074803          	lbu	a6,0(a4)
    9288:	00c78733          	add	a4,a5,a2
    928c:	972a                	add	a4,a4,a0
    928e:	01070023          	sb	a6,0(a4)
    9292:	b7dd                	j	9278 <memmove+0x12>
    9294:	00f58733          	add	a4,a1,a5
    9298:	2314                	lbu	a3,0(a4)
    929a:	00f50733          	add	a4,a0,a5
    929e:	0785                	addi	a5,a5,1
    92a0:	a314                	sb	a3,0(a4)
    92a2:	fef619e3          	bne	a2,a5,9294 <memmove+0x2e>
    92a6:	8082                	ret
    92a8:	4781                	li	a5,0
    92aa:	bfe5                	j	92a2 <memmove+0x3c>

000092ac <__malloc_lock>:
    92ac:	8082                	ret

000092ae <__malloc_unlock>:
    92ae:	8082                	ret

000092b0 <_realloc_r>:
    92b0:	e581                	bnez	a1,92b8 <_realloc_r+0x8>
    92b2:	85b2                	mv	a1,a2
    92b4:	c9ffe06f          	j	7f52 <_malloc_r>
    92b8:	1101                	addi	sp,sp,-32
    92ba:	cc22                	sw	s0,24(sp)
    92bc:	ce06                	sw	ra,28(sp)
    92be:	ca26                	sw	s1,20(sp)
    92c0:	c84a                	sw	s2,16(sp)
    92c2:	c64e                	sw	s3,12(sp)
    92c4:	8432                	mv	s0,a2
    92c6:	ee01                	bnez	a2,92de <_realloc_r+0x2e>
    92c8:	be3fe0ef          	jal	ra,7eaa <_free_r>
    92cc:	4901                	li	s2,0
    92ce:	40f2                	lw	ra,28(sp)
    92d0:	4462                	lw	s0,24(sp)
    92d2:	854a                	mv	a0,s2
    92d4:	44d2                	lw	s1,20(sp)
    92d6:	4942                	lw	s2,16(sp)
    92d8:	49b2                	lw	s3,12(sp)
    92da:	6105                	addi	sp,sp,32
    92dc:	8082                	ret
    92de:	84ae                	mv	s1,a1
    92e0:	89aa                	mv	s3,a0
    92e2:	2891                	jal	9336 <_malloc_usable_size_r>
    92e4:	8926                	mv	s2,s1
    92e6:	fe8574e3          	bgeu	a0,s0,92ce <_realloc_r+0x1e>
    92ea:	85a2                	mv	a1,s0
    92ec:	854e                	mv	a0,s3
    92ee:	c65fe0ef          	jal	ra,7f52 <_malloc_r>
    92f2:	892a                	mv	s2,a0
    92f4:	dd69                	beqz	a0,92ce <_realloc_r+0x1e>
    92f6:	85a6                	mv	a1,s1
    92f8:	8622                	mv	a2,s0
    92fa:	94efe0ef          	jal	ra,7448 <memcpy>
    92fe:	85a6                	mv	a1,s1
    9300:	854e                	mv	a0,s3
    9302:	ba9fe0ef          	jal	ra,7eaa <_free_r>
    9306:	b7e1                	j	92ce <_realloc_r+0x1e>

00009308 <_read_r>:
    9308:	1141                	addi	sp,sp,-16
    930a:	c422                	sw	s0,8(sp)
    930c:	842a                	mv	s0,a0
    930e:	852e                	mv	a0,a1
    9310:	85b2                	mv	a1,a2
    9312:	8636                	mv	a2,a3
    9314:	9201a423          	sw	zero,-1752(gp) # 20000318 <errno>
    9318:	c606                	sw	ra,12(sp)
    931a:	72c010ef          	jal	ra,aa46 <_read>
    931e:	57fd                	li	a5,-1
    9320:	00f51763          	bne	a0,a5,932e <_read_r+0x26>
    9324:	92818793          	addi	a5,gp,-1752 # 20000318 <errno>
    9328:	439c                	lw	a5,0(a5)
    932a:	c391                	beqz	a5,932e <_read_r+0x26>
    932c:	c01c                	sw	a5,0(s0)
    932e:	40b2                	lw	ra,12(sp)
    9330:	4422                	lw	s0,8(sp)
    9332:	0141                	addi	sp,sp,16
    9334:	8082                	ret

00009336 <_malloc_usable_size_r>:
    9336:	ffc5a783          	lw	a5,-4(a1)
    933a:	ffc78513          	addi	a0,a5,-4
    933e:	0007d563          	bgez	a5,9348 <_malloc_usable_size_r+0x12>
    9342:	95aa                	add	a1,a1,a0
    9344:	419c                	lw	a5,0(a1)
    9346:	953e                	add	a0,a0,a5
    9348:	8082                	ret

0000934a <__adddf3>:
    934a:	00100837          	lui	a6,0x100
    934e:	1101                	addi	sp,sp,-32
    9350:	187d                	addi	a6,a6,-1
    9352:	00b87733          	and	a4,a6,a1
    9356:	ca26                	sw	s1,20(sp)
    9358:	00d87833          	and	a6,a6,a3
    935c:	0145d493          	srli	s1,a1,0x14
    9360:	0146d313          	srli	t1,a3,0x14
    9364:	00371e13          	slli	t3,a4,0x3
    9368:	c64e                	sw	s3,12(sp)
    936a:	01d55713          	srli	a4,a0,0x1d
    936e:	080e                	slli	a6,a6,0x3
    9370:	01d65793          	srli	a5,a2,0x1d
    9374:	7ff4f493          	andi	s1,s1,2047
    9378:	7ff37313          	andi	t1,t1,2047
    937c:	ce06                	sw	ra,28(sp)
    937e:	cc22                	sw	s0,24(sp)
    9380:	c84a                	sw	s2,16(sp)
    9382:	01f5d993          	srli	s3,a1,0x1f
    9386:	01f6de93          	srli	t4,a3,0x1f
    938a:	01c76733          	or	a4,a4,t3
    938e:	00351f13          	slli	t5,a0,0x3
    9392:	0107e833          	or	a6,a5,a6
    9396:	00361f93          	slli	t6,a2,0x3
    939a:	40648e33          	sub	t3,s1,t1
    939e:	19d98063          	beq	s3,t4,951e <__adddf3+0x1d4>
    93a2:	13c05663          	blez	t3,94ce <__adddf3+0x184>
    93a6:	1c030463          	beqz	t1,956e <__adddf3+0x224>
    93aa:	008006b7          	lui	a3,0x800
    93ae:	7ff00793          	li	a5,2047
    93b2:	00d86833          	or	a6,a6,a3
    93b6:	36f48f63          	beq	s1,a5,9734 <__adddf3+0x3ea>
    93ba:	03800793          	li	a5,56
    93be:	35c7c063          	blt	a5,t3,96fe <__adddf3+0x3b4>
    93c2:	47fd                	li	a5,31
    93c4:	47c7cd63          	blt	a5,t3,983e <__adddf3+0x4f4>
    93c8:	02000513          	li	a0,32
    93cc:	41c50533          	sub	a0,a0,t3
    93d0:	01cfd7b3          	srl	a5,t6,t3
    93d4:	00a816b3          	sll	a3,a6,a0
    93d8:	00af9933          	sll	s2,t6,a0
    93dc:	8edd                	or	a3,a3,a5
    93de:	01203933          	snez	s2,s2
    93e2:	01c857b3          	srl	a5,a6,t3
    93e6:	0126e933          	or	s2,a3,s2
    93ea:	8f1d                	sub	a4,a4,a5
    93ec:	412f0933          	sub	s2,t5,s2
    93f0:	012f37b3          	sltu	a5,t5,s2
    93f4:	40f70633          	sub	a2,a4,a5
    93f8:	00861793          	slli	a5,a2,0x8
    93fc:	2407d463          	bgez	a5,9644 <__adddf3+0x2fa>
    9400:	00800737          	lui	a4,0x800
    9404:	177d                	addi	a4,a4,-1
    9406:	00e67433          	and	s0,a2,a4
    940a:	2c040c63          	beqz	s0,96e2 <__adddf3+0x398>
    940e:	8522                	mv	a0,s0
    9410:	df0fa0ef          	jal	ra,3a00 <__clzsi2>
    9414:	ff850713          	addi	a4,a0,-8
    9418:	02000793          	li	a5,32
    941c:	8f99                	sub	a5,a5,a4
    941e:	00f957b3          	srl	a5,s2,a5
    9422:	00e41633          	sll	a2,s0,a4
    9426:	8fd1                	or	a5,a5,a2
    9428:	00e91933          	sll	s2,s2,a4
    942c:	2a974163          	blt	a4,s1,96ce <__adddf3+0x384>
    9430:	40970533          	sub	a0,a4,s1
    9434:	00150613          	addi	a2,a0,1
    9438:	477d                	li	a4,31
    943a:	38c74d63          	blt	a4,a2,97d4 <__adddf3+0x48a>
    943e:	02000713          	li	a4,32
    9442:	8f11                	sub	a4,a4,a2
    9444:	00c956b3          	srl	a3,s2,a2
    9448:	00e91933          	sll	s2,s2,a4
    944c:	00e79733          	sll	a4,a5,a4
    9450:	8f55                	or	a4,a4,a3
    9452:	01203933          	snez	s2,s2
    9456:	01276933          	or	s2,a4,s2
    945a:	00c7d633          	srl	a2,a5,a2
    945e:	4481                	li	s1,0
    9460:	00797793          	andi	a5,s2,7
    9464:	cf81                	beqz	a5,947c <__adddf3+0x132>
    9466:	00f97713          	andi	a4,s2,15
    946a:	4791                	li	a5,4
    946c:	00f70863          	beq	a4,a5,947c <__adddf3+0x132>
    9470:	00490713          	addi	a4,s2,4
    9474:	01273933          	sltu	s2,a4,s2
    9478:	964a                	add	a2,a2,s2
    947a:	893a                	mv	s2,a4
    947c:	00861793          	slli	a5,a2,0x8
    9480:	1c07d663          	bgez	a5,964c <__adddf3+0x302>
    9484:	00148513          	addi	a0,s1,1
    9488:	7ff00793          	li	a5,2047
    948c:	85ce                	mv	a1,s3
    948e:	20f50463          	beq	a0,a5,9696 <__adddf3+0x34c>
    9492:	ff8007b7          	lui	a5,0xff800
    9496:	17fd                	addi	a5,a5,-1
    9498:	8ff1                	and	a5,a5,a2
    949a:	01d79893          	slli	a7,a5,0x1d
    949e:	00395913          	srli	s2,s2,0x3
    94a2:	07a6                	slli	a5,a5,0x9
    94a4:	0128e8b3          	or	a7,a7,s2
    94a8:	83b1                	srli	a5,a5,0xc
    94aa:	7ff57513          	andi	a0,a0,2047
    94ae:	00c79693          	slli	a3,a5,0xc
    94b2:	0552                	slli	a0,a0,0x14
    94b4:	40f2                	lw	ra,28(sp)
    94b6:	4462                	lw	s0,24(sp)
    94b8:	82b1                	srli	a3,a3,0xc
    94ba:	05fe                	slli	a1,a1,0x1f
    94bc:	8ec9                	or	a3,a3,a0
    94be:	8ecd                	or	a3,a3,a1
    94c0:	44d2                	lw	s1,20(sp)
    94c2:	4942                	lw	s2,16(sp)
    94c4:	49b2                	lw	s3,12(sp)
    94c6:	8546                	mv	a0,a7
    94c8:	85b6                	mv	a1,a3
    94ca:	6105                	addi	sp,sp,32
    94cc:	8082                	ret
    94ce:	0a0e1e63          	bnez	t3,958a <__adddf3+0x240>
    94d2:	00148313          	addi	t1,s1,1
    94d6:	7fe37313          	andi	t1,t1,2046
    94da:	22031763          	bnez	t1,9708 <__adddf3+0x3be>
    94de:	01e767b3          	or	a5,a4,t5
    94e2:	01f868b3          	or	a7,a6,t6
    94e6:	1a049d63          	bnez	s1,96a0 <__adddf3+0x356>
    94ea:	40078763          	beqz	a5,98f8 <__adddf3+0x5ae>
    94ee:	44088663          	beqz	a7,993a <__adddf3+0x5f0>
    94f2:	41ff0933          	sub	s2,t5,t6
    94f6:	410707b3          	sub	a5,a4,a6
    94fa:	012f3633          	sltu	a2,t5,s2
    94fe:	40c78633          	sub	a2,a5,a2
    9502:	00861793          	slli	a5,a2,0x8
    9506:	4c07d663          	bgez	a5,99d2 <__adddf3+0x688>
    950a:	41ef8933          	sub	s2,t6,t5
    950e:	40e807b3          	sub	a5,a6,a4
    9512:	012fb633          	sltu	a2,t6,s2
    9516:	40c78633          	sub	a2,a5,a2
    951a:	89f6                	mv	s3,t4
    951c:	b791                	j	9460 <__adddf3+0x116>
    951e:	0fc05063          	blez	t3,95fe <__adddf3+0x2b4>
    9522:	0c030063          	beqz	t1,95e2 <__adddf3+0x298>
    9526:	008006b7          	lui	a3,0x800
    952a:	7ff00793          	li	a5,2047
    952e:	00d86833          	or	a6,a6,a3
    9532:	3af48a63          	beq	s1,a5,98e6 <__adddf3+0x59c>
    9536:	03800793          	li	a5,56
    953a:	13c7cb63          	blt	a5,t3,9670 <__adddf3+0x326>
    953e:	47fd                	li	a5,31
    9540:	35c7df63          	bge	a5,t3,989e <__adddf3+0x554>
    9544:	fe0e0913          	addi	s2,t3,-32
    9548:	02000793          	li	a5,32
    954c:	012856b3          	srl	a3,a6,s2
    9550:	00fe0a63          	beq	t3,a5,9564 <__adddf3+0x21a>
    9554:	04000913          	li	s2,64
    9558:	41c90933          	sub	s2,s2,t3
    955c:	01281933          	sll	s2,a6,s2
    9560:	012fefb3          	or	t6,t6,s2
    9564:	01f03933          	snez	s2,t6
    9568:	00d96933          	or	s2,s2,a3
    956c:	a231                	j	9678 <__adddf3+0x32e>
    956e:	01f867b3          	or	a5,a6,t6
    9572:	1c078a63          	beqz	a5,9746 <__adddf3+0x3fc>
    9576:	fffe0793          	addi	a5,t3,-1
    957a:	38078c63          	beqz	a5,9912 <__adddf3+0x5c8>
    957e:	7ff00693          	li	a3,2047
    9582:	1ade0963          	beq	t3,a3,9734 <__adddf3+0x3ea>
    9586:	8e3e                	mv	t3,a5
    9588:	bd0d                	j	93ba <__adddf3+0x70>
    958a:	409305b3          	sub	a1,t1,s1
    958e:	22049163          	bnez	s1,97b0 <__adddf3+0x466>
    9592:	01e767b3          	or	a5,a4,t5
    9596:	32078763          	beqz	a5,98c4 <__adddf3+0x57a>
    959a:	fff58793          	addi	a5,a1,-1
    959e:	44078163          	beqz	a5,99e0 <__adddf3+0x696>
    95a2:	7ff00693          	li	a3,2047
    95a6:	20d58c63          	beq	a1,a3,97be <__adddf3+0x474>
    95aa:	85be                	mv	a1,a5
    95ac:	03800793          	li	a5,56
    95b0:	2ab7cc63          	blt	a5,a1,9868 <__adddf3+0x51e>
    95b4:	47fd                	li	a5,31
    95b6:	3cb7cf63          	blt	a5,a1,9994 <__adddf3+0x64a>
    95ba:	02000793          	li	a5,32
    95be:	8f8d                	sub	a5,a5,a1
    95c0:	00f71933          	sll	s2,a4,a5
    95c4:	00bf56b3          	srl	a3,t5,a1
    95c8:	00ff17b3          	sll	a5,t5,a5
    95cc:	00d96933          	or	s2,s2,a3
    95d0:	00f037b3          	snez	a5,a5
    95d4:	00b75733          	srl	a4,a4,a1
    95d8:	00f96933          	or	s2,s2,a5
    95dc:	40e80833          	sub	a6,a6,a4
    95e0:	ac41                	j	9870 <__adddf3+0x526>
    95e2:	01f867b3          	or	a5,a6,t6
    95e6:	34078063          	beqz	a5,9926 <__adddf3+0x5dc>
    95ea:	fffe0793          	addi	a5,t3,-1
    95ee:	20078a63          	beqz	a5,9802 <__adddf3+0x4b8>
    95f2:	7ff00693          	li	a3,2047
    95f6:	2ede0863          	beq	t3,a3,98e6 <__adddf3+0x59c>
    95fa:	8e3e                	mv	t3,a5
    95fc:	bf2d                	j	9536 <__adddf3+0x1ec>
    95fe:	140e1e63          	bnez	t3,975a <__adddf3+0x410>
    9602:	00148693          	addi	a3,s1,1
    9606:	7fe6f793          	andi	a5,a3,2046
    960a:	34079163          	bnez	a5,994c <__adddf3+0x602>
    960e:	01e767b3          	or	a5,a4,t5
    9612:	2c049563          	bnez	s1,98dc <__adddf3+0x592>
    9616:	3e078063          	beqz	a5,99f6 <__adddf3+0x6ac>
    961a:	01f867b3          	or	a5,a6,t6
    961e:	30078e63          	beqz	a5,993a <__adddf3+0x5f0>
    9622:	01ff0933          	add	s2,t5,t6
    9626:	010707b3          	add	a5,a4,a6
    962a:	01e93f33          	sltu	t5,s2,t5
    962e:	01e78633          	add	a2,a5,t5
    9632:	00861793          	slli	a5,a2,0x8
    9636:	0007d763          	bgez	a5,9644 <__adddf3+0x2fa>
    963a:	ff8007b7          	lui	a5,0xff800
    963e:	17fd                	addi	a5,a5,-1
    9640:	8e7d                	and	a2,a2,a5
    9642:	4485                	li	s1,1
    9644:	00797793          	andi	a5,s2,7
    9648:	e0079fe3          	bnez	a5,9466 <__adddf3+0x11c>
    964c:	01d61793          	slli	a5,a2,0x1d
    9650:	00395893          	srli	a7,s2,0x3
    9654:	00f8e8b3          	or	a7,a7,a5
    9658:	00365793          	srli	a5,a2,0x3
    965c:	7ff00713          	li	a4,2047
    9660:	04e48d63          	beq	s1,a4,96ba <__adddf3+0x370>
    9664:	07b2                	slli	a5,a5,0xc
    9666:	83b1                	srli	a5,a5,0xc
    9668:	7ff4f513          	andi	a0,s1,2047
    966c:	85ce                	mv	a1,s3
    966e:	b581                	j	94ae <__adddf3+0x164>
    9670:	01f86933          	or	s2,a6,t6
    9674:	01203933          	snez	s2,s2
    9678:	997a                	add	s2,s2,t5
    967a:	01e937b3          	sltu	a5,s2,t5
    967e:	00e78633          	add	a2,a5,a4
    9682:	00861793          	slli	a5,a2,0x8
    9686:	fa07dfe3          	bgez	a5,9644 <__adddf3+0x2fa>
    968a:	0485                	addi	s1,s1,1
    968c:	7ff00793          	li	a5,2047
    9690:	18f49663          	bne	s1,a5,981c <__adddf3+0x4d2>
    9694:	85ce                	mv	a1,s3
    9696:	7ff00513          	li	a0,2047
    969a:	4781                	li	a5,0
    969c:	4881                	li	a7,0
    969e:	bd01                	j	94ae <__adddf3+0x164>
    96a0:	ebc1                	bnez	a5,9730 <__adddf3+0x3e6>
    96a2:	3a088463          	beqz	a7,9a4a <__adddf3+0x700>
    96a6:	00361693          	slli	a3,a2,0x3
    96aa:	01d81793          	slli	a5,a6,0x1d
    96ae:	828d                	srli	a3,a3,0x3
    96b0:	00d7e8b3          	or	a7,a5,a3
    96b4:	89f6                	mv	s3,t4
    96b6:	00385793          	srli	a5,a6,0x3
    96ba:	00f8e7b3          	or	a5,a7,a5
    96be:	dbf9                	beqz	a5,9694 <__adddf3+0x34a>
    96c0:	4581                	li	a1,0
    96c2:	7ff00513          	li	a0,2047
    96c6:	000807b7          	lui	a5,0x80
    96ca:	4881                	li	a7,0
    96cc:	b3cd                	j	94ae <__adddf3+0x164>
    96ce:	ff800637          	lui	a2,0xff800
    96d2:	167d                	addi	a2,a2,-1
    96d4:	8e7d                	and	a2,a2,a5
    96d6:	00797793          	andi	a5,s2,7
    96da:	8c99                	sub	s1,s1,a4
    96dc:	d80795e3          	bnez	a5,9466 <__adddf3+0x11c>
    96e0:	b7b5                	j	964c <__adddf3+0x302>
    96e2:	854a                	mv	a0,s2
    96e4:	b1cfa0ef          	jal	ra,3a00 <__clzsi2>
    96e8:	01850713          	addi	a4,a0,24
    96ec:	47fd                	li	a5,31
    96ee:	d2e7d5e3          	bge	a5,a4,9418 <__adddf3+0xce>
    96f2:	ff850613          	addi	a2,a0,-8
    96f6:	00c917b3          	sll	a5,s2,a2
    96fa:	4901                	li	s2,0
    96fc:	bb05                	j	942c <__adddf3+0xe2>
    96fe:	01f86933          	or	s2,a6,t6
    9702:	01203933          	snez	s2,s2
    9706:	b1dd                	j	93ec <__adddf3+0xa2>
    9708:	41ff0933          	sub	s2,t5,t6
    970c:	41070633          	sub	a2,a4,a6
    9710:	012f3433          	sltu	s0,t5,s2
    9714:	40860433          	sub	s0,a2,s0
    9718:	00841793          	slli	a5,s0,0x8
    971c:	2407cd63          	bltz	a5,9976 <__adddf3+0x62c>
    9720:	008968b3          	or	a7,s2,s0
    9724:	ce0893e3          	bnez	a7,940a <__adddf3+0xc0>
    9728:	4781                	li	a5,0
    972a:	4981                	li	s3,0
    972c:	4481                	li	s1,0
    972e:	bf1d                	j	9664 <__adddf3+0x31a>
    9730:	f80898e3          	bnez	a7,96c0 <__adddf3+0x376>
    9734:	050e                	slli	a0,a0,0x3
    9736:	01d71793          	slli	a5,a4,0x1d
    973a:	810d                	srli	a0,a0,0x3
    973c:	00a7e8b3          	or	a7,a5,a0
    9740:	00375793          	srli	a5,a4,0x3
    9744:	bf9d                	j	96ba <__adddf3+0x370>
    9746:	050e                	slli	a0,a0,0x3
    9748:	01d71793          	slli	a5,a4,0x1d
    974c:	810d                	srli	a0,a0,0x3
    974e:	00a7e8b3          	or	a7,a5,a0
    9752:	84f2                	mv	s1,t3
    9754:	00375793          	srli	a5,a4,0x3
    9758:	b711                	j	965c <__adddf3+0x312>
    975a:	40930533          	sub	a0,t1,s1
    975e:	12048263          	beqz	s1,9882 <__adddf3+0x538>
    9762:	008006b7          	lui	a3,0x800
    9766:	7ff00793          	li	a5,2047
    976a:	8f55                	or	a4,a4,a3
    976c:	2ef30d63          	beq	t1,a5,9a66 <__adddf3+0x71c>
    9770:	03800793          	li	a5,56
    9774:	20a7cb63          	blt	a5,a0,998a <__adddf3+0x640>
    9778:	47fd                	li	a5,31
    977a:	2aa7c363          	blt	a5,a0,9a20 <__adddf3+0x6d6>
    977e:	02000793          	li	a5,32
    9782:	8f89                	sub	a5,a5,a0
    9784:	00f71933          	sll	s2,a4,a5
    9788:	00af56b3          	srl	a3,t5,a0
    978c:	00ff17b3          	sll	a5,t5,a5
    9790:	00d96933          	or	s2,s2,a3
    9794:	00f037b3          	snez	a5,a5
    9798:	00a75733          	srl	a4,a4,a0
    979c:	00f96933          	or	s2,s2,a5
    97a0:	983a                	add	a6,a6,a4
    97a2:	997e                	add	s2,s2,t6
    97a4:	01f937b3          	sltu	a5,s2,t6
    97a8:	01078633          	add	a2,a5,a6
    97ac:	849a                	mv	s1,t1
    97ae:	bdd1                	j	9682 <__adddf3+0x338>
    97b0:	008006b7          	lui	a3,0x800
    97b4:	7ff00793          	li	a5,2047
    97b8:	8f55                	or	a4,a4,a3
    97ba:	def319e3          	bne	t1,a5,95ac <__adddf3+0x262>
    97be:	00361793          	slli	a5,a2,0x3
    97c2:	838d                	srli	a5,a5,0x3
    97c4:	01d81893          	slli	a7,a6,0x1d
    97c8:	0117e8b3          	or	a7,a5,a7
    97cc:	89f6                	mv	s3,t4
    97ce:	00385793          	srli	a5,a6,0x3
    97d2:	b5e5                	j	96ba <__adddf3+0x370>
    97d4:	fe150713          	addi	a4,a0,-31
    97d8:	02000693          	li	a3,32
    97dc:	00e7d733          	srl	a4,a5,a4
    97e0:	00d60a63          	beq	a2,a3,97f4 <__adddf3+0x4aa>
    97e4:	04000693          	li	a3,64
    97e8:	40c68633          	sub	a2,a3,a2
    97ec:	00c79633          	sll	a2,a5,a2
    97f0:	00c96933          	or	s2,s2,a2
    97f4:	01203933          	snez	s2,s2
    97f8:	00e96933          	or	s2,s2,a4
    97fc:	4601                	li	a2,0
    97fe:	4481                	li	s1,0
    9800:	b591                	j	9644 <__adddf3+0x2fa>
    9802:	01ff0933          	add	s2,t5,t6
    9806:	010707b3          	add	a5,a4,a6
    980a:	01e93633          	sltu	a2,s2,t5
    980e:	963e                	add	a2,a2,a5
    9810:	00861793          	slli	a5,a2,0x8
    9814:	4485                	li	s1,1
    9816:	e207d7e3          	bgez	a5,9644 <__adddf3+0x2fa>
    981a:	4489                	li	s1,2
    981c:	ff8007b7          	lui	a5,0xff800
    9820:	17fd                	addi	a5,a5,-1
    9822:	8ff1                	and	a5,a5,a2
    9824:	00195713          	srli	a4,s2,0x1
    9828:	00197913          	andi	s2,s2,1
    982c:	01276933          	or	s2,a4,s2
    9830:	01f79893          	slli	a7,a5,0x1f
    9834:	0128e933          	or	s2,a7,s2
    9838:	0017d613          	srli	a2,a5,0x1
    983c:	b115                	j	9460 <__adddf3+0x116>
    983e:	fe0e0913          	addi	s2,t3,-32
    9842:	02000793          	li	a5,32
    9846:	012856b3          	srl	a3,a6,s2
    984a:	00fe0a63          	beq	t3,a5,985e <__adddf3+0x514>
    984e:	04000913          	li	s2,64
    9852:	41c90933          	sub	s2,s2,t3
    9856:	01281933          	sll	s2,a6,s2
    985a:	012fefb3          	or	t6,t6,s2
    985e:	01f03933          	snez	s2,t6
    9862:	00d96933          	or	s2,s2,a3
    9866:	b659                	j	93ec <__adddf3+0xa2>
    9868:	01e76933          	or	s2,a4,t5
    986c:	01203933          	snez	s2,s2
    9870:	412f8933          	sub	s2,t6,s2
    9874:	012fb7b3          	sltu	a5,t6,s2
    9878:	40f80633          	sub	a2,a6,a5
    987c:	849a                	mv	s1,t1
    987e:	89f6                	mv	s3,t4
    9880:	bea5                	j	93f8 <__adddf3+0xae>
    9882:	01e767b3          	or	a5,a4,t5
    9886:	18078263          	beqz	a5,9a0a <__adddf3+0x6c0>
    988a:	fff50793          	addi	a5,a0,-1
    988e:	1c078463          	beqz	a5,9a56 <__adddf3+0x70c>
    9892:	7ff00693          	li	a3,2047
    9896:	12d50463          	beq	a0,a3,99be <__adddf3+0x674>
    989a:	853e                	mv	a0,a5
    989c:	bdd1                	j	9770 <__adddf3+0x426>
    989e:	02000793          	li	a5,32
    98a2:	41c787b3          	sub	a5,a5,t3
    98a6:	00f816b3          	sll	a3,a6,a5
    98aa:	00ff9933          	sll	s2,t6,a5
    98ae:	01cfd633          	srl	a2,t6,t3
    98b2:	8ed1                	or	a3,a3,a2
    98b4:	01203933          	snez	s2,s2
    98b8:	01c857b3          	srl	a5,a6,t3
    98bc:	0126e933          	or	s2,a3,s2
    98c0:	973e                	add	a4,a4,a5
    98c2:	bb5d                	j	9678 <__adddf3+0x32e>
    98c4:	00361793          	slli	a5,a2,0x3
    98c8:	838d                	srli	a5,a5,0x3
    98ca:	01d81893          	slli	a7,a6,0x1d
    98ce:	0117e8b3          	or	a7,a5,a7
    98d2:	84ae                	mv	s1,a1
    98d4:	00385793          	srli	a5,a6,0x3
    98d8:	89f6                	mv	s3,t4
    98da:	b349                	j	965c <__adddf3+0x312>
    98dc:	c3ed                	beqz	a5,99be <__adddf3+0x674>
    98de:	01f86933          	or	s2,a6,t6
    98e2:	dc091fe3          	bnez	s2,96c0 <__adddf3+0x376>
    98e6:	050e                	slli	a0,a0,0x3
    98e8:	01d71793          	slli	a5,a4,0x1d
    98ec:	810d                	srli	a0,a0,0x3
    98ee:	00f568b3          	or	a7,a0,a5
    98f2:	00375793          	srli	a5,a4,0x3
    98f6:	b3d1                	j	96ba <__adddf3+0x370>
    98f8:	0e088163          	beqz	a7,99da <__adddf3+0x690>
    98fc:	00361693          	slli	a3,a2,0x3
    9900:	01d81793          	slli	a5,a6,0x1d
    9904:	828d                	srli	a3,a3,0x3
    9906:	00d7e8b3          	or	a7,a5,a3
    990a:	89f6                	mv	s3,t4
    990c:	00385793          	srli	a5,a6,0x3
    9910:	bb91                	j	9664 <__adddf3+0x31a>
    9912:	41ff0933          	sub	s2,t5,t6
    9916:	410707b3          	sub	a5,a4,a6
    991a:	012f3f33          	sltu	t5,t5,s2
    991e:	41e78633          	sub	a2,a5,t5
    9922:	4485                	li	s1,1
    9924:	bcd1                	j	93f8 <__adddf3+0xae>
    9926:	050e                	slli	a0,a0,0x3
    9928:	01d71793          	slli	a5,a4,0x1d
    992c:	810d                	srli	a0,a0,0x3
    992e:	00f568b3          	or	a7,a0,a5
    9932:	84f2                	mv	s1,t3
    9934:	00375793          	srli	a5,a4,0x3
    9938:	b315                	j	965c <__adddf3+0x312>
    993a:	050e                	slli	a0,a0,0x3
    993c:	01d71793          	slli	a5,a4,0x1d
    9940:	810d                	srli	a0,a0,0x3
    9942:	00a7e8b3          	or	a7,a5,a0
    9946:	00375793          	srli	a5,a4,0x3
    994a:	bb29                	j	9664 <__adddf3+0x31a>
    994c:	7ff00793          	li	a5,2047
    9950:	d4f682e3          	beq	a3,a5,9694 <__adddf3+0x34a>
    9954:	01ff0933          	add	s2,t5,t6
    9958:	01e93633          	sltu	a2,s2,t5
    995c:	010707b3          	add	a5,a4,a6
    9960:	97b2                	add	a5,a5,a2
    9962:	01f79893          	slli	a7,a5,0x1f
    9966:	00195913          	srli	s2,s2,0x1
    996a:	0128e933          	or	s2,a7,s2
    996e:	0017d613          	srli	a2,a5,0x1
    9972:	84b6                	mv	s1,a3
    9974:	b9c1                	j	9644 <__adddf3+0x2fa>
    9976:	41ef8933          	sub	s2,t6,t5
    997a:	40e80733          	sub	a4,a6,a4
    997e:	012fb633          	sltu	a2,t6,s2
    9982:	40c70433          	sub	s0,a4,a2
    9986:	89f6                	mv	s3,t4
    9988:	b449                	j	940a <__adddf3+0xc0>
    998a:	01e76933          	or	s2,a4,t5
    998e:	01203933          	snez	s2,s2
    9992:	bd01                	j	97a2 <__adddf3+0x458>
    9994:	fe058793          	addi	a5,a1,-32
    9998:	02000693          	li	a3,32
    999c:	00f757b3          	srl	a5,a4,a5
    99a0:	00d58a63          	beq	a1,a3,99b4 <__adddf3+0x66a>
    99a4:	04000693          	li	a3,64
    99a8:	40b685b3          	sub	a1,a3,a1
    99ac:	00b71733          	sll	a4,a4,a1
    99b0:	00ef6f33          	or	t5,t5,a4
    99b4:	01e03933          	snez	s2,t5
    99b8:	00f96933          	or	s2,s2,a5
    99bc:	bd55                	j	9870 <__adddf3+0x526>
    99be:	00361793          	slli	a5,a2,0x3
    99c2:	838d                	srli	a5,a5,0x3
    99c4:	01d81893          	slli	a7,a6,0x1d
    99c8:	0117e8b3          	or	a7,a5,a7
    99cc:	00385793          	srli	a5,a6,0x3
    99d0:	b1ed                	j	96ba <__adddf3+0x370>
    99d2:	00c968b3          	or	a7,s2,a2
    99d6:	c60897e3          	bnez	a7,9644 <__adddf3+0x2fa>
    99da:	4781                	li	a5,0
    99dc:	4981                	li	s3,0
    99de:	b159                	j	9664 <__adddf3+0x31a>
    99e0:	41ef8933          	sub	s2,t6,t5
    99e4:	40e807b3          	sub	a5,a6,a4
    99e8:	012fb633          	sltu	a2,t6,s2
    99ec:	40c78633          	sub	a2,a5,a2
    99f0:	89f6                	mv	s3,t4
    99f2:	4485                	li	s1,1
    99f4:	b411                	j	93f8 <__adddf3+0xae>
    99f6:	00361693          	slli	a3,a2,0x3
    99fa:	01d81793          	slli	a5,a6,0x1d
    99fe:	828d                	srli	a3,a3,0x3
    9a00:	00d7e8b3          	or	a7,a5,a3
    9a04:	00385793          	srli	a5,a6,0x3
    9a08:	b9b1                	j	9664 <__adddf3+0x31a>
    9a0a:	00361693          	slli	a3,a2,0x3
    9a0e:	01d81793          	slli	a5,a6,0x1d
    9a12:	828d                	srli	a3,a3,0x3
    9a14:	00d7e8b3          	or	a7,a5,a3
    9a18:	84aa                	mv	s1,a0
    9a1a:	00385793          	srli	a5,a6,0x3
    9a1e:	b93d                	j	965c <__adddf3+0x312>
    9a20:	fe050793          	addi	a5,a0,-32
    9a24:	02000693          	li	a3,32
    9a28:	00f757b3          	srl	a5,a4,a5
    9a2c:	00d50a63          	beq	a0,a3,9a40 <__adddf3+0x6f6>
    9a30:	04000693          	li	a3,64
    9a34:	40a68533          	sub	a0,a3,a0
    9a38:	00a71733          	sll	a4,a4,a0
    9a3c:	00ef6f33          	or	t5,t5,a4
    9a40:	01e03933          	snez	s2,t5
    9a44:	00f96933          	or	s2,s2,a5
    9a48:	bba9                	j	97a2 <__adddf3+0x458>
    9a4a:	4581                	li	a1,0
    9a4c:	7ff00513          	li	a0,2047
    9a50:	000807b7          	lui	a5,0x80
    9a54:	bca9                	j	94ae <__adddf3+0x164>
    9a56:	01ff0933          	add	s2,t5,t6
    9a5a:	010707b3          	add	a5,a4,a6
    9a5e:	01f93633          	sltu	a2,s2,t6
    9a62:	963e                	add	a2,a2,a5
    9a64:	b375                	j	9810 <__adddf3+0x4c6>
    9a66:	00361693          	slli	a3,a2,0x3
    9a6a:	01d81793          	slli	a5,a6,0x1d
    9a6e:	828d                	srli	a3,a3,0x3
    9a70:	00d7e8b3          	or	a7,a5,a3
    9a74:	00385793          	srli	a5,a6,0x3
    9a78:	b189                	j	96ba <__adddf3+0x370>

00009a7a <__eqdf2>:
    9a7a:	0145d713          	srli	a4,a1,0x14
    9a7e:	001007b7          	lui	a5,0x100
    9a82:	17fd                	addi	a5,a5,-1
    9a84:	0146d813          	srli	a6,a3,0x14
    9a88:	7ff77713          	andi	a4,a4,2047
    9a8c:	7ff00893          	li	a7,2047
    9a90:	00b7fe33          	and	t3,a5,a1
    9a94:	8eaa                	mv	t4,a0
    9a96:	8ff5                	and	a5,a5,a3
    9a98:	81fd                	srli	a1,a1,0x1f
    9a9a:	8f32                	mv	t5,a2
    9a9c:	7ff87813          	andi	a6,a6,2047
    9aa0:	82fd                	srli	a3,a3,0x1f
    9aa2:	01170b63          	beq	a4,a7,9ab8 <__eqdf2+0x3e>
    9aa6:	4305                	li	t1,1
    9aa8:	01180663          	beq	a6,a7,9ab4 <__eqdf2+0x3a>
    9aac:	01071463          	bne	a4,a6,9ab4 <__eqdf2+0x3a>
    9ab0:	00fe0d63          	beq	t3,a5,9aca <__eqdf2+0x50>
    9ab4:	851a                	mv	a0,t1
    9ab6:	8082                	ret
    9ab8:	00ae68b3          	or	a7,t3,a0
    9abc:	4305                	li	t1,1
    9abe:	fe089be3          	bnez	a7,9ab4 <__eqdf2+0x3a>
    9ac2:	fee819e3          	bne	a6,a4,9ab4 <__eqdf2+0x3a>
    9ac6:	8fd1                	or	a5,a5,a2
    9ac8:	f7f5                	bnez	a5,9ab4 <__eqdf2+0x3a>
    9aca:	4305                	li	t1,1
    9acc:	ffee94e3          	bne	t4,t5,9ab4 <__eqdf2+0x3a>
    9ad0:	4301                	li	t1,0
    9ad2:	fed581e3          	beq	a1,a3,9ab4 <__eqdf2+0x3a>
    9ad6:	4305                	li	t1,1
    9ad8:	ff71                	bnez	a4,9ab4 <__eqdf2+0x3a>
    9ada:	00ae6533          	or	a0,t3,a0
    9ade:	00a03333          	snez	t1,a0
    9ae2:	bfc9                	j	9ab4 <__eqdf2+0x3a>

00009ae4 <__gedf2>:
    9ae4:	0145d713          	srli	a4,a1,0x14
    9ae8:	001007b7          	lui	a5,0x100
    9aec:	17fd                	addi	a5,a5,-1
    9aee:	0146d813          	srli	a6,a3,0x14
    9af2:	7ff77713          	andi	a4,a4,2047
    9af6:	7ff00893          	li	a7,2047
    9afa:	00b7f333          	and	t1,a5,a1
    9afe:	8e2a                	mv	t3,a0
    9b00:	8ff5                	and	a5,a5,a3
    9b02:	81fd                	srli	a1,a1,0x1f
    9b04:	8eb2                	mv	t4,a2
    9b06:	7ff87813          	andi	a6,a6,2047
    9b0a:	82fd                	srli	a3,a3,0x1f
    9b0c:	03170863          	beq	a4,a7,9b3c <__gedf2+0x58>
    9b10:	03180063          	beq	a6,a7,9b30 <__gedf2+0x4c>
    9b14:	eb0d                	bnez	a4,9b46 <__gedf2+0x62>
    9b16:	00a368b3          	or	a7,t1,a0
    9b1a:	00081463          	bnez	a6,9b22 <__gedf2+0x3e>
    9b1e:	8e5d                	or	a2,a2,a5
    9b20:	ca29                	beqz	a2,9b72 <__gedf2+0x8e>
    9b22:	04088563          	beqz	a7,9b6c <__gedf2+0x88>
    9b26:	02d58863          	beq	a1,a3,9b56 <__gedf2+0x72>
    9b2a:	4505                	li	a0,1
    9b2c:	ed95                	bnez	a1,9b68 <__gedf2+0x84>
    9b2e:	8082                	ret
    9b30:	00c7e8b3          	or	a7,a5,a2
    9b34:	fe0880e3          	beqz	a7,9b14 <__gedf2+0x30>
    9b38:	5579                	li	a0,-2
    9b3a:	8082                	ret
    9b3c:	00a36533          	or	a0,t1,a0
    9b40:	fd65                	bnez	a0,9b38 <__gedf2+0x54>
    9b42:	02e80c63          	beq	a6,a4,9b7a <__gedf2+0x96>
    9b46:	00081463          	bnez	a6,9b4e <__gedf2+0x6a>
    9b4a:	8e5d                	or	a2,a2,a5
    9b4c:	de79                	beqz	a2,9b2a <__gedf2+0x46>
    9b4e:	fcd59ee3          	bne	a1,a3,9b2a <__gedf2+0x46>
    9b52:	fce84ce3          	blt	a6,a4,9b2a <__gedf2+0x46>
    9b56:	01074863          	blt	a4,a6,9b66 <__gedf2+0x82>
    9b5a:	fc67e8e3          	bltu	a5,t1,9b2a <__gedf2+0x46>
    9b5e:	02f30363          	beq	t1,a5,9b84 <__gedf2+0xa0>
    9b62:	00f37f63          	bgeu	t1,a5,9b80 <__gedf2+0x9c>
    9b66:	e581                	bnez	a1,9b6e <__gedf2+0x8a>
    9b68:	557d                	li	a0,-1
    9b6a:	8082                	ret
    9b6c:	def5                	beqz	a3,9b68 <__gedf2+0x84>
    9b6e:	4505                	li	a0,1
    9b70:	8082                	ret
    9b72:	4501                	li	a0,0
    9b74:	fa089be3          	bnez	a7,9b2a <__gedf2+0x46>
    9b78:	8082                	ret
    9b7a:	8e5d                	or	a2,a2,a5
    9b7c:	da69                	beqz	a2,9b4e <__gedf2+0x6a>
    9b7e:	bf6d                	j	9b38 <__gedf2+0x54>
    9b80:	4501                	li	a0,0
    9b82:	8082                	ret
    9b84:	fbcee3e3          	bltu	t4,t3,9b2a <__gedf2+0x46>
    9b88:	4501                	li	a0,0
    9b8a:	fbde72e3          	bgeu	t3,t4,9b2e <__gedf2+0x4a>
    9b8e:	f1e5                	bnez	a1,9b6e <__gedf2+0x8a>
    9b90:	bfe1                	j	9b68 <__gedf2+0x84>

00009b92 <__ledf2>:
    9b92:	0145d713          	srli	a4,a1,0x14
    9b96:	001007b7          	lui	a5,0x100
    9b9a:	17fd                	addi	a5,a5,-1
    9b9c:	0146d813          	srli	a6,a3,0x14
    9ba0:	7ff77713          	andi	a4,a4,2047
    9ba4:	7ff00893          	li	a7,2047
    9ba8:	00b7fe33          	and	t3,a5,a1
    9bac:	8eaa                	mv	t4,a0
    9bae:	8ff5                	and	a5,a5,a3
    9bb0:	81fd                	srli	a1,a1,0x1f
    9bb2:	8f32                	mv	t5,a2
    9bb4:	7ff87813          	andi	a6,a6,2047
    9bb8:	82fd                	srli	a3,a3,0x1f
    9bba:	03170e63          	beq	a4,a7,9bf6 <__ledf2+0x64>
    9bbe:	01180d63          	beq	a6,a7,9bd8 <__ledf2+0x46>
    9bc2:	e329                	bnez	a4,9c04 <__ledf2+0x72>
    9bc4:	00ae68b3          	or	a7,t3,a0
    9bc8:	00081f63          	bnez	a6,9be6 <__ledf2+0x54>
    9bcc:	8e5d                	or	a2,a2,a5
    9bce:	ee01                	bnez	a2,9be6 <__ledf2+0x54>
    9bd0:	4301                	li	t1,0
    9bd2:	04088c63          	beqz	a7,9c2a <__ledf2+0x98>
    9bd6:	a821                	j	9bee <__ledf2+0x5c>
    9bd8:	00c7e8b3          	or	a7,a5,a2
    9bdc:	4309                	li	t1,2
    9bde:	04089663          	bnez	a7,9c2a <__ledf2+0x98>
    9be2:	d36d                	beqz	a4,9bc4 <__ledf2+0x32>
    9be4:	a005                	j	9c04 <__ledf2+0x72>
    9be6:	04088463          	beqz	a7,9c2e <__ledf2+0x9c>
    9bea:	02d58563          	beq	a1,a3,9c14 <__ledf2+0x82>
    9bee:	4305                	li	t1,1
    9bf0:	cd8d                	beqz	a1,9c2a <__ledf2+0x98>
    9bf2:	537d                	li	t1,-1
    9bf4:	a81d                	j	9c2a <__ledf2+0x98>
    9bf6:	00ae68b3          	or	a7,t3,a0
    9bfa:	4309                	li	t1,2
    9bfc:	02089763          	bnez	a7,9c2a <__ledf2+0x98>
    9c00:	02e80a63          	beq	a6,a4,9c34 <__ledf2+0xa2>
    9c04:	00081463          	bnez	a6,9c0c <__ledf2+0x7a>
    9c08:	8e5d                	or	a2,a2,a5
    9c0a:	d275                	beqz	a2,9bee <__ledf2+0x5c>
    9c0c:	fed591e3          	bne	a1,a3,9bee <__ledf2+0x5c>
    9c10:	fce84fe3          	blt	a6,a4,9bee <__ledf2+0x5c>
    9c14:	01074963          	blt	a4,a6,9c26 <__ledf2+0x94>
    9c18:	fdc7ebe3          	bltu	a5,t3,9bee <__ledf2+0x5c>
    9c1c:	00fe0f63          	beq	t3,a5,9c3a <__ledf2+0xa8>
    9c20:	4301                	li	t1,0
    9c22:	00fe7463          	bgeu	t3,a5,9c2a <__ledf2+0x98>
    9c26:	d5f1                	beqz	a1,9bf2 <__ledf2+0x60>
    9c28:	4305                	li	t1,1
    9c2a:	851a                	mv	a0,t1
    9c2c:	8082                	ret
    9c2e:	feed                	bnez	a3,9c28 <__ledf2+0x96>
    9c30:	537d                	li	t1,-1
    9c32:	bfe5                	j	9c2a <__ledf2+0x98>
    9c34:	8e5d                	or	a2,a2,a5
    9c36:	da79                	beqz	a2,9c0c <__ledf2+0x7a>
    9c38:	bfcd                	j	9c2a <__ledf2+0x98>
    9c3a:	fbdf6ae3          	bltu	t5,t4,9bee <__ledf2+0x5c>
    9c3e:	4301                	li	t1,0
    9c40:	ffeef5e3          	bgeu	t4,t5,9c2a <__ledf2+0x98>
    9c44:	f1f5                	bnez	a1,9c28 <__ledf2+0x96>
    9c46:	b775                	j	9bf2 <__ledf2+0x60>

00009c48 <__subdf3>:
    9c48:	00100737          	lui	a4,0x100
    9c4c:	177d                	addi	a4,a4,-1
    9c4e:	1101                	addi	sp,sp,-32
    9c50:	00b77333          	and	t1,a4,a1
    9c54:	0146d893          	srli	a7,a3,0x14
    9c58:	8f75                	and	a4,a4,a3
    9c5a:	01d65e93          	srli	t4,a2,0x1d
    9c5e:	cc22                	sw	s0,24(sp)
    9c60:	ca26                	sw	s1,20(sp)
    9c62:	030e                	slli	t1,t1,0x3
    9c64:	0145d493          	srli	s1,a1,0x14
    9c68:	01d55793          	srli	a5,a0,0x1d
    9c6c:	070e                	slli	a4,a4,0x3
    9c6e:	ce06                	sw	ra,28(sp)
    9c70:	c84a                	sw	s2,16(sp)
    9c72:	c64e                	sw	s3,12(sp)
    9c74:	7ff8f893          	andi	a7,a7,2047
    9c78:	7ff00e13          	li	t3,2047
    9c7c:	00eee733          	or	a4,t4,a4
    9c80:	7ff4f493          	andi	s1,s1,2047
    9c84:	01f5d413          	srli	s0,a1,0x1f
    9c88:	0067e333          	or	t1,a5,t1
    9c8c:	00351f13          	slli	t5,a0,0x3
    9c90:	82fd                	srli	a3,a3,0x1f
    9c92:	00361e93          	slli	t4,a2,0x3
    9c96:	19c88063          	beq	a7,t3,9e16 <__subdf3+0x1ce>
    9c9a:	0016c693          	xori	a3,a3,1
    9c9e:	411485b3          	sub	a1,s1,a7
    9ca2:	12d40563          	beq	s0,a3,9dcc <__subdf3+0x184>
    9ca6:	18b05163          	blez	a1,9e28 <__subdf3+0x1e0>
    9caa:	1a088b63          	beqz	a7,9e60 <__subdf3+0x218>
    9cae:	008007b7          	lui	a5,0x800
    9cb2:	8f5d                	or	a4,a4,a5
    9cb4:	59c48163          	beq	s1,t3,a236 <__subdf3+0x5ee>
    9cb8:	03800793          	li	a5,56
    9cbc:	34b7c463          	blt	a5,a1,a004 <__subdf3+0x3bc>
    9cc0:	47fd                	li	a5,31
    9cc2:	48b7c563          	blt	a5,a1,a14c <__subdf3+0x504>
    9cc6:	02000793          	li	a5,32
    9cca:	8f8d                	sub	a5,a5,a1
    9ccc:	00bed9b3          	srl	s3,t4,a1
    9cd0:	00f71833          	sll	a6,a4,a5
    9cd4:	00fe9eb3          	sll	t4,t4,a5
    9cd8:	01386833          	or	a6,a6,s3
    9cdc:	00b75733          	srl	a4,a4,a1
    9ce0:	01d039b3          	snez	s3,t4
    9ce4:	01386833          	or	a6,a6,s3
    9ce8:	40e30333          	sub	t1,t1,a4
    9cec:	410f09b3          	sub	s3,t5,a6
    9cf0:	013f37b3          	sltu	a5,t5,s3
    9cf4:	40f30633          	sub	a2,t1,a5
    9cf8:	00861793          	slli	a5,a2,0x8
    9cfc:	2407d363          	bgez	a5,9f42 <__subdf3+0x2fa>
    9d00:	00800937          	lui	s2,0x800
    9d04:	197d                	addi	s2,s2,-1
    9d06:	01267933          	and	s2,a2,s2
    9d0a:	2c090f63          	beqz	s2,9fe8 <__subdf3+0x3a0>
    9d0e:	854a                	mv	a0,s2
    9d10:	cf1f90ef          	jal	ra,3a00 <__clzsi2>
    9d14:	ff850713          	addi	a4,a0,-8
    9d18:	02000793          	li	a5,32
    9d1c:	8f99                	sub	a5,a5,a4
    9d1e:	00f9d7b3          	srl	a5,s3,a5
    9d22:	00e91633          	sll	a2,s2,a4
    9d26:	8fd1                	or	a5,a5,a2
    9d28:	00e999b3          	sll	s3,s3,a4
    9d2c:	2a974463          	blt	a4,s1,9fd4 <__subdf3+0x38c>
    9d30:	8f05                	sub	a4,a4,s1
    9d32:	00170613          	addi	a2,a4,1 # 100001 <_data_lma+0xf4ded>
    9d36:	46fd                	li	a3,31
    9d38:	3ac6c563          	blt	a3,a2,a0e2 <__subdf3+0x49a>
    9d3c:	02000713          	li	a4,32
    9d40:	8f11                	sub	a4,a4,a2
    9d42:	00c9d6b3          	srl	a3,s3,a2
    9d46:	00e99833          	sll	a6,s3,a4
    9d4a:	00e79733          	sll	a4,a5,a4
    9d4e:	8f55                	or	a4,a4,a3
    9d50:	01003833          	snez	a6,a6
    9d54:	010769b3          	or	s3,a4,a6
    9d58:	00c7d633          	srl	a2,a5,a2
    9d5c:	4481                	li	s1,0
    9d5e:	0079f793          	andi	a5,s3,7
    9d62:	cf81                	beqz	a5,9d7a <__subdf3+0x132>
    9d64:	00f9f693          	andi	a3,s3,15
    9d68:	4791                	li	a5,4
    9d6a:	00f68863          	beq	a3,a5,9d7a <__subdf3+0x132>
    9d6e:	00498693          	addi	a3,s3,4
    9d72:	0136b833          	sltu	a6,a3,s3
    9d76:	9642                	add	a2,a2,a6
    9d78:	89b6                	mv	s3,a3
    9d7a:	00861793          	slli	a5,a2,0x8
    9d7e:	1c07d663          	bgez	a5,9f4a <__subdf3+0x302>
    9d82:	00148713          	addi	a4,s1,1
    9d86:	7ff00793          	li	a5,2047
    9d8a:	8805                	andi	s0,s0,1
    9d8c:	20f70663          	beq	a4,a5,9f98 <__subdf3+0x350>
    9d90:	ff8007b7          	lui	a5,0xff800
    9d94:	17fd                	addi	a5,a5,-1
    9d96:	8ff1                	and	a5,a5,a2
    9d98:	01d79813          	slli	a6,a5,0x1d
    9d9c:	0039d993          	srli	s3,s3,0x3
    9da0:	07a6                	slli	a5,a5,0x9
    9da2:	01386833          	or	a6,a6,s3
    9da6:	83b1                	srli	a5,a5,0xc
    9da8:	7ff77713          	andi	a4,a4,2047
    9dac:	00c79693          	slli	a3,a5,0xc
    9db0:	0752                	slli	a4,a4,0x14
    9db2:	82b1                	srli	a3,a3,0xc
    9db4:	047e                	slli	s0,s0,0x1f
    9db6:	8ed9                	or	a3,a3,a4
    9db8:	8ec1                	or	a3,a3,s0
    9dba:	40f2                	lw	ra,28(sp)
    9dbc:	4462                	lw	s0,24(sp)
    9dbe:	44d2                	lw	s1,20(sp)
    9dc0:	4942                	lw	s2,16(sp)
    9dc2:	49b2                	lw	s3,12(sp)
    9dc4:	8542                	mv	a0,a6
    9dc6:	85b6                	mv	a1,a3
    9dc8:	6105                	addi	sp,sp,32
    9dca:	8082                	ret
    9dcc:	0ab05663          	blez	a1,9e78 <__subdf3+0x230>
    9dd0:	12088a63          	beqz	a7,9f04 <__subdf3+0x2bc>
    9dd4:	008007b7          	lui	a5,0x800
    9dd8:	8f5d                	or	a4,a4,a5
    9dda:	2dc48763          	beq	s1,t3,a0a8 <__subdf3+0x460>
    9dde:	03800793          	li	a5,56
    9de2:	18b7c763          	blt	a5,a1,9f70 <__subdf3+0x328>
    9de6:	47fd                	li	a5,31
    9de8:	3cb7d263          	bge	a5,a1,a1ac <__subdf3+0x564>
    9dec:	fe058813          	addi	a6,a1,-32
    9df0:	02000793          	li	a5,32
    9df4:	010759b3          	srl	s3,a4,a6
    9df8:	00f58a63          	beq	a1,a5,9e0c <__subdf3+0x1c4>
    9dfc:	04000793          	li	a5,64
    9e00:	40b785b3          	sub	a1,a5,a1
    9e04:	00b71733          	sll	a4,a4,a1
    9e08:	00eeeeb3          	or	t4,t4,a4
    9e0c:	01d03833          	snez	a6,t4
    9e10:	01386833          	or	a6,a6,s3
    9e14:	a295                	j	9f78 <__subdf3+0x330>
    9e16:	01d767b3          	or	a5,a4,t4
    9e1a:	80148593          	addi	a1,s1,-2047
    9e1e:	e399                	bnez	a5,9e24 <__subdf3+0x1dc>
    9e20:	0016c693          	xori	a3,a3,1
    9e24:	04d40a63          	beq	s0,a3,9e78 <__subdf3+0x230>
    9e28:	e1d1                	bnez	a1,9eac <__subdf3+0x264>
    9e2a:	00148793          	addi	a5,s1,1
    9e2e:	7fe7f793          	andi	a5,a5,2046
    9e32:	1e079963          	bnez	a5,a024 <__subdf3+0x3dc>
    9e36:	01e367b3          	or	a5,t1,t5
    9e3a:	01d76833          	or	a6,a4,t4
    9e3e:	16049263          	bnez	s1,9fa2 <__subdf3+0x35a>
    9e42:	3c078263          	beqz	a5,a206 <__subdf3+0x5be>
    9e46:	42081663          	bnez	a6,a272 <__subdf3+0x62a>
    9e4a:	00351813          	slli	a6,a0,0x3
    9e4e:	01d31693          	slli	a3,t1,0x1d
    9e52:	00385813          	srli	a6,a6,0x3
    9e56:	0106e833          	or	a6,a3,a6
    9e5a:	00335793          	srli	a5,t1,0x3
    9e5e:	a219                	j	9f64 <__subdf3+0x31c>
    9e60:	01d767b3          	or	a5,a4,t4
    9e64:	1a078563          	beqz	a5,a00e <__subdf3+0x3c6>
    9e68:	fff58793          	addi	a5,a1,-1
    9e6c:	3a078b63          	beqz	a5,a222 <__subdf3+0x5da>
    9e70:	23c58c63          	beq	a1,t3,a0a8 <__subdf3+0x460>
    9e74:	85be                	mv	a1,a5
    9e76:	b589                	j	9cb8 <__subdf3+0x70>
    9e78:	1c059963          	bnez	a1,a04a <__subdf3+0x402>
    9e7c:	00148693          	addi	a3,s1,1
    9e80:	7fe6f793          	andi	a5,a3,2046
    9e84:	efc1                	bnez	a5,9f1c <__subdf3+0x2d4>
    9e86:	01e367b3          	or	a5,t1,t5
    9e8a:	36049063          	bnez	s1,a1ea <__subdf3+0x5a2>
    9e8e:	44078d63          	beqz	a5,a2e8 <__subdf3+0x6a0>
    9e92:	01d767b3          	or	a5,a4,t4
    9e96:	46079463          	bnez	a5,a2fe <__subdf3+0x6b6>
    9e9a:	050e                	slli	a0,a0,0x3
    9e9c:	01d31813          	slli	a6,t1,0x1d
    9ea0:	810d                	srli	a0,a0,0x3
    9ea2:	00a86833          	or	a6,a6,a0
    9ea6:	00335793          	srli	a5,t1,0x3
    9eaa:	a86d                	j	9f64 <__subdf3+0x31c>
    9eac:	409885b3          	sub	a1,a7,s1
    9eb0:	20049763          	bnez	s1,a0be <__subdf3+0x476>
    9eb4:	01e367b3          	or	a5,t1,t5
    9eb8:	30078d63          	beqz	a5,a1d2 <__subdf3+0x58a>
    9ebc:	fff58793          	addi	a5,a1,-1
    9ec0:	40078963          	beqz	a5,a2d2 <__subdf3+0x68a>
    9ec4:	7ff00513          	li	a0,2047
    9ec8:	20a58363          	beq	a1,a0,a0ce <__subdf3+0x486>
    9ecc:	85be                	mv	a1,a5
    9ece:	03800793          	li	a5,56
    9ed2:	2ab7c263          	blt	a5,a1,a176 <__subdf3+0x52e>
    9ed6:	47fd                	li	a5,31
    9ed8:	3cb7c863          	blt	a5,a1,a2a8 <__subdf3+0x660>
    9edc:	02000793          	li	a5,32
    9ee0:	8f8d                	sub	a5,a5,a1
    9ee2:	00f31833          	sll	a6,t1,a5
    9ee6:	00bf5633          	srl	a2,t5,a1
    9eea:	00ff17b3          	sll	a5,t5,a5
    9eee:	00c86833          	or	a6,a6,a2
    9ef2:	00f039b3          	snez	s3,a5
    9ef6:	00b35333          	srl	t1,t1,a1
    9efa:	01386833          	or	a6,a6,s3
    9efe:	40670733          	sub	a4,a4,t1
    9f02:	acb5                	j	a17e <__subdf3+0x536>
    9f04:	01d767b3          	or	a5,a4,t4
    9f08:	10078363          	beqz	a5,a00e <__subdf3+0x3c6>
    9f0c:	fff58793          	addi	a5,a1,-1
    9f10:	1e078f63          	beqz	a5,a10e <__subdf3+0x4c6>
    9f14:	2fc58063          	beq	a1,t3,a1f4 <__subdf3+0x5ac>
    9f18:	85be                	mv	a1,a5
    9f1a:	b5d1                	j	9dde <__subdf3+0x196>
    9f1c:	7ff00793          	li	a5,2047
    9f20:	06f68b63          	beq	a3,a5,9f96 <__subdf3+0x34e>
    9f24:	9efa                	add	t4,t4,t5
    9f26:	01eeb633          	sltu	a2,t4,t5
    9f2a:	00e307b3          	add	a5,t1,a4
    9f2e:	97b2                	add	a5,a5,a2
    9f30:	01f79813          	slli	a6,a5,0x1f
    9f34:	001ede93          	srli	t4,t4,0x1
    9f38:	01d869b3          	or	s3,a6,t4
    9f3c:	0017d613          	srli	a2,a5,0x1
    9f40:	84b6                	mv	s1,a3
    9f42:	0079f793          	andi	a5,s3,7
    9f46:	e0079fe3          	bnez	a5,9d64 <__subdf3+0x11c>
    9f4a:	01d61793          	slli	a5,a2,0x1d
    9f4e:	0039d813          	srli	a6,s3,0x3
    9f52:	00f86833          	or	a6,a6,a5
    9f56:	85a6                	mv	a1,s1
    9f58:	00365793          	srli	a5,a2,0x3
    9f5c:	7ff00713          	li	a4,2047
    9f60:	06e58063          	beq	a1,a4,9fc0 <__subdf3+0x378>
    9f64:	07b2                	slli	a5,a5,0xc
    9f66:	83b1                	srli	a5,a5,0xc
    9f68:	7ff5f713          	andi	a4,a1,2047
    9f6c:	8805                	andi	s0,s0,1
    9f6e:	bd3d                	j	9dac <__subdf3+0x164>
    9f70:	01d76733          	or	a4,a4,t4
    9f74:	00e03833          	snez	a6,a4
    9f78:	01e809b3          	add	s3,a6,t5
    9f7c:	01e9b7b3          	sltu	a5,s3,t5
    9f80:	00678633          	add	a2,a5,t1
    9f84:	00861793          	slli	a5,a2,0x8
    9f88:	fa07dde3          	bgez	a5,9f42 <__subdf3+0x2fa>
    9f8c:	0485                	addi	s1,s1,1
    9f8e:	7ff00793          	li	a5,2047
    9f92:	18f49c63          	bne	s1,a5,a12a <__subdf3+0x4e2>
    9f96:	8805                	andi	s0,s0,1
    9f98:	7ff00713          	li	a4,2047
    9f9c:	4781                	li	a5,0
    9f9e:	4801                	li	a6,0
    9fa0:	b531                	j	9dac <__subdf3+0x164>
    9fa2:	10079163          	bnez	a5,a0a4 <__subdf3+0x45c>
    9fa6:	3c080163          	beqz	a6,a368 <__subdf3+0x720>
    9faa:	00361813          	slli	a6,a2,0x3
    9fae:	01d71793          	slli	a5,a4,0x1d
    9fb2:	00385813          	srli	a6,a6,0x3
    9fb6:	00f86833          	or	a6,a6,a5
    9fba:	8436                	mv	s0,a3
    9fbc:	00375793          	srli	a5,a4,0x3
    9fc0:	00f867b3          	or	a5,a6,a5
    9fc4:	dbe9                	beqz	a5,9f96 <__subdf3+0x34e>
    9fc6:	4401                	li	s0,0
    9fc8:	7ff00713          	li	a4,2047
    9fcc:	000807b7          	lui	a5,0x80
    9fd0:	4801                	li	a6,0
    9fd2:	bbe9                	j	9dac <__subdf3+0x164>
    9fd4:	ff800637          	lui	a2,0xff800
    9fd8:	167d                	addi	a2,a2,-1
    9fda:	8e7d                	and	a2,a2,a5
    9fdc:	0079f793          	andi	a5,s3,7
    9fe0:	8c99                	sub	s1,s1,a4
    9fe2:	d80791e3          	bnez	a5,9d64 <__subdf3+0x11c>
    9fe6:	b795                	j	9f4a <__subdf3+0x302>
    9fe8:	854e                	mv	a0,s3
    9fea:	a17f90ef          	jal	ra,3a00 <__clzsi2>
    9fee:	01850713          	addi	a4,a0,24
    9ff2:	47fd                	li	a5,31
    9ff4:	d2e7d2e3          	bge	a5,a4,9d18 <__subdf3+0xd0>
    9ff8:	ff850613          	addi	a2,a0,-8
    9ffc:	00c997b3          	sll	a5,s3,a2
    a000:	4981                	li	s3,0
    a002:	b32d                	j	9d2c <__subdf3+0xe4>
    a004:	01d76833          	or	a6,a4,t4
    a008:	01003833          	snez	a6,a6
    a00c:	b1c5                	j	9cec <__subdf3+0xa4>
    a00e:	00351813          	slli	a6,a0,0x3
    a012:	01d31793          	slli	a5,t1,0x1d
    a016:	00385813          	srli	a6,a6,0x3
    a01a:	00f86833          	or	a6,a6,a5
    a01e:	00335793          	srli	a5,t1,0x3
    a022:	bf2d                	j	9f5c <__subdf3+0x314>
    a024:	41df09b3          	sub	s3,t5,t4
    a028:	40e30933          	sub	s2,t1,a4
    a02c:	013f3633          	sltu	a2,t5,s3
    a030:	40c90933          	sub	s2,s2,a2
    a034:	00891793          	slli	a5,s2,0x8
    a038:	2007ca63          	bltz	a5,a24c <__subdf3+0x604>
    a03c:	0129e833          	or	a6,s3,s2
    a040:	cc0815e3          	bnez	a6,9d0a <__subdf3+0xc2>
    a044:	4781                	li	a5,0
    a046:	4401                	li	s0,0
    a048:	bf31                	j	9f64 <__subdf3+0x31c>
    a04a:	409885b3          	sub	a1,a7,s1
    a04e:	14048163          	beqz	s1,a190 <__subdf3+0x548>
    a052:	008006b7          	lui	a3,0x800
    a056:	7ff00793          	li	a5,2047
    a05a:	00d36333          	or	t1,t1,a3
    a05e:	20f88163          	beq	a7,a5,a260 <__subdf3+0x618>
    a062:	03800793          	li	a5,56
    a066:	22b7cc63          	blt	a5,a1,a29e <__subdf3+0x656>
    a06a:	47fd                	li	a5,31
    a06c:	2cb7c963          	blt	a5,a1,a33e <__subdf3+0x6f6>
    a070:	02000793          	li	a5,32
    a074:	8f8d                	sub	a5,a5,a1
    a076:	00f31833          	sll	a6,t1,a5
    a07a:	00bf56b3          	srl	a3,t5,a1
    a07e:	00ff17b3          	sll	a5,t5,a5
    a082:	00d86833          	or	a6,a6,a3
    a086:	00f039b3          	snez	s3,a5
    a08a:	00b35333          	srl	t1,t1,a1
    a08e:	01386833          	or	a6,a6,s3
    a092:	971a                	add	a4,a4,t1
    a094:	01d809b3          	add	s3,a6,t4
    a098:	01d9b7b3          	sltu	a5,s3,t4
    a09c:	00e78633          	add	a2,a5,a4
    a0a0:	84c6                	mv	s1,a7
    a0a2:	b5cd                	j	9f84 <__subdf3+0x33c>
    a0a4:	f20811e3          	bnez	a6,9fc6 <__subdf3+0x37e>
    a0a8:	00351813          	slli	a6,a0,0x3
    a0ac:	01d31793          	slli	a5,t1,0x1d
    a0b0:	00385813          	srli	a6,a6,0x3
    a0b4:	00f86833          	or	a6,a6,a5
    a0b8:	00335793          	srli	a5,t1,0x3
    a0bc:	b711                	j	9fc0 <__subdf3+0x378>
    a0be:	00800537          	lui	a0,0x800
    a0c2:	7ff00793          	li	a5,2047
    a0c6:	00a36333          	or	t1,t1,a0
    a0ca:	e0f892e3          	bne	a7,a5,9ece <__subdf3+0x286>
    a0ce:	060e                	slli	a2,a2,0x3
    a0d0:	01d71813          	slli	a6,a4,0x1d
    a0d4:	820d                	srli	a2,a2,0x3
    a0d6:	00c86833          	or	a6,a6,a2
    a0da:	00375793          	srli	a5,a4,0x3
    a0de:	8436                	mv	s0,a3
    a0e0:	b5c5                	j	9fc0 <__subdf3+0x378>
    a0e2:	1705                	addi	a4,a4,-31
    a0e4:	02000693          	li	a3,32
    a0e8:	00e7d733          	srl	a4,a5,a4
    a0ec:	00d60a63          	beq	a2,a3,a100 <__subdf3+0x4b8>
    a0f0:	04000693          	li	a3,64
    a0f4:	40c68633          	sub	a2,a3,a2
    a0f8:	00c79633          	sll	a2,a5,a2
    a0fc:	00c9e9b3          	or	s3,s3,a2
    a100:	01303833          	snez	a6,s3
    a104:	00e869b3          	or	s3,a6,a4
    a108:	4601                	li	a2,0
    a10a:	4481                	li	s1,0
    a10c:	bd1d                	j	9f42 <__subdf3+0x2fa>
    a10e:	01df09b3          	add	s3,t5,t4
    a112:	00e307b3          	add	a5,t1,a4
    a116:	01e9bf33          	sltu	t5,s3,t5
    a11a:	01e78633          	add	a2,a5,t5
    a11e:	00861793          	slli	a5,a2,0x8
    a122:	4485                	li	s1,1
    a124:	e007dfe3          	bgez	a5,9f42 <__subdf3+0x2fa>
    a128:	4489                	li	s1,2
    a12a:	ff8007b7          	lui	a5,0xff800
    a12e:	17fd                	addi	a5,a5,-1
    a130:	8ff1                	and	a5,a5,a2
    a132:	0019d713          	srli	a4,s3,0x1
    a136:	0019f813          	andi	a6,s3,1
    a13a:	01076833          	or	a6,a4,a6
    a13e:	01f79993          	slli	s3,a5,0x1f
    a142:	0109e9b3          	or	s3,s3,a6
    a146:	0017d613          	srli	a2,a5,0x1
    a14a:	b911                	j	9d5e <__subdf3+0x116>
    a14c:	fe058813          	addi	a6,a1,-32
    a150:	02000793          	li	a5,32
    a154:	010759b3          	srl	s3,a4,a6
    a158:	00f58a63          	beq	a1,a5,a16c <__subdf3+0x524>
    a15c:	04000793          	li	a5,64
    a160:	40b785b3          	sub	a1,a5,a1
    a164:	00b71733          	sll	a4,a4,a1
    a168:	00eeeeb3          	or	t4,t4,a4
    a16c:	01d03833          	snez	a6,t4
    a170:	01386833          	or	a6,a6,s3
    a174:	bea5                	j	9cec <__subdf3+0xa4>
    a176:	01e36333          	or	t1,t1,t5
    a17a:	00603833          	snez	a6,t1
    a17e:	410e89b3          	sub	s3,t4,a6
    a182:	013eb7b3          	sltu	a5,t4,s3
    a186:	40f70633          	sub	a2,a4,a5
    a18a:	84c6                	mv	s1,a7
    a18c:	8436                	mv	s0,a3
    a18e:	b6ad                	j	9cf8 <__subdf3+0xb0>
    a190:	01e367b3          	or	a5,t1,t5
    a194:	18078763          	beqz	a5,a322 <__subdf3+0x6da>
    a198:	fff58793          	addi	a5,a1,-1
    a19c:	1c078c63          	beqz	a5,a374 <__subdf3+0x72c>
    a1a0:	7ff00693          	li	a3,2047
    a1a4:	0ad58e63          	beq	a1,a3,a260 <__subdf3+0x618>
    a1a8:	85be                	mv	a1,a5
    a1aa:	bd65                	j	a062 <__subdf3+0x41a>
    a1ac:	02000793          	li	a5,32
    a1b0:	8f8d                	sub	a5,a5,a1
    a1b2:	00bed9b3          	srl	s3,t4,a1
    a1b6:	00f71833          	sll	a6,a4,a5
    a1ba:	00fe9eb3          	sll	t4,t4,a5
    a1be:	01386833          	or	a6,a6,s3
    a1c2:	00b75733          	srl	a4,a4,a1
    a1c6:	01d039b3          	snez	s3,t4
    a1ca:	01386833          	or	a6,a6,s3
    a1ce:	933a                	add	t1,t1,a4
    a1d0:	b365                	j	9f78 <__subdf3+0x330>
    a1d2:	00361813          	slli	a6,a2,0x3
    a1d6:	01d71793          	slli	a5,a4,0x1d
    a1da:	00385813          	srli	a6,a6,0x3
    a1de:	0107e833          	or	a6,a5,a6
    a1e2:	8436                	mv	s0,a3
    a1e4:	00375793          	srli	a5,a4,0x3
    a1e8:	bb95                	j	9f5c <__subdf3+0x314>
    a1ea:	cbbd                	beqz	a5,a260 <__subdf3+0x618>
    a1ec:	01d76733          	or	a4,a4,t4
    a1f0:	dc071be3          	bnez	a4,9fc6 <__subdf3+0x37e>
    a1f4:	050e                	slli	a0,a0,0x3
    a1f6:	01d31813          	slli	a6,t1,0x1d
    a1fa:	810d                	srli	a0,a0,0x3
    a1fc:	00a86833          	or	a6,a6,a0
    a200:	00335793          	srli	a5,t1,0x3
    a204:	bb75                	j	9fc0 <__subdf3+0x378>
    a206:	e2080fe3          	beqz	a6,a044 <__subdf3+0x3fc>
    a20a:	00361813          	slli	a6,a2,0x3
    a20e:	01d71793          	slli	a5,a4,0x1d
    a212:	00385813          	srli	a6,a6,0x3
    a216:	00f86833          	or	a6,a6,a5
    a21a:	8436                	mv	s0,a3
    a21c:	00375793          	srli	a5,a4,0x3
    a220:	b391                	j	9f64 <__subdf3+0x31c>
    a222:	41df09b3          	sub	s3,t5,t4
    a226:	40e307b3          	sub	a5,t1,a4
    a22a:	013f3f33          	sltu	t5,t5,s3
    a22e:	41e78633          	sub	a2,a5,t5
    a232:	4485                	li	s1,1
    a234:	b4d1                	j	9cf8 <__subdf3+0xb0>
    a236:	00351813          	slli	a6,a0,0x3
    a23a:	01d31693          	slli	a3,t1,0x1d
    a23e:	00385813          	srli	a6,a6,0x3
    a242:	0106e833          	or	a6,a3,a6
    a246:	00335793          	srli	a5,t1,0x3
    a24a:	bb9d                	j	9fc0 <__subdf3+0x378>
    a24c:	41ee89b3          	sub	s3,t4,t5
    a250:	40670633          	sub	a2,a4,t1
    a254:	013eb933          	sltu	s2,t4,s3
    a258:	41260933          	sub	s2,a2,s2
    a25c:	8436                	mv	s0,a3
    a25e:	b475                	j	9d0a <__subdf3+0xc2>
    a260:	060e                	slli	a2,a2,0x3
    a262:	01d71813          	slli	a6,a4,0x1d
    a266:	820d                	srli	a2,a2,0x3
    a268:	00c86833          	or	a6,a6,a2
    a26c:	00375793          	srli	a5,a4,0x3
    a270:	bb81                	j	9fc0 <__subdf3+0x378>
    a272:	41df09b3          	sub	s3,t5,t4
    a276:	40e307b3          	sub	a5,t1,a4
    a27a:	013f3633          	sltu	a2,t5,s3
    a27e:	40c78633          	sub	a2,a5,a2
    a282:	00861793          	slli	a5,a2,0x8
    a286:	0a07d763          	bgez	a5,a334 <__subdf3+0x6ec>
    a28a:	41ee89b3          	sub	s3,t4,t5
    a28e:	406707b3          	sub	a5,a4,t1
    a292:	013ebeb3          	sltu	t4,t4,s3
    a296:	41d78633          	sub	a2,a5,t4
    a29a:	8436                	mv	s0,a3
    a29c:	b4c9                	j	9d5e <__subdf3+0x116>
    a29e:	01e36333          	or	t1,t1,t5
    a2a2:	00603833          	snez	a6,t1
    a2a6:	b3fd                	j	a094 <__subdf3+0x44c>
    a2a8:	fe058813          	addi	a6,a1,-32
    a2ac:	02000793          	li	a5,32
    a2b0:	010359b3          	srl	s3,t1,a6
    a2b4:	00f58a63          	beq	a1,a5,a2c8 <__subdf3+0x680>
    a2b8:	04000793          	li	a5,64
    a2bc:	40b785b3          	sub	a1,a5,a1
    a2c0:	00b31333          	sll	t1,t1,a1
    a2c4:	006f6f33          	or	t5,t5,t1
    a2c8:	01e03833          	snez	a6,t5
    a2cc:	01386833          	or	a6,a6,s3
    a2d0:	b57d                	j	a17e <__subdf3+0x536>
    a2d2:	41ee89b3          	sub	s3,t4,t5
    a2d6:	406707b3          	sub	a5,a4,t1
    a2da:	013ebeb3          	sltu	t4,t4,s3
    a2de:	41d78633          	sub	a2,a5,t4
    a2e2:	8436                	mv	s0,a3
    a2e4:	4485                	li	s1,1
    a2e6:	bc09                	j	9cf8 <__subdf3+0xb0>
    a2e8:	00361813          	slli	a6,a2,0x3
    a2ec:	01d71793          	slli	a5,a4,0x1d
    a2f0:	00385813          	srli	a6,a6,0x3
    a2f4:	00f86833          	or	a6,a6,a5
    a2f8:	00375793          	srli	a5,a4,0x3
    a2fc:	b1a5                	j	9f64 <__subdf3+0x31c>
    a2fe:	01df09b3          	add	s3,t5,t4
    a302:	00e307b3          	add	a5,t1,a4
    a306:	01e9bf33          	sltu	t5,s3,t5
    a30a:	01e78633          	add	a2,a5,t5
    a30e:	00861793          	slli	a5,a2,0x8
    a312:	c207d8e3          	bgez	a5,9f42 <__subdf3+0x2fa>
    a316:	ff8007b7          	lui	a5,0xff800
    a31a:	17fd                	addi	a5,a5,-1
    a31c:	8e7d                	and	a2,a2,a5
    a31e:	4485                	li	s1,1
    a320:	b10d                	j	9f42 <__subdf3+0x2fa>
    a322:	060e                	slli	a2,a2,0x3
    a324:	01d71813          	slli	a6,a4,0x1d
    a328:	820d                	srli	a2,a2,0x3
    a32a:	00c86833          	or	a6,a6,a2
    a32e:	00375793          	srli	a5,a4,0x3
    a332:	b12d                	j	9f5c <__subdf3+0x314>
    a334:	00c9e833          	or	a6,s3,a2
    a338:	d00806e3          	beqz	a6,a044 <__subdf3+0x3fc>
    a33c:	b119                	j	9f42 <__subdf3+0x2fa>
    a33e:	fe058813          	addi	a6,a1,-32
    a342:	02000793          	li	a5,32
    a346:	010359b3          	srl	s3,t1,a6
    a34a:	00f58a63          	beq	a1,a5,a35e <__subdf3+0x716>
    a34e:	04000793          	li	a5,64
    a352:	40b785b3          	sub	a1,a5,a1
    a356:	00b31333          	sll	t1,t1,a1
    a35a:	006f6f33          	or	t5,t5,t1
    a35e:	01e03833          	snez	a6,t5
    a362:	01386833          	or	a6,a6,s3
    a366:	b33d                	j	a094 <__subdf3+0x44c>
    a368:	4401                	li	s0,0
    a36a:	7ff00713          	li	a4,2047
    a36e:	000807b7          	lui	a5,0x80
    a372:	bc2d                	j	9dac <__subdf3+0x164>
    a374:	01df09b3          	add	s3,t5,t4
    a378:	00e307b3          	add	a5,t1,a4
    a37c:	01d9beb3          	sltu	t4,s3,t4
    a380:	01d78633          	add	a2,a5,t4
    a384:	bb69                	j	a11e <__subdf3+0x4d6>

0000a386 <__unorddf2>:
    a386:	0145d713          	srli	a4,a1,0x14
    a38a:	001007b7          	lui	a5,0x100
    a38e:	17fd                	addi	a5,a5,-1
    a390:	fff74713          	not	a4,a4
    a394:	0146d813          	srli	a6,a3,0x14
    a398:	8dfd                	and	a1,a1,a5
    a39a:	8ff5                	and	a5,a5,a3
    a39c:	01571693          	slli	a3,a4,0x15
    a3a0:	7ff87813          	andi	a6,a6,2047
    a3a4:	ca99                	beqz	a3,a3ba <__unorddf2+0x34>
    a3a6:	7ff00713          	li	a4,2047
    a3aa:	4501                	li	a0,0
    a3ac:	00e80363          	beq	a6,a4,a3b2 <__unorddf2+0x2c>
    a3b0:	8082                	ret
    a3b2:	8fd1                	or	a5,a5,a2
    a3b4:	00f03533          	snez	a0,a5
    a3b8:	8082                	ret
    a3ba:	8dc9                	or	a1,a1,a0
    a3bc:	4505                	li	a0,1
    a3be:	d5e5                	beqz	a1,a3a6 <__unorddf2+0x20>
    a3c0:	8082                	ret

0000a3c2 <__fixdfsi>:
    a3c2:	0145d793          	srli	a5,a1,0x14
    a3c6:	001006b7          	lui	a3,0x100
    a3ca:	fff68713          	addi	a4,a3,-1 # fffff <_data_lma+0xf4deb>
    a3ce:	7ff7f793          	andi	a5,a5,2047
    a3d2:	3fe00613          	li	a2,1022
    a3d6:	8f6d                	and	a4,a4,a1
    a3d8:	81fd                	srli	a1,a1,0x1f
    a3da:	00f65c63          	bge	a2,a5,a3f2 <__fixdfsi+0x30>
    a3de:	41d00613          	li	a2,1053
    a3e2:	00f65a63          	bge	a2,a5,a3f6 <__fixdfsi+0x34>
    a3e6:	80000537          	lui	a0,0x80000
    a3ea:	fff54513          	not	a0,a0
    a3ee:	952e                	add	a0,a0,a1
    a3f0:	8082                	ret
    a3f2:	4501                	li	a0,0
    a3f4:	8082                	ret
    a3f6:	43300613          	li	a2,1075
    a3fa:	8e1d                	sub	a2,a2,a5
    a3fc:	487d                	li	a6,31
    a3fe:	8f55                	or	a4,a4,a3
    a400:	00c85d63          	bge	a6,a2,a41a <__fixdfsi+0x58>
    a404:	41300693          	li	a3,1043
    a408:	40f687b3          	sub	a5,a3,a5
    a40c:	00f757b3          	srl	a5,a4,a5
    a410:	40f00533          	neg	a0,a5
    a414:	f1e5                	bnez	a1,a3f4 <__fixdfsi+0x32>
    a416:	853e                	mv	a0,a5
    a418:	8082                	ret
    a41a:	bed78793          	addi	a5,a5,-1043 # ffbed <_data_lma+0xf49d9>
    a41e:	00f717b3          	sll	a5,a4,a5
    a422:	00c55533          	srl	a0,a0,a2
    a426:	8fc9                	or	a5,a5,a0
    a428:	b7e5                	j	a410 <__fixdfsi+0x4e>

0000a42a <__fixunsdfsi>:
    a42a:	0145d793          	srli	a5,a1,0x14
    a42e:	001006b7          	lui	a3,0x100
    a432:	fff68713          	addi	a4,a3,-1 # fffff <_data_lma+0xf4deb>
    a436:	7ff7f793          	andi	a5,a5,2047
    a43a:	3fe00613          	li	a2,1022
    a43e:	882a                	mv	a6,a0
    a440:	8f6d                	and	a4,a4,a1
    a442:	4501                	li	a0,0
    a444:	81fd                	srli	a1,a1,0x1f
    a446:	00f65463          	bge	a2,a5,a44e <__fixunsdfsi+0x24>
    a44a:	c199                	beqz	a1,a450 <__fixunsdfsi+0x26>
    a44c:	8082                	ret
    a44e:	8082                	ret
    a450:	41e00613          	li	a2,1054
    a454:	557d                	li	a0,-1
    a456:	fef64be3          	blt	a2,a5,a44c <__fixunsdfsi+0x22>
    a45a:	43300513          	li	a0,1075
    a45e:	8d1d                	sub	a0,a0,a5
    a460:	467d                	li	a2,31
    a462:	8f55                	or	a4,a4,a3
    a464:	00a64a63          	blt	a2,a0,a478 <__fixunsdfsi+0x4e>
    a468:	bed78793          	addi	a5,a5,-1043
    a46c:	00f71733          	sll	a4,a4,a5
    a470:	00a85533          	srl	a0,a6,a0
    a474:	8d59                	or	a0,a0,a4
    a476:	8082                	ret
    a478:	41300513          	li	a0,1043
    a47c:	40f507b3          	sub	a5,a0,a5
    a480:	00f75533          	srl	a0,a4,a5
    a484:	8082                	ret

0000a486 <__floatunsidf>:
    a486:	cd1d                	beqz	a0,a4c4 <__floatunsidf+0x3e>
    a488:	1141                	addi	sp,sp,-16
    a48a:	c422                	sw	s0,8(sp)
    a48c:	c606                	sw	ra,12(sp)
    a48e:	842a                	mv	s0,a0
    a490:	d70f90ef          	jal	ra,3a00 <__clzsi2>
    a494:	41e00693          	li	a3,1054
    a498:	8e89                	sub	a3,a3,a0
    a49a:	47a9                	li	a5,10
    a49c:	7ff6f693          	andi	a3,a3,2047
    a4a0:	02a7dc63          	bge	a5,a0,a4d8 <__floatunsidf+0x52>
    a4a4:	1555                	addi	a0,a0,-11
    a4a6:	00a417b3          	sll	a5,s0,a0
    a4aa:	07b2                	slli	a5,a5,0xc
    a4ac:	83b1                	srli	a5,a5,0xc
    a4ae:	4701                	li	a4,0
    a4b0:	40b2                	lw	ra,12(sp)
    a4b2:	4422                	lw	s0,8(sp)
    a4b4:	07b2                	slli	a5,a5,0xc
    a4b6:	06d2                	slli	a3,a3,0x14
    a4b8:	83b1                	srli	a5,a5,0xc
    a4ba:	8fd5                	or	a5,a5,a3
    a4bc:	853a                	mv	a0,a4
    a4be:	85be                	mv	a1,a5
    a4c0:	0141                	addi	sp,sp,16
    a4c2:	8082                	ret
    a4c4:	4781                	li	a5,0
    a4c6:	4681                	li	a3,0
    a4c8:	07b2                	slli	a5,a5,0xc
    a4ca:	06d2                	slli	a3,a3,0x14
    a4cc:	83b1                	srli	a5,a5,0xc
    a4ce:	4701                	li	a4,0
    a4d0:	8fd5                	or	a5,a5,a3
    a4d2:	853a                	mv	a0,a4
    a4d4:	85be                	mv	a1,a5
    a4d6:	8082                	ret
    a4d8:	472d                	li	a4,11
    a4da:	8f09                	sub	a4,a4,a0
    a4dc:	00e457b3          	srl	a5,s0,a4
    a4e0:	07b2                	slli	a5,a5,0xc
    a4e2:	01550713          	addi	a4,a0,21 # 80000015 <_eusrstack+0x5fff8015>
    a4e6:	00e41733          	sll	a4,s0,a4
    a4ea:	83b1                	srli	a5,a5,0xc
    a4ec:	b7d1                	j	a4b0 <__floatunsidf+0x2a>

0000a4ee <__extenddftf2>:
    a4ee:	01465793          	srli	a5,a2,0x14
    a4f2:	00c61713          	slli	a4,a2,0xc
    a4f6:	7ff7f793          	andi	a5,a5,2047
    a4fa:	7179                	addi	sp,sp,-48
    a4fc:	8331                	srli	a4,a4,0xc
    a4fe:	00178693          	addi	a3,a5,1
    a502:	d422                	sw	s0,40(sp)
    a504:	d226                	sw	s1,36(sp)
    a506:	d606                	sw	ra,44(sp)
    a508:	d04a                	sw	s2,32(sp)
    a50a:	c82e                	sw	a1,16(sp)
    a50c:	ca3a                	sw	a4,20(sp)
    a50e:	ce02                	sw	zero,28(sp)
    a510:	cc02                	sw	zero,24(sp)
    a512:	7fe6f693          	andi	a3,a3,2046
    a516:	842a                	mv	s0,a0
    a518:	01f65493          	srli	s1,a2,0x1f
    a51c:	cab9                	beqz	a3,a572 <__extenddftf2+0x84>
    a51e:	6691                	lui	a3,0x4
    a520:	c0068693          	addi	a3,a3,-1024 # 3c00 <_printf_float+0x24>
    a524:	97b6                	add	a5,a5,a3
    a526:	0045d613          	srli	a2,a1,0x4
    a52a:	01c71693          	slli	a3,a4,0x1c
    a52e:	07c6                	slli	a5,a5,0x11
    a530:	8ed1                	or	a3,a3,a2
    a532:	01c59513          	slli	a0,a1,0x1c
    a536:	8311                	srli	a4,a4,0x4
    a538:	83c5                	srli	a5,a5,0x11
    a53a:	4801                	li	a6,0
    a53c:	8678                	sh	a4,12(sp)
    a53e:	4732                	lw	a4,12(sp)
    a540:	07c6                	slli	a5,a5,0x11
    a542:	800105b7          	lui	a1,0x80010
    a546:	83c5                	srli	a5,a5,0x11
    a548:	15fd                	addi	a1,a1,-1
    a54a:	07c2                	slli	a5,a5,0x10
    a54c:	8f6d                	and	a4,a4,a1
    a54e:	8fd9                	or	a5,a5,a4
    a550:	0786                	slli	a5,a5,0x1
    a552:	01f49613          	slli	a2,s1,0x1f
    a556:	8385                	srli	a5,a5,0x1
    a558:	8fd1                	or	a5,a5,a2
    a55a:	c048                	sw	a0,4(s0)
    a55c:	01042023          	sw	a6,0(s0)
    a560:	c414                	sw	a3,8(s0)
    a562:	c45c                	sw	a5,12(s0)
    a564:	8522                	mv	a0,s0
    a566:	50b2                	lw	ra,44(sp)
    a568:	5422                	lw	s0,40(sp)
    a56a:	5492                	lw	s1,36(sp)
    a56c:	5902                	lw	s2,32(sp)
    a56e:	6145                	addi	sp,sp,48
    a570:	8082                	ret
    a572:	00b76533          	or	a0,a4,a1
    a576:	e7bd                	bnez	a5,a5e4 <__extenddftf2+0xf6>
    a578:	cd51                	beqz	a0,a614 <__extenddftf2+0x126>
    a57a:	c355                	beqz	a4,a61e <__extenddftf2+0x130>
    a57c:	853a                	mv	a0,a4
    a57e:	c82f90ef          	jal	ra,3a00 <__clzsi2>
    a582:	03150713          	addi	a4,a0,49
    a586:	01f77813          	andi	a6,a4,31
    a58a:	8715                	srai	a4,a4,0x5
    a58c:	0a081d63          	bnez	a6,a646 <__extenddftf2+0x158>
    a590:	0810                	addi	a2,sp,16
    a592:	00271693          	slli	a3,a4,0x2
    a596:	40d606b3          	sub	a3,a2,a3
    a59a:	888a                	mv	a7,sp
    a59c:	00271813          	slli	a6,a4,0x2
    a5a0:	46cc                	lw	a1,12(a3)
    a5a2:	010687b3          	add	a5,a3,a6
    a5a6:	16f1                	addi	a3,a3,-4
    a5a8:	c7cc                	sw	a1,12(a5)
    a5aa:	fed89be3          	bne	a7,a3,a5a0 <__extenddftf2+0xb2>
    a5ae:	177d                	addi	a4,a4,-1
    a5b0:	070a                	slli	a4,a4,0x2
    a5b2:	9732                	add	a4,a4,a2
    a5b4:	00072023          	sw	zero,0(a4)
    a5b8:	ffc70693          	addi	a3,a4,-4
    a5bc:	00e60963          	beq	a2,a4,a5ce <__extenddftf2+0xe0>
    a5c0:	8736                	mv	a4,a3
    a5c2:	00072023          	sw	zero,0(a4)
    a5c6:	ffc70693          	addi	a3,a4,-4
    a5ca:	fee61be3          	bne	a2,a4,a5c0 <__extenddftf2+0xd2>
    a5ce:	6791                	lui	a5,0x4
    a5d0:	c0c78793          	addi	a5,a5,-1012 # 3c0c <_printf_float+0x30>
    a5d4:	8f89                	sub	a5,a5,a0
    a5d6:	07c6                	slli	a5,a5,0x11
    a5d8:	4842                	lw	a6,16(sp)
    a5da:	4552                	lw	a0,20(sp)
    a5dc:	46e2                	lw	a3,24(sp)
    a5de:	86b8                	lhu	a4,28(sp)
    a5e0:	83c5                	srli	a5,a5,0x11
    a5e2:	bfa9                	j	a53c <__extenddftf2+0x4e>
    a5e4:	c115                	beqz	a0,a608 <__extenddftf2+0x11a>
    a5e6:	67a1                	lui	a5,0x8
    a5e8:	00475513          	srli	a0,a4,0x4
    a5ec:	01c71693          	slli	a3,a4,0x1c
    a5f0:	00f56733          	or	a4,a0,a5
    a5f4:	0045d613          	srli	a2,a1,0x4
    a5f8:	0742                	slli	a4,a4,0x10
    a5fa:	8ed1                	or	a3,a3,a2
    a5fc:	01c59513          	slli	a0,a1,0x1c
    a600:	8341                	srli	a4,a4,0x10
    a602:	17fd                	addi	a5,a5,-1
    a604:	4801                	li	a6,0
    a606:	bf1d                	j	a53c <__extenddftf2+0x4e>
    a608:	67a1                	lui	a5,0x8
    a60a:	4681                	li	a3,0
    a60c:	17fd                	addi	a5,a5,-1
    a60e:	4701                	li	a4,0
    a610:	4801                	li	a6,0
    a612:	b72d                	j	a53c <__extenddftf2+0x4e>
    a614:	4681                	li	a3,0
    a616:	4781                	li	a5,0
    a618:	4701                	li	a4,0
    a61a:	4801                	li	a6,0
    a61c:	b705                	j	a53c <__extenddftf2+0x4e>
    a61e:	852e                	mv	a0,a1
    a620:	892e                	mv	s2,a1
    a622:	bdef90ef          	jal	ra,3a00 <__clzsi2>
    a626:	05150713          	addi	a4,a0,81
    a62a:	01f77813          	andi	a6,a4,31
    a62e:	02050513          	addi	a0,a0,32
    a632:	8715                	srai	a4,a4,0x5
    a634:	f4080ee3          	beqz	a6,a590 <__extenddftf2+0xa2>
    a638:	4789                	li	a5,2
    a63a:	00f70663          	beq	a4,a5,a646 <__extenddftf2+0x158>
    a63e:	4709                	li	a4,2
    a640:	0810                	addi	a2,sp,16
    a642:	48b1                	li	a7,12
    a644:	a835                	j	a680 <__extenddftf2+0x192>
    a646:	40e006b3          	neg	a3,a4
    a64a:	068a                	slli	a3,a3,0x2
    a64c:	0810                	addi	a2,sp,16
    a64e:	06b1                	addi	a3,a3,12
    a650:	02000e13          	li	t3,32
    a654:	96b2                	add	a3,a3,a2
    a656:	00271893          	slli	a7,a4,0x2
    a65a:	410e0e33          	sub	t3,t3,a6
    a65e:	ffc6a583          	lw	a1,-4(a3)
    a662:	429c                	lw	a5,0(a3)
    a664:	01168333          	add	t1,a3,a7
    a668:	01c5d5b3          	srl	a1,a1,t3
    a66c:	010797b3          	sll	a5,a5,a6
    a670:	8ddd                	or	a1,a1,a5
    a672:	00b32023          	sw	a1,0(t1)
    a676:	16f1                	addi	a3,a3,-4
    a678:	fed613e3          	bne	a2,a3,a65e <__extenddftf2+0x170>
    a67c:	4942                	lw	s2,16(sp)
    a67e:	177d                	addi	a4,a4,-1
    a680:	101c                	addi	a5,sp,32
    a682:	98be                	add	a7,a7,a5
    a684:	01091933          	sll	s2,s2,a6
    a688:	ff28a823          	sw	s2,-16(a7) # fff0 <_data_lma+0x4ddc>
    a68c:	b715                	j	a5b0 <__extenddftf2+0xc2>

0000a68e <__truncdfsf2>:
    a68e:	0145d693          	srli	a3,a1,0x14
    a692:	00c59793          	slli	a5,a1,0xc
    a696:	7ff6f693          	andi	a3,a3,2047
    a69a:	83b1                	srli	a5,a5,0xc
    a69c:	00168613          	addi	a2,a3,1
    a6a0:	078e                	slli	a5,a5,0x3
    a6a2:	01d55713          	srli	a4,a0,0x1d
    a6a6:	7fe67613          	andi	a2,a2,2046
    a6aa:	81fd                	srli	a1,a1,0x1f
    a6ac:	8f5d                	or	a4,a4,a5
    a6ae:	00351893          	slli	a7,a0,0x3
    a6b2:	ce35                	beqz	a2,a72e <__truncdfsf2+0xa0>
    a6b4:	c8068813          	addi	a6,a3,-896
    a6b8:	0fe00793          	li	a5,254
    a6bc:	0107dd63          	bge	a5,a6,a6d6 <__truncdfsf2+0x48>
    a6c0:	4781                	li	a5,0
    a6c2:	00979513          	slli	a0,a5,0x9
    a6c6:	0ff00693          	li	a3,255
    a6ca:	06de                	slli	a3,a3,0x17
    a6cc:	8125                	srli	a0,a0,0x9
    a6ce:	05fe                	slli	a1,a1,0x1f
    a6d0:	8d55                	or	a0,a0,a3
    a6d2:	8d4d                	or	a0,a0,a1
    a6d4:	8082                	ret
    a6d6:	0b005563          	blez	a6,a780 <__truncdfsf2+0xf2>
    a6da:	00651793          	slli	a5,a0,0x6
    a6de:	070e                	slli	a4,a4,0x3
    a6e0:	00f037b3          	snez	a5,a5
    a6e4:	8fd9                	or	a5,a5,a4
    a6e6:	01d8d893          	srli	a7,a7,0x1d
    a6ea:	0117e7b3          	or	a5,a5,a7
    a6ee:	0077f713          	andi	a4,a5,7
    a6f2:	10070163          	beqz	a4,a7f4 <__truncdfsf2+0x166>
    a6f6:	00f7f713          	andi	a4,a5,15
    a6fa:	4691                	li	a3,4
    a6fc:	00d70363          	beq	a4,a3,a702 <__truncdfsf2+0x74>
    a700:	0791                	addi	a5,a5,4
    a702:	04000737          	lui	a4,0x4000
    a706:	8f7d                	and	a4,a4,a5
    a708:	c775                	beqz	a4,a7f4 <__truncdfsf2+0x166>
    a70a:	00180713          	addi	a4,a6,1 # 100001 <_data_lma+0xf4ded>
    a70e:	0ff00613          	li	a2,255
    a712:	0ff77693          	andi	a3,a4,255
    a716:	fac705e3          	beq	a4,a2,a6c0 <__truncdfsf2+0x32>
    a71a:	079a                	slli	a5,a5,0x6
    a71c:	83a5                	srli	a5,a5,0x9
    a71e:	00979513          	slli	a0,a5,0x9
    a722:	06de                	slli	a3,a3,0x17
    a724:	8125                	srli	a0,a0,0x9
    a726:	05fe                	slli	a1,a1,0x1f
    a728:	8d55                	or	a0,a0,a3
    a72a:	8d4d                	or	a0,a0,a1
    a72c:	8082                	ret
    a72e:	011767b3          	or	a5,a4,a7
    a732:	ee99                	bnez	a3,a750 <__truncdfsf2+0xc2>
    a734:	cf85                	beqz	a5,a76c <__truncdfsf2+0xde>
    a736:	4795                	li	a5,5
    a738:	079a                	slli	a5,a5,0x6
    a73a:	83a5                	srli	a5,a5,0x9
    a73c:	00979513          	slli	a0,a5,0x9
    a740:	0ff6f693          	andi	a3,a3,255
    a744:	06de                	slli	a3,a3,0x17
    a746:	8125                	srli	a0,a0,0x9
    a748:	05fe                	slli	a1,a1,0x1f
    a74a:	8d55                	or	a0,a0,a3
    a74c:	8d4d                	or	a0,a0,a1
    a74e:	8082                	ret
    a750:	dba5                	beqz	a5,a6c0 <__truncdfsf2+0x32>
    a752:	004007b7          	lui	a5,0x400
    a756:	00979513          	slli	a0,a5,0x9
    a75a:	0ff00693          	li	a3,255
    a75e:	06de                	slli	a3,a3,0x17
    a760:	4581                	li	a1,0
    a762:	8125                	srli	a0,a0,0x9
    a764:	05fe                	slli	a1,a1,0x1f
    a766:	8d55                	or	a0,a0,a3
    a768:	8d4d                	or	a0,a0,a1
    a76a:	8082                	ret
    a76c:	4781                	li	a5,0
    a76e:	00979513          	slli	a0,a5,0x9
    a772:	4681                	li	a3,0
    a774:	06de                	slli	a3,a3,0x17
    a776:	8125                	srli	a0,a0,0x9
    a778:	05fe                	slli	a1,a1,0x1f
    a77a:	8d55                	or	a0,a0,a3
    a77c:	8d4d                	or	a0,a0,a1
    a77e:	8082                	ret
    a780:	57a5                	li	a5,-23
    a782:	04f84863          	blt	a6,a5,a7d2 <__truncdfsf2+0x144>
    a786:	47f9                	li	a5,30
    a788:	00800637          	lui	a2,0x800
    a78c:	410787b3          	sub	a5,a5,a6
    a790:	457d                	li	a0,31
    a792:	8e59                	or	a2,a2,a4
    a794:	04f55163          	bge	a0,a5,a7d6 <__truncdfsf2+0x148>
    a798:	5779                	li	a4,-2
    a79a:	41070733          	sub	a4,a4,a6
    a79e:	02000513          	li	a0,32
    a7a2:	00e65733          	srl	a4,a2,a4
    a7a6:	00a78863          	beq	a5,a0,a7b6 <__truncdfsf2+0x128>
    a7aa:	ca268693          	addi	a3,a3,-862
    a7ae:	00d616b3          	sll	a3,a2,a3
    a7b2:	00d8e8b3          	or	a7,a7,a3
    a7b6:	011037b3          	snez	a5,a7
    a7ba:	8fd9                	or	a5,a5,a4
    a7bc:	0077f713          	andi	a4,a5,7
    a7c0:	4801                	li	a6,0
    a7c2:	fb15                	bnez	a4,a6f6 <__truncdfsf2+0x68>
    a7c4:	00579713          	slli	a4,a5,0x5
    a7c8:	4685                	li	a3,1
    a7ca:	f40748e3          	bltz	a4,a71a <__truncdfsf2+0x8c>
    a7ce:	4681                	li	a3,0
    a7d0:	b7a5                	j	a738 <__truncdfsf2+0xaa>
    a7d2:	4681                	li	a3,0
    a7d4:	b78d                	j	a736 <__truncdfsf2+0xa8>
    a7d6:	c8268693          	addi	a3,a3,-894
    a7da:	00d89733          	sll	a4,a7,a3
    a7de:	00e03733          	snez	a4,a4
    a7e2:	00d616b3          	sll	a3,a2,a3
    a7e6:	00f8d8b3          	srl	a7,a7,a5
    a7ea:	00d767b3          	or	a5,a4,a3
    a7ee:	00f8e7b3          	or	a5,a7,a5
    a7f2:	b7e9                	j	a7bc <__truncdfsf2+0x12e>
    a7f4:	86c2                	mv	a3,a6
    a7f6:	b789                	j	a738 <__truncdfsf2+0xaa>

0000a7f8 <__trunctfdf2>:
    a7f8:	00c52803          	lw	a6,12(a0)
    a7fc:	4118                	lw	a4,0(a0)
    a7fe:	4154                	lw	a3,4(a0)
    a800:	450c                	lw	a1,8(a0)
    a802:	6521                	lui	a0,0x8
    a804:	fff50793          	addi	a5,a0,-1 # 7fff <_malloc_r+0xad>
    a808:	01085613          	srli	a2,a6,0x10
    a80c:	00359e13          	slli	t3,a1,0x3
    a810:	8e7d                	and	a2,a2,a5
    a812:	01d75893          	srli	a7,a4,0x1d
    a816:	01d6d793          	srli	a5,a3,0x1d
    a81a:	01081313          	slli	t1,a6,0x10
    a81e:	068e                	slli	a3,a3,0x3
    a820:	1141                	addi	sp,sp,-16
    a822:	01c7e7b3          	or	a5,a5,t3
    a826:	0116e6b3          	or	a3,a3,a7
    a82a:	01035313          	srli	t1,t1,0x10
    a82e:	00371e13          	slli	t3,a4,0x3
    a832:	00160893          	addi	a7,a2,1 # 800001 <_data_lma+0x7f4ded>
    a836:	1579                	addi	a0,a0,-2
    a838:	81f5                	srli	a1,a1,0x1d
    a83a:	030e                	slli	t1,t1,0x3
    a83c:	c43e                	sw	a5,8(sp)
    a83e:	c236                	sw	a3,4(sp)
    a840:	c072                	sw	t3,0(sp)
    a842:	00a8f533          	and	a0,a7,a0
    a846:	01f85813          	srli	a6,a6,0x1f
    a84a:	0065e5b3          	or	a1,a1,t1
    a84e:	c905                	beqz	a0,a87e <__trunctfdf2+0x86>
    a850:	7771                	lui	a4,0xffffc
    a852:	40070713          	addi	a4,a4,1024 # ffffc400 <_eusrstack+0xdfff4400>
    a856:	963a                	add	a2,a2,a4
    a858:	7fe00713          	li	a4,2046
    a85c:	04c75d63          	bge	a4,a2,a8b6 <__trunctfdf2+0xbe>
    a860:	7ff00613          	li	a2,2047
    a864:	4701                	li	a4,0
    a866:	4781                	li	a5,0
    a868:	0732                	slli	a4,a4,0xc
    a86a:	0652                	slli	a2,a2,0x14
    a86c:	8331                	srli	a4,a4,0xc
    a86e:	087e                	slli	a6,a6,0x1f
    a870:	8f51                	or	a4,a4,a2
    a872:	01076733          	or	a4,a4,a6
    a876:	853e                	mv	a0,a5
    a878:	85ba                	mv	a1,a4
    a87a:	0141                	addi	sp,sp,16
    a87c:	8082                	ret
    a87e:	8fd5                	or	a5,a5,a3
    a880:	8fcd                	or	a5,a5,a1
    a882:	01c7e7b3          	or	a5,a5,t3
    a886:	e205                	bnez	a2,a8a6 <__trunctfdf2+0xae>
    a888:	cbf1                	beqz	a5,a95c <__trunctfdf2+0x164>
    a88a:	4781                	li	a5,0
    a88c:	4695                	li	a3,5
    a88e:	0036d593          	srli	a1,a3,0x3
    a892:	00979713          	slli	a4,a5,0x9
    a896:	01d79693          	slli	a3,a5,0x1d
    a89a:	00b6e7b3          	or	a5,a3,a1
    a89e:	8331                	srli	a4,a4,0xc
    a8a0:	7ff67613          	andi	a2,a2,2047
    a8a4:	b7d1                	j	a868 <__trunctfdf2+0x70>
    a8a6:	dfcd                	beqz	a5,a860 <__trunctfdf2+0x68>
    a8a8:	4801                	li	a6,0
    a8aa:	7ff00613          	li	a2,2047
    a8ae:	00080737          	lui	a4,0x80
    a8b2:	4781                	li	a5,0
    a8b4:	bf55                	j	a868 <__trunctfdf2+0x70>
    a8b6:	0ac04663          	bgtz	a2,a962 <__trunctfdf2+0x16a>
    a8ba:	fcc00793          	li	a5,-52
    a8be:	0ef64f63          	blt	a2,a5,a9bc <__trunctfdf2+0x1c4>
    a8c2:	03d00793          	li	a5,61
    a8c6:	40c78633          	sub	a2,a5,a2
    a8ca:	40565793          	srai	a5,a2,0x5
    a8ce:	00080737          	lui	a4,0x80
    a8d2:	8dd9                	or	a1,a1,a4
    a8d4:	00279513          	slli	a0,a5,0x2
    a8d8:	870a                	mv	a4,sp
    a8da:	4681                	li	a3,0
    a8dc:	c62e                	sw	a1,12(sp)
    a8de:	00a108b3          	add	a7,sp,a0
    a8e2:	0711                	addi	a4,a4,4
    a8e4:	8a7d                	andi	a2,a2,31
    a8e6:	01c6e6b3          	or	a3,a3,t3
    a8ea:	01170963          	beq	a4,a7,a8fc <__trunctfdf2+0x104>
    a8ee:	00072e03          	lw	t3,0(a4) # 80000 <_data_lma+0x74dec>
    a8f2:	0711                	addi	a4,a4,4
    a8f4:	01c6e6b3          	or	a3,a3,t3
    a8f8:	ff171be3          	bne	a4,a7,a8ee <__trunctfdf2+0xf6>
    a8fc:	470d                	li	a4,3
    a8fe:	8f1d                	sub	a4,a4,a5
    a900:	ca79                	beqz	a2,a9d6 <__trunctfdf2+0x1de>
    a902:	01010893          	addi	a7,sp,16
    a906:	98aa                	add	a7,a7,a0
    a908:	ff08a883          	lw	a7,-16(a7)
    a90c:	02000e13          	li	t3,32
    a910:	40ce0e33          	sub	t3,t3,a2
    a914:	01c898b3          	sll	a7,a7,t3
    a918:	0116e6b3          	or	a3,a3,a7
    a91c:	cb75                	beqz	a4,aa10 <__trunctfdf2+0x218>
    a91e:	070a                	slli	a4,a4,0x2
    a920:	950a                	add	a0,a0,sp
    a922:	00e10eb3          	add	t4,sp,a4
    a926:	888a                	mv	a7,sp
    a928:	410c                	lw	a1,0(a0)
    a92a:	00452303          	lw	t1,4(a0)
    a92e:	0891                	addi	a7,a7,4
    a930:	00c5d5b3          	srl	a1,a1,a2
    a934:	01c31333          	sll	t1,t1,t3
    a938:	0065e5b3          	or	a1,a1,t1
    a93c:	feb8ae23          	sw	a1,-4(a7)
    a940:	0511                	addi	a0,a0,4
    a942:	ff1e93e3          	bne	t4,a7,a928 <__trunctfdf2+0x130>
    a946:	4591                	li	a1,4
    a948:	40f587b3          	sub	a5,a1,a5
    a94c:	45b2                	lw	a1,12(sp)
    a94e:	0808                	addi	a0,sp,16
    a950:	972a                	add	a4,a4,a0
    a952:	00c5d5b3          	srl	a1,a1,a2
    a956:	feb72823          	sw	a1,-16(a4)
    a95a:	a861                	j	a9f2 <__trunctfdf2+0x1fa>
    a95c:	4601                	li	a2,0
    a95e:	4701                	li	a4,0
    a960:	b721                	j	a868 <__trunctfdf2+0x70>
    a962:	00469713          	slli	a4,a3,0x4
    a966:	00479513          	slli	a0,a5,0x4
    a96a:	01c76733          	or	a4,a4,t3
    a96e:	82f1                	srli	a3,a3,0x1c
    a970:	83f1                	srli	a5,a5,0x1c
    a972:	0592                	slli	a1,a1,0x4
    a974:	00e03733          	snez	a4,a4
    a978:	8ec9                	or	a3,a3,a0
    a97a:	8fcd                	or	a5,a5,a1
    a97c:	8ed9                	or	a3,a3,a4
    a97e:	0076f713          	andi	a4,a3,7
    a982:	c711                	beqz	a4,a98e <__trunctfdf2+0x196>
    a984:	00f6f713          	andi	a4,a3,15
    a988:	4591                	li	a1,4
    a98a:	02b71c63          	bne	a4,a1,a9c2 <__trunctfdf2+0x1ca>
    a98e:	00800737          	lui	a4,0x800
    a992:	8f7d                	and	a4,a4,a5
    a994:	ee070de3          	beqz	a4,a88e <__trunctfdf2+0x96>
    a998:	0605                	addi	a2,a2,1
    a99a:	7ff00713          	li	a4,2047
    a99e:	ece601e3          	beq	a2,a4,a860 <__trunctfdf2+0x68>
    a9a2:	ff800737          	lui	a4,0xff800
    a9a6:	177d                	addi	a4,a4,-1
    a9a8:	8f7d                	and	a4,a4,a5
    a9aa:	01d71793          	slli	a5,a4,0x1d
    a9ae:	828d                	srli	a3,a3,0x3
    a9b0:	0726                	slli	a4,a4,0x9
    a9b2:	7ff67613          	andi	a2,a2,2047
    a9b6:	8fd5                	or	a5,a5,a3
    a9b8:	8331                	srli	a4,a4,0xc
    a9ba:	b57d                	j	a868 <__trunctfdf2+0x70>
    a9bc:	4685                	li	a3,1
    a9be:	4781                	li	a5,0
    a9c0:	4601                	li	a2,0
    a9c2:	ffc6b713          	sltiu	a4,a3,-4
    a9c6:	00174713          	xori	a4,a4,1
    a9ca:	97ba                	add	a5,a5,a4
    a9cc:	00800737          	lui	a4,0x800
    a9d0:	0691                	addi	a3,a3,4
    a9d2:	8f7d                	and	a4,a4,a5
    a9d4:	b7c1                	j	a994 <__trunctfdf2+0x19c>
    a9d6:	858a                	mv	a1,sp
    a9d8:	00a588b3          	add	a7,a1,a0
    a9dc:	0008a883          	lw	a7,0(a7)
    a9e0:	0591                	addi	a1,a1,4
    a9e2:	0605                	addi	a2,a2,1
    a9e4:	ff15ae23          	sw	a7,-4(a1) # 8000fffc <_eusrstack+0x60007ffc>
    a9e8:	fec758e3          	bge	a4,a2,a9d8 <__trunctfdf2+0x1e0>
    a9ec:	4711                	li	a4,4
    a9ee:	40f707b3          	sub	a5,a4,a5
    a9f2:	078a                	slli	a5,a5,0x2
    a9f4:	978a                	add	a5,a5,sp
    a9f6:	0818                	addi	a4,sp,16
    a9f8:	0007a023          	sw	zero,0(a5) # 400000 <_data_lma+0x3f4dec>
    a9fc:	0791                	addi	a5,a5,4
    a9fe:	fee79de3          	bne	a5,a4,a9f8 <__trunctfdf2+0x200>
    aa02:	4702                	lw	a4,0(sp)
    aa04:	00d036b3          	snez	a3,a3
    aa08:	4792                	lw	a5,4(sp)
    aa0a:	8ed9                	or	a3,a3,a4
    aa0c:	4601                	li	a2,0
    aa0e:	bf85                	j	a97e <__trunctfdf2+0x186>
    aa10:	4785                	li	a5,1
    aa12:	4701                	li	a4,0
    aa14:	bf2d                	j	a94e <__trunctfdf2+0x156>

0000aa16 <_close>:
    aa16:	05800793          	li	a5,88
    aa1a:	92f1a423          	sw	a5,-1752(gp) # 20000318 <errno>
    aa1e:	557d                	li	a0,-1
    aa20:	8082                	ret

0000aa22 <_fstat>:
    aa22:	05800793          	li	a5,88
    aa26:	92f1a423          	sw	a5,-1752(gp) # 20000318 <errno>
    aa2a:	557d                	li	a0,-1
    aa2c:	8082                	ret

0000aa2e <_isatty>:
    aa2e:	05800793          	li	a5,88
    aa32:	92f1a423          	sw	a5,-1752(gp) # 20000318 <errno>
    aa36:	4501                	li	a0,0
    aa38:	8082                	ret

0000aa3a <_lseek>:
    aa3a:	05800793          	li	a5,88
    aa3e:	92f1a423          	sw	a5,-1752(gp) # 20000318 <errno>
    aa42:	557d                	li	a0,-1
    aa44:	8082                	ret

0000aa46 <_read>:
    aa46:	05800793          	li	a5,88
    aa4a:	92f1a423          	sw	a5,-1752(gp) # 20000318 <errno>
    aa4e:	557d                	li	a0,-1
    aa50:	8082                	ret
    aa52:	0000                	unimp
    aa54:	0838                	addi	a4,sp,24
    aa56:	3c84                	lbu	s1,25(s1)
    aa58:	7185                	lui	gp,0xfffe1
    aa5a:	3c81                	jal	a4aa <__floatunsidf+0x24>
    aa5c:	3fae                	lhu	a1,58(a5)
    aa5e:	33333ad3          	0x33333ad3
    aa62:	00004053          	fadd.s	ft0,ft0,ft0,rmm
    aa66:	3f80                	lbu	s0,25(a5)
    aa68:	5000                	lw	s0,32(s0)
    aa6a:	c5ac47c3          	0xc5ac47c3
    aa6e:	40003727          	fsd	ft0,1038(zero) # 40e <sample_run+0x2c>
    aa72:	461c                	lw	a5,8(a2)
    aa74:	38d1b717          	auipc	a4,0x38d1b
    aa78:	0000                	unimp
    aa7a:	4120                	lw	s0,64(a0)
	...
    aa84:	0000                	unimp
    aa86:	4024                	lw	s1,64(s0)
    aa88:	0000                	unimp
    aa8a:	0000                	unimp
    aa8c:	0000                	unimp
    aa8e:	4059                	c.li	zero,22
    aa90:	74737953          	0x74737953
    aa94:	6d65                	lui	s10,0x19
    aa96:	3a6b6c43          	fmadd.d	fs8,fs6,ft6,ft7,unknown
    aa9a:	6425                	lui	s0,0x9
    aa9c:	0a0d                	addi	s4,s4,3
    aa9e:	0000                	unimp
    aaa0:	70696843          	fmadd.s	fa6,fs2,ft6,fa4,unknown
    aaa4:	4449                	li	s0,18
    aaa6:	253a                	lhu	a4,10(a0)
    aaa8:	3830                	lbu	a2,19(s0)
    aaaa:	0d78                	addi	a4,sp,668
    aaac:	000a                	c.slli	zero,0x2
    aaae:	0000                	unimp
    aab0:	7542                	flw	fa0,48(sp)
    aab2:	422d6b63          	bltu	s10,sp,aee8 <fpi.3395+0x8>
    aab6:	74736f6f          	jal	t5,419fc <_data_lma+0x367e8>
    aaba:	4420                	lw	s0,72(s0)
    aabc:	6175                	addi	sp,sp,368
    aabe:	2d6c                	lbu	a1,30(a0)
    aac0:	6f4c                	flw	fa1,28(a4)
    aac2:	5320706f          	j	11ff4 <_data_lma+0x6de0>
    aac6:	6174                	flw	fa3,68(a0)
    aac8:	7472                	flw	fs0,60(sp)
    aaca:	000d                	c.nop	3
    aacc:	5750                	lw	a2,44(a4)
    aace:	3a4d                	jal	a480 <__fixunsdfsi+0x56>
    aad0:	7020                	flw	fs0,96(s0)
    aad2:	7265                	lui	tp,0xffff9
    aad4:	6f69                	lui	t5,0x1a
    aad6:	3d64                	lbu	s1,31(a0)
    aad8:	6425                	lui	s0,0x9
    aada:	4420                	lw	s0,72(s0)
    aadc:	3d54                	lbu	a3,29(a0)
    aade:	6425                	lui	s0,0x9
    aae0:	6d20                	flw	fs0,88(a0)
    aae2:	6e69                	lui	t3,0x1a
    aae4:	253d                	jal	b112 <_ctype_+0x2>
    aae6:	2064                	lbu	s1,6(s0)
    aae8:	616d                	addi	sp,sp,240
    aaea:	3d78                	lbu	a4,31(a0)
    aaec:	6425                	lui	s0,0x9
    aaee:	0a0d                	addi	s4,s4,3
    aaf0:	0000                	unimp
    aaf2:	0000                	unimp
    aaf4:	2d56                	lhu	a3,28(a0)
    aaf6:	4950                	lw	a2,20(a0)
    aaf8:	3a44                	lbu	s1,21(a2)
    aafa:	6b20                	flw	fs0,80(a4)
    aafc:	3d70                	lbu	a2,31(a0)
    aafe:	2e25                	jal	ae36 <__clz_tab+0x106>
    ab00:	6632                	flw	fa2,12(sp)
    ab02:	6b20                	flw	fs0,80(a4)
    ab04:	3d69                	jal	a99e <__trunctfdf2+0x1a6>
    ab06:	2e25                	jal	ae3e <__clz_tab+0x10e>
    ab08:	6631                	lui	a2,0xc
    ab0a:	6620                	flw	fs0,72(a2)
    ab0c:	253d                	jal	b13a <_ctype_+0x2a>
    ab0e:	302e                	lhu	a1,34(s0)
    ab10:	4866                	lw	a6,88(sp)
    ab12:	207a                	lhu	a4,6(s0)
    ab14:	696c                	flw	fa1,84(a0)
    ab16:	3d6d                	jal	a9d0 <__trunctfdf2+0x1d8>
    ab18:	252c305b          	0x252c305b
    ab1c:	312e                	lhu	a1,34(a0)
    ab1e:	4166                	lw	sp,88(sp)
    ab20:	0d5d                	addi	s10,s10,23
    ab22:	000a                	c.slli	zero,0x2
    ab24:	2d49                	jal	b1b6 <_ctype_+0xa6>
    ab26:	4950                	lw	a2,20(a0)
    ab28:	3a44                	lbu	s1,21(a2)
    ab2a:	6b20                	flw	fs0,80(a4)
    ab2c:	3d70                	lbu	a2,31(a0)
    ab2e:	2e25                	jal	ae66 <__clz_tab+0x136>
    ab30:	6632                	flw	fa2,12(sp)
    ab32:	6b20                	flw	fs0,80(a4)
    ab34:	3d69                	jal	a9ce <__trunctfdf2+0x1d6>
    ab36:	2e25                	jal	ae6e <__clz_tab+0x13e>
    ab38:	6631                	lui	a2,0xc
    ab3a:	6620                	flw	fs0,72(a2)
    ab3c:	253d                	jal	b16a <_ctype_+0x5a>
    ab3e:	302e                	lhu	a1,34(s0)
    ab40:	4866                	lw	a6,88(sp)
    ab42:	207a                	lhu	a4,6(s0)
    ab44:	696c                	flw	fa1,84(a0)
    ab46:	3d6d                	jal	aa00 <__trunctfdf2+0x208>
    ab48:	2c64255b          	0x2c64255b
    ab4c:	6425                	lui	s0,0x9
    ab4e:	0d5d                	addi	s10,s10,23
    ab50:	000a                	c.slli	zero,0x2
    ab52:	0000                	unimp
    ab54:	654c                	flw	fa1,12(a0)
    ab56:	6461                	lui	s0,0x18
    ab58:	203a                	lhu	a4,2(s0)
    ab5a:	3062                	lhu	s0,38(s0)
    ab5c:	253d                	jal	b18a <_ctype_+0x7a>
    ab5e:	332e                	lhu	a1,34(a4)
    ab60:	2066                	lhu	s1,6(s0)
    ab62:	3162                	lhu	s0,38(a0)
    ab64:	253d                	jal	b192 <_ctype_+0x82>
    ab66:	332e                	lhu	a1,34(a4)
    ab68:	2066                	lhu	s1,6(s0)
    ab6a:	3161                	jal	a7f2 <__truncdfsf2+0x164>
    ab6c:	253d                	jal	b19a <_ctype_+0x8a>
    ab6e:	332e                	lhu	a1,34(a4)
    ab70:	2066                	lhu	s1,6(s0)
    ab72:	4228                	lw	a0,64(a2)
    ab74:	4355                	li	t1,21
    ab76:	6170204b          	fnmsub.s	ft0,ft0,fs7,fa2,rdn
    ab7a:	68747373          	csrrci	t1,0x687,8
    ab7e:	6f72                	flw	ft10,28(sp)
    ab80:	6775                	lui	a4,0x1d
    ab82:	2968                	lbu	a0,22(a0)
    ab84:	0a0d                	addi	s4,s4,3
    ab86:	0000                	unimp
    ab88:	3a44                	lbu	s1,21(a2)
    ab8a:	5620                	lw	s0,104(a2)
    ab8c:	4e49                	li	t3,18
    ab8e:	253d                	jal	b1bc <_ctype_+0xac>
    ab90:	312e                	lhu	a1,34(a0)
    ab92:	5666                	lw	a2,120(sp)
    ab94:	5620                	lw	s0,104(a2)
    ab96:	3d54554f          	0x3d54554f
    ab9a:	2e25                	jal	aed2 <__clz_tab+0x1a2>
    ab9c:	6632                	flw	fa2,12(sp)
    ab9e:	2056                	lhu	a3,4(s0)
    aba0:	4c49                	li	s8,18
    aba2:	253d                	jal	b1d0 <_ctype_+0xc0>
    aba4:	322e                	lhu	a1,34(a2)
    aba6:	4166                	lw	sp,88(sp)
    aba8:	4920                	lw	s0,80(a0)
    abaa:	6572                	flw	fa0,28(sp)
    abac:	3d66                	lhu	s1,62(a0)
    abae:	2e25                	jal	aee6 <fpi.3395+0x6>
    abb0:	6632                	flw	fa2,12(sp)
    abb2:	2041                	jal	ac32 <mode_name.5943+0x12>
    abb4:	5544                	lw	s1,44(a0)
    abb6:	5954                	lw	a3,52(a0)
    abb8:	253d                	jal	b1e6 <_ctype_+0xd6>
    abba:	312e                	lhu	a1,34(a0)
    abbc:	2566                	lhu	s1,14(a0)
    abbe:	2025                	jal	abe6 <_read+0x1a0>
    abc0:	444d                	li	s0,19
    abc2:	253d                	jal	b1f0 <_ctype_+0xe0>
    abc4:	000a0d73          	0xa0d73
    abc8:	3725                	jal	aaf0 <_read+0xaa>
    abca:	5d3d5e5b          	0x5d3d5e5b
    abce:	253d                	jal	b1fc <_ctype_+0xec>
    abd0:	0066                	c.slli	zero,0x19
    abd2:	0000                	unimp
    abd4:	5256                	lw	tp,116(sp)
    abd6:	4645                	li	a2,17
    abd8:	0000                	unimp
    abda:	0000                	unimp
    abdc:	25204b4f          	0x25204b4f
    abe0:	2e253d73          	csrrc	s10,0x2e2,a0
    abe4:	0a0d6633          	0xa0d6633
    abe8:	0000                	unimp
    abea:	0000                	unimp
    abec:	5f56                	lw	t5,116(sp)
    abee:	0000504b          	fnmsub.s	ft0,ft0,ft0,ft0,unknown
    abf2:	0000                	unimp
    abf4:	5f56                	lw	t5,116(sp)
    abf6:	0000494b          	fnmsub.s	fs2,ft0,ft0,ft0,rmm
    abfa:	0000                	unimp
    abfc:	5f49                	li	t5,-14
    abfe:	0000504b          	fnmsub.s	ft0,ft0,ft0,ft0,unknown
    ac02:	0000                	unimp
    ac04:	5f49                	li	t5,-14
    ac06:	0000494b          	fnmsub.s	fs2,ft0,ft0,ft0,rmm
    ac0a:	0000                	unimp
    ac0c:	5245                	li	tp,-15
    ac0e:	2052                	lhu	a2,4(s0)
    ac10:	6e75                	lui	t3,0x1d
    ac12:	776f6e6b          	0x776f6e6b
    ac16:	3a6e                	lhu	a1,54(a2)
    ac18:	2520                	lbu	s0,10(a0)
    ac1a:	000a0d73          	0xa0d73
	...

0000ac20 <mode_name.5943>:
    ac20:	0000ac58 0000ac60 0000ac68 428cfe0c     X...`...h......B
    ac30:	484d40c1 3d2aede8 42f8d599 3f9c45d5     .@MH..*=...B.E.?
    ac40:	bf318419 bef1f0de 40e1b634 481a0637     ..1.....4..@7..H
    ac50:	3d0da5a3 4441516f 4b435542 00000000     ...=oQADBUCK....
    ac60:	534f4f42 00000054 00004242 0000000d     BOOST...BB......
    ac70:	ffff77ca ffff764e ffff775e ffff7766     .w..Nv..^w..fw..
    ac80:	ffff775e ffff767e ffff775e ffff7766     ^w..~v..^w..fw..
    ac90:	ffff764e ffff764e ffff767e ffff7766     Nv..Nv..~v..fw..
    aca0:	ffff77c0 ffff77c0 ffff77c0 ffff767e     .w...w...w..~v..
    acb0:	ffff7d0c ffff7bfe ffff7bfe ffff7bfc     .}...{...{...{..
    acc0:	ffff7c04 ffff7c04 ffff7bca ffff7bfc     .|...|...{...{..
    acd0:	ffff7c04 ffff7bca ffff7c04 ffff7bfc     .|...{...|...{..
    ace0:	ffff7cf8 ffff7cf8 ffff7cf8 ffff7bca     .|...|...|...{..
    acf0:	ffff85e2 ffff8534 ffff8534 ffff8532     ....4...4...2...
    ad00:	ffff8538 ffff8538 ffff8508 ffff8532     8...8.......2...
    ad10:	ffff8538 ffff8508 ffff8538 ffff8532     8.......8...2...
    ad20:	ffff85d0 ffff85d0 ffff85d0 ffff8508     ................

0000ad30 <__clz_tab>:
    ad30:	02020100 03030303 04040404 04040404     ................
    ad40:	05050505 05050505 05050505 05050505     ................
    ad50:	06060606 06060606 06060606 06060606     ................
    ad60:	06060606 06060606 06060606 06060606     ................
    ad70:	07070707 07070707 07070707 07070707     ................
    ad80:	07070707 07070707 07070707 07070707     ................
    ad90:	07070707 07070707 07070707 07070707     ................
    ada0:	07070707 07070707 07070707 07070707     ................
    adb0:	08080808 08080808 08080808 08080808     ................
    adc0:	08080808 08080808 08080808 08080808     ................
    add0:	08080808 08080808 08080808 08080808     ................
    ade0:	08080808 08080808 08080808 08080808     ................
    adf0:	08080808 08080808 08080808 08080808     ................
    ae00:	08080808 08080808 08080808 08080808     ................
    ae10:	08080808 08080808 08080808 08080808     ................
    ae20:	08080808 08080808 08080808 08080808     ................
    ae30:	ffffffff 7fefffff 00464e49 00666e69     ........INF.inf.
    ae40:	004e414e 006e616e 00000030 33323130     NAN.nan.0...0123
    ae50:	37363534 42413938 46454443 00000000     456789ABCDEF....
    ae60:	33323130 37363534 62613938 66656463     0123456789abcdef
    ae70:	00000000 646c2565 00000000 7fc00000     ....e%ld........
    ae80:	ffff9d6e ffff9d5a ffff9d8c ffff9d92     n...Z...........
    ae90:	ffff9d6e 00000000 00000000 3fe00000     n..............?
    aea0:	00000000 3ff00000 00000000 40000000     .......?.......@
    aeb0:	ffc00000 41dfffff 94a03595 3fdfffff     .......A.5.....?
    aec0:	35afe535 3fe00000 94a03595 3fcfffff     5..5...?.5.....?
    aed0:	0000666e 74696e69 00000079 00006e61     nf..inity...an..

0000aee0 <fpi.3395>:
    aee0:	00000035 fffffbce 000003cb 00000001     5...............
    aef0:	00000000                                ....

0000aef4 <fpinan.3431>:
    aef4:	00000034 fffffbce 000003cb 00000001     4...............
    af04:	00000000                                ....

0000af08 <tinytens>:
    af08:	97d889bc 3c9cd2b2 d5a8a733 3949f623     .......<3...#.I9
    af18:	44f4a73d 32a50ffd cf8c979d 255bba08     =..D...2......[%
    af28:	64ac6f43 11680628 00000000 3ff80000     Co.d(.h........?
    af38:	636f4361 3fd287a7 8b60c8b3 3fc68a28     aCoc...?..`.(..?
    af48:	509f79fb 3fd34413 00000000 401c0000     .y.P.D.?.......@
    af58:	00000000 40140000 69666e49 7974696e     .......@Infinity
    af68:	00000000 004e614e                       ....NaN.

0000af70 <__sf_fake_stderr>:
	...

0000af90 <__sf_fake_stdin>:
	...

0000afb0 <__sf_fake_stdout>:
	...
    afd0:	00000043 49534f50 00000058 0000002e     C...POSIX.......

0000afe0 <__mprec_bigtens>:
    afe0:	37e08000 4341c379 b5056e17 4693b8b5     ...7y.AC.n.....F
    aff0:	e93ff9f5 4d384f03 f9301d32 5a827748     ..?..O8M2.0.Hw.Z
    b000:	7f73bf3c 75154fdd                       <.s..O.u

0000b008 <__mprec_tens>:
    b008:	00000000 3ff00000 00000000 40240000     .......?......$@
    b018:	00000000 40590000 00000000 408f4000     ......Y@.....@.@
    b028:	00000000 40c38800 00000000 40f86a00     .......@.....j.@
    b038:	00000000 412e8480 00000000 416312d0     .......A......cA
    b048:	00000000 4197d784 00000000 41cdcd65     .......A....e..A
    b058:	20000000 4202a05f e8000000 42374876     ... _..B....vH7B
    b068:	a2000000 426d1a94 e5400000 42a2309c     ......mB..@..0.B
    b078:	1e900000 42d6bcc4 26340000 430c6bf5     .......B..4&.k.C
    b088:	37e08000 4341c379 85d8a000 43763457     ...7y.AC....W4vC
    b098:	674ec800 43abc16d 60913d00 43e158e4     ..Ngm..C.=.`.X.C
    b0a8:	78b58c40 4415af1d d6e2ef50 444b1ae4     @..x...DP.....KD
    b0b8:	064dd592 4480f0cf c7e14af6 44b52d02     ..M....D.J...-.D
    b0c8:	79d99db4 44ea7843                       ...yCx.D

0000b0d0 <p05.3319>:
    b0d0:	00000005 00000019 0000007d 2b302d23     ........}...#-0+
    b0e0:	00000020 004c6c68 45676665 00004746      ...hlL.efgEFG..
    b0f0:	61462d41 3938662d 33323130 37363534     A-Fa-f8901234567
    b100:	0000005d 00002d2b 00003030 00005878     ]...+-..00..xX..

0000b110 <_ctype_>:
    b110:	20202000 20202020 28282020 20282828     .         ((((( 
    b120:	20202020 20202020 20202020 20202020                     
    b130:	10108820 10101010 10101010 10101010      ...............
    b140:	04040410 04040404 10040404 10101010     ................
    b150:	41411010 41414141 01010101 01010101     ..AAAAAA........
    b160:	01010101 01010101 01010101 10101010     ................
    b170:	42421010 42424242 02020202 02020202     ..BBBBBB........
    b180:	02020202 02020202 02020202 10101010     ................
    b190:	00000020 00000000 00000000 00000000      ...............
	...
