:040000006F10C018A5
:100004000000000000000000C4090000C609000050
:10001400000000008A110000000000000000000041
:100024008A1100008A110000000000000000000096
:100034008A110000000000008A1100000000000086
:100044008A1100008A1100008A1100008A11000040
:100054008A1100008A1100008A1100008A11000030
:100064008A1100008A1100008A1100008A11000020
:100074008A1100008A1100008A1100008A11000010
:100084008A1100008A1100008E0600008A11000007
:100094008A1100008A1100008A1100008A110000F0
:1000A4008A1100008A1100008A1100008A110000E0
:1000B4008A1100008A1100008A1100008A110000D0
:1000C4008A1100008A1100008A1100008A110000C0
:1000D4008A110000042100008A1100008A11000026
:1000E4008A1100008A1100008A1100008A110000A0
:1000F4008A1100008A1100008A1100008A11000090
:10010400000000008A1100008A1100008A1100001A
:100114008A1100008A1100008A1100008A1100006F
:100124008A1100008A1100008A1100008A1100005F
:100134008A1100008A1100008A1100008A1100004F
:100144008A1100008A1100008A1100008A1100003F
:100154008A1100008A1100008A1100008A1100002F
:100164008A1100008A1100008A1100008A1100001F
:100174008A1100008A1100008A1100008A1100000F
:100184008A1100008A1100008A1100008A110000FF
:100194008A1100008A1100008A1100008A110000EF
:1001A400000000000000000000000000000000004B
:0C01B4000000000000000000000000003F
:1001C000397101436EC619A0397141536AC866CAB4
:1001D00062CC5ECE19A0397101535AD056D252D496
:1001E0004ED64AD826DA22DC06DE3301614082820E
:1001F00041114AC026C222C406C68282B24D4101C4
:10020000024D924C224CB24B4101024B924A224A7F
:10021000B2494101024992442244B24041018280E4
:100220003D432A876373C3029377F700BDEFADE5C3
:10023000937606FF3D8ABA960CC34CC30CC74CC7D5
:100240004107E36BD7FE11E28280B306C3408A0602
:100250009702000096966780A6002307B700A306C2
:10026000B7002306B700A305B7002305B700A30412
:10027000B7002304B700A303B7002303B700A3020A
:10028000B7002302B700A301B7002301B700A30002
:10029000B7002300B700828093F5F50F9396850091
:1002A000D58D93960501D58D61B79396270097025A
:1002B000000096968682E78086FA9680C1171D8F89
:1002C0003E96E374C3F8A5B73367B500FD530D8BB5
:1002D00079E7B7877F7F9387F7F710419441B3722F
:1002E000F6003363F600BE92B3E262006395720CCF
:1002F0006318D6065041D441B372F6003363F6005A
:10030000BE92B3E262006396720A631BD604104584
:100310009445B372F6003363F600BE92B3E2620016
:10032000639F7208631ED6025045D445B372F6002F
:100330003363F600BE92B3E2620063987208631101
:10034000D60210499449B372F6003363F600BE92A8
:10035000B3E26200639172085105D105E30FD6F64E
:100360001317060193970601631CF7001357060144
:1003700093D706013305F7409375F50F91E9828015
:100380004183C1833305F7409375F50F91E1828076
:100390001377F70F93F7F70F3305F740828010219B
:1003A0009421050585056313D60075FA3305D640FB
:1003B000828011059105E314D6FE01458280210556
:1003C000A105E31ED6FC014582803105B105E31885
:1003D000D6FC014582804105C105E312D6FC0145EA
:1003E0008280EFF25FDF93874184FC27138441848E
:1003F0000145A5C30319A4000A2023070400B7B9C7
:1004000000004A95EF30C03B83A549A59384418500
:10041000EF20305488C02A204A95EF30603A83A5F7
:1004200049A5B7B90000EF20D052C8C06A204A954C
:10043000EF30003983A589A5EF20B051C8C40A2444
:100440004A95EF30E03783A589A5EF20905088C802
:1004500005457C348DCB8317C4004A20A3070400D4
:100460003E95EF30E035B7B7000083A5C7A5EF2074
:10047000504EB7B7000083A507A6EF20907693876C
:10048000418588C7054551B3EFF29FD639711306F0
:1004900000028145081069338545114502CA02CC26
:1004A00002CE02C602C8EF10C05F8545130500608A
:1004B000EF10205F2165EF10604437140140894739
:1004C000130504804C08FC8202CEEF10A023914754
:1004D000130504804C08FC82EF10C022A1471305CD
:1004E00004804C08FC82EF10E021930700044C08C4
:1004F00013050480FC8237240140EF10A02013056F
:100500000440B7340140EF00105113850480EF0020
:100510009050B7070E0005490C10130504403ED655
:1005200002D04AD202D402D8230A0102EF001053AB
:10053000138504800C10EF007052914513050440A0
:10054000EF009065138504808545EF00F0648565B4
:1005500013050440EF00905A138504808565EF0071
:10056000F05981460546894513050440EF00305B8C
:1005700081460946854513050440EF00505A8146DF
:100580000D468D4513050440EF0070598146114614
:10059000994513050440EF009058814605461385A0
:1005A0000480B945EF00B057854513050440EF00BE
:1005B000D055854513850480EF00305593072022E0
:1005C00068007C86230701004AC8EF10602D0546AD
:1005D0009305004813050440EF00B04E8545130510
:1005E0000440EF00104D814513050440EF003060DA
:1005F00013050440EF00504E930404402685EF009D
:10060000504E6DFD1305044037240140EF00F04DBE
:10061000930404402685EF00F04D6DFD1305044062
:10062000EF00705E93874184B7340140AAA7054666
:100630009305004813850480EF00B0488545138575
:100640000480EF001047814513850480EF00305A85
:1006500013850480EF00504813844184138904807B
:100660004A85EF0010486DFD13850480B7340140C2
:10067000EF00B047138904804A85EF00B0476DFD55
:1006800013850480EF0030584AA4216161B64111FE
:1006900026C4B7240140930500481385044022C6B0
:1006A000EF00905221C59305004813850440EF00E8
:1006B0007053D14513850440EF00504F138441849B
:1006C0002AA0E14513850440EF00504E6AA0F14591
:1006D00013850440EF00904D0AA493050002138592
:1006E0000440EF00B04C85470AA07CA43734014099
:1006F0009305004813050480EF00104D0DC19305CC
:10070000004813050480EF00F04DD1451305048027
:10071000EF00D049938741840547CAA3F8B7324414
:10072000A244410173002030B7B7000083A747A659
:100730001307000018C15CC118C558C518C958C9AD
:1007400018CD8280EFF2DFAA2A840841AE844CC81B
:100750000C48B70700803D8DEF20B01F4C402A8920
:100760002685EF20101FAA854A85EF20C0560C4C25
:100770002A890844EF20F01DAA854A85EF20A0555C
:1007800048C408C804CC79B4B7B7000083A747A60B
:100790001307000018C51CC15CC1B7B7000083A7D0
:1007A00087A658C918CD5CC5B7B7000083A7C7A6F0
:1007B00058CD18D11CC958D118D58280EFF2BFA1ED
:1007C0002A842E85B285EF20D0414C4048CCAA84A3
:1007D000EF2030180C4803290402EF209017AA8953
:1007E000CA852685EF20F03F0C40EF209016AA85A1
:1007F0004E85EF20404EAA89CA854A85EF20A04D3C
:10080000AA852685EF20F03D4C50EF20C04C0C44CB
:10081000EF2030144C44EF20D013AA854E85EF20F2
:10082000804B0C54EF20204B04D0444808D42322A2
:100830002403A685EF20D0006353A00004D4044C09
:100840000854A685EF2030086353050004D475BA18
:10085000EFF21F9AB7079F05938481869387075A03
:100860009CC0B7074F059387D705DCC00565B70760
:1008700047003971938727038545130515849CC468
:1008800002CA02CC02CE02D802DA02DC02DE02C4C4
:1008900002C62318010002D002D202D4231601029C
:1008A000EF1020203705160085451305050CEF00D5
:1008B0007071E147372401403ECE8D473ECC4C0855
:1008C0009307002013050480FC82EF00B0639307B8
:1008D00000104C0813050480FC82EF00B0628567AD
:1008E000938707804C0813050480FC82EF00906119
:1008F000930700404C0813050480FC82EF009060D1
:1009000011694C0813050480231A2101EF00905F40
:10091000BE20373401402C00130504C07C86231709
:10092000010002C4EF10A01BC167938707063ED8E1
:100930009147231AF102DE200C18130504C0231B73
:10094000F10202DC02DEEF1060280C18130504C06F
:10095000EF10E02F8947231CF102BE240C18130569
:1009600004C0231BF102EF106039130504C0930586
:100970000007EF1080489E240C10130504C02313B9
:10098000F102B70700203ED42316210302D0231220
:100990000102EF10203F130504C08545EF1000420F
:1009A000130504C0A145EF106044130504C085453C
:1009B000EF1020428545130504C0EF10A03E2161D1
:1009C0006FF05F8501A0B707EFBE37E700E09387C0
:1009D00007083CC701A0EFF21F8003A94180B7B907
:1009E000000083A549A6AA844A85EF20C02EA685CB
:1009F000EF20606D1384C182634F050083A549A673
:100A00004A85EF20101EA685EF2080638547634549
:100A1000A000894731A08147184089466314D70058
:100A20001CC019A0E31EF7FE08406FF00FFE05463C
:100A30009386C18B138741879387018A6316C50408
:100A400037B600000326C6C290C237B600000326A0
:100A500006C3D0C2B7B6000083A646C314C3B7B658
:100A6000000083A686C354C337B700000327C7C35B
:100A7000D8C337B70000032707C498C737B70000AB
:100A8000032747C498C3828037B60000032686C474
:100A900090C237B600000326C6C4D0C2B7B6000065
:100AA00083A606C514C3B7B6000083A646C554C3C3
:100AB00037B70000032747A6D8C31307000098C71D
:100AC000D1B7EFF2EFF293878186DE23938481869C
:100AD00063F3B700AE87EE201397070141832E849E
:100AE0006373B7003E84420485474180630FF5027B
:100AF00019CD8947630AF5028E2437350140130565
:100B000005C0A2958581EF1040316FF0AFF0373905
:100B10000140A285130509C0EF10A02FEE20130598
:100B200009C0EF10402FC9BFA28537390140130516
:100B300009C0EF10002EA285DDB7EFF26FE8597102
:100B40000945EF009055292BEF10E0427165130520
:100B50000520EF10A044EF10605383A5818037B5C6
:100B60000000130505A9EF301055EF00D01CAA8531
:100B700037B50000130505AAEF30F05337B5000074
:100B8000130505ABEF303065EFF01F90938C818635
:100B9000C13183D64C0003D68C0083D5818603D720
:100BA0006C0037B500001305C5ACEF30D05013858D
:100BB000C18BD93E1385018A853EB7B7000083A754
:100BC00087C4138DC18B370400202320FD00B7B7E5
:100BD000000083A7C7C4130700002322FD00B7B796
:100BE000000083A707A713854187BA842326FD0049
:100BF000B7B7000083A747A72324ED00232CED00FF
:100C00002328FD00B7B7000083AB87A78327041F05
:100C1000138C4187232A7D012324FD02B536B7B703
:100C2000000083A707C503D56C0023249C00232064
:100C3000FC00B7B7000083A747C5938A018A232227
:100C4000FC00B7B7000083A787A61304041F232660
:100C5000FC00B7B7000083A7C7A62328FC00EF203D
:100C6000904283D54C00232AAC002E852ED4EF2051
:100C70009041A255232CAC002324AC02014523A0B3
:100C8000018281350325CD0093840182EF20904CB1
:100C90002AD803254D002EDAEF20D04B2AD4032585
:100CA0000D002ED6EF20104BB7B6000003A606A805
:100CB00083A646A84258D2582257B25732C02A8635
:100CC00037B5000036C2130545AFAE86EF30B03EF3
:100CD0000325CC00EF2010482AD803254C002EDA3B
:100CE000EF2050472AD403250C002ED6138CC18B3D
:100CF000EF20504683D66C004258D25836C283D675
:100D00004C002257B2572A8637B5000036C013056B
:100D100045B2AE86EF30303A03A50A00138941850B
:100D2000EF2050432AD803A58A002EDAEF20904204
:100D30002AD403A54A002ED6EF20D0414258B257FC
:100D4000D25822572A8637B50000AE86130545B51E
:100D5000EF307036AD67138D07C2B7B7000003A838
:100D6000C7A883A787A84ED852D4938941873EDC71
:100D700042DE294AEFF0EFE675DD938A818283A790
:100D80000A00032689000C4085071385418723A0AC
:100D9000FA002D3403A58902EF20301D93150501BB
:100DA0008840C181393B83A70A00E39547FD03A52D
:100DB000418523A00A00053198406304A70088C03C
:100DC000BD31A2570326490083A541801385C18BFD
:100DD000938A4180EFF09F9EC25783258C02138532
:100DE000018AEFF03F969387018A03AAC700DE8548
:100DF0005285EF20E024635EA004232074019387D2
:100E000041829843856693867638050763E1E60656
:100E100098C337B50000D010AC10130585BCEF1097
:100E2000A03621D9B7B50000938545BDA810EFF0D5
:100E3000AFC979E1165523A0AA00EF20B0312A8668
:100E400037B50000AE861305C5BDAC10EF30B02637
:100E50000DB7930500005285EF20E026634505009D
:100E60002320440169BF930700001CC049BF03252C
:100E7000890023A00700EF20F02DAACC032549000C
:100E8000AECEEF20302DAAC803A54185AECAEF2013
:100E9000702C9440AAC4AEC68A06EA96944236C81C
:100EA00003A58902EF20102B6256F256EF101010A6
:100EB000AAC003D58186AEC2EF10D05A064E964E18
:100EC0002A86AE867285F685EF1000332AC4084064
:100ED0002EC6EF2030282643B6436648F6484647DC
:100EE000D6472AC037B500002EC21A869E86130543
:100EF00085B8EF30501C31BFB7B500009385C5BE33
:100F0000A810EFF06FBC09E516552320AC0035B7EB
:100F1000B7B50000938545BFA810EFF0EFBA09E51B
:100F200016552322AC0011BFB7B500009385C5BF8D
:100F3000A810EFF06FB909E5165523A0A900F5BD7B
:100F4000B7B50000938545C0A810EFF0EFB709E5ED
:100F5000165523A2A900D5B537B50000AC1013056E
:100F6000C5C0EF30501531B5B71702409843B706EA
:100F7000FFF041111367170098C3D84337060200EA
:100F8000758FD8C39843B706F7FEFD16758F98C3C3
:100F90009843B706FCFFFD16758F98C3D843B70674
:100FA00001FFFD16758FD8C39843B70600ECFD16F8
:100FB000758F98C33707FF0098C723A6070202C49E
:100FC00002C69843C166558F98C3B716024005679D
:100FD0009C42F18F3EC6A24785073EC4B24781E7D7
:100FE000A247E397E7FEB71702409C431397E70039
:100FF0006356070685473EC632478547631EF7049A
:10100000B7170240D843B706C1FFFD16D8C3D8436F
:10101000D8C3D84313670740D8C3D843758FD8C304
:10102000D843C166558FD8C39843B7060001558F82
:1010300098C3984393166700E3DD06FED843B716BE
:101040000240719BD8C3D84313672700D8C32147F8
:10105000DC42B18BE39EE7FE4101828002C669BF9C
:10106000B7160240D8421146318B938781806305C1
:10107000C70021466308C70237177A001307072005
:1010800098C337170240584311839376F700370708
:101090000020130707003697142398433357D700CF
:1010A00098C38280D842D442416649833D8BF18EF9
:1010B0001306270015CF3D47630FE6024147630F34
:1010C000E602454781456313E6004146A1E2374702
:1010D000024003270780418B0DC737177A0013079B
:1010E00007203306C70290C3C9DD9843058349BF73
:1010F00081454946E1BF85453546C9BF81453D46E5
:10110000F1B737173D0013070790E1BF37150240CD
:1011100058559316F700585563DF060411833D8B2D
:101120009306170037177A00130707203357D702A3
:1011300098C35455A182BD8A8DE295463307D702E4
:10114000058398C337170240585794433D8B0507D2
:1011500033D7E60298C3984369B705456394A60060
:10116000E546E9BF3D456396A600D1463387E602D2
:10117000C9BF8906E5BF3D8B9306170037177A0074
:10118000130707203357D702F1B701A097010020BA
:1011900093814186177100201301C1E617A5000055
:1011A0001305850797F5FF1F9385C5E51386018213
:1011B00063FAC5008322050023A05500110591059F
:1011C000E3EAC5FE138501829385C1926377B5007A
:1011D000232005001105E36DB5FEFD42739002BCAE
:1011E000AD4273904280B762000093828208739090
:1011F000023097F2FFFF938222E193E23200739074
:101200005230EFF07FD697020000938242937390A2
:10121000123473002030EFE2BFFDB72701409387FF
:101220000740631EF500854513050020EF005009B7
:10123000814513050020EF00B0086FE0BFFDB73710
:10124000014093870780E31AF5FE854513050040AA
:10125000EF001007814513050040F1BF5C413707DF
:10126000F1E01307F7EF944D7D8F9C41D58FD44D5E
:10127000D58FD441A206D58FD98F5CC11C4537F7D5
:10128000F1FF1307D77FD4457D8F9C49D58F9445B7
:101290008606D58FD98F1CC55C55370710FF7D1783
:1012A0007D8FDC29FD1793F7F70FD207D98F5CD517
:1012B00082801C4589C593E717001CC58280F99B75
:1012C000EDBF5C4193F5F50F01C6DD8D4CC1828009
:1012D00093C5F5FFFD8DDDBF1C4593E787001CC559
:1012E000828008450D81058982801C4593E747006F
:1012F0001CC5828008450981058982801C45657767
:101300007D17F98FDD8D0CC582801C4589C521674D
:10131000D98F1CC5828061777D17F98FDDBFA54706
:1013200063FBB7048D47138765FF3307F702032874
:10133000C5009D47B397E70093C7F7FFB3F70701D1
:10134000B396E600DD8E54C5145D0906154793D7A4
:1013500046018D8BB307F64093F7F70FB387E7028B
:101360007D473317F7001347F7FF758FB395F500E7
:10137000D98D0CDD82800D473387E50203280501F6
:101380009D47B397E70093C7F7FFB3F70701B396FD
:10139000E600DD8E14C94DBF1C5D3707D0FF7D17F9
:1013A000FD15F98FD205DD8D0CDD8280411102C65D
:1013B0002AC6B24793878702BE952EC6B247884396
:1013C00041014205418182805841144193D78500F3
:1013D000F58F99C713F5F50F798D3335A00082800D
:1013E00001458280A18193C5F5FF0CC182805C41DB
:1013F00091C537070004D98F5CC18280370700FC94
:101400007D17F98FD5BFEFE2BFDE01112A842304D7
:101410000100A5441C8463F9F40423040100A546DB
:1014200021461C8463FDF6062315010023040100F8
:1014300095461C8463FFF60C38853C8599460D461D
:10144000B3F7D702056513050580B3D7C702335735
:10145000D702BA97C207C1837C853C8505611D8D83
:10146000420541856FE01FDB1C4493E787001CC4E5
:101470002285853D75FD1C4493E747001CC42285E9
:10148000953D75FD78441C8414108607B697239605
:10149000E7FE1C84850793F7F70F5C84A5BFA304C0
:1014A00001009C846378F6001C84850793F7F70F8E
:1014B0005C8485BF98849C840C100607850786078A
:1014C0002E97AE970357C7FE83D7C7FE63FDE7028B
:1014D0009C848607AE9783D7C7FE7C859C849884BE
:1014E00085078607AE9783D5C7FE93171700181098
:1014F000BA972396B7FE9C8438850C10850786071B
:10150000AE972396E7FE9C84850793F7F70FDC845C
:1015100049BF1C841010388589078607B29783D786
:10152000C7FEBA97C207C1837C851C84850793F7E1
:10153000F70F5C84FDBDB7F7FF1F03A547708280DE
:101540001C4141677917F98F1CC123200500232214
:10155000050023240500B707024023260500138752
:1015600087006317E500D8431367F700D8C382806C
:101570001387C7016316E500D8431367070FFDB74C
:10158000138707036318E500D8438566938606F042
:10159000558FE9BF138747046315E500D843BD663F
:1015A000C5BF138787056316E500D843B7060F004C
:1015B000C5B71387C7066316E500D843B706F00022
:1015C000C1BF138707086316E500D843B706000FAD
:1015D000C1B7138787406319E50003A74740136726
:1015E000F70023A2E74082801387C7416317E50015
:1015F00003A747401367070FEDB793870743631BA4
:10160000F500B707024003A747408566938606F0BA
:10161000558FC1BFB7070240138747446316E500E3
:1016200003A74740BD66EDB7138787456317E500FD
:1016300003A74740B7060F00E1BF1387C7466317EC
:10164000E50003A74740B706F000D9B7138707485E
:101650006317E50003A74740B706000F55BF138780
:1016600007496319E50003A7474D1367F70023AA4D
:10167000E74C82801387074A6317E50003A7474DAD
:101680001367070FEDB71387074B6319E50003A72F
:10169000474D8566938606F0558FD1BF1387074C5B
:1016A000E319E5FC03A7474DBD66FDB71C41617713
:1016B0003D0794517D8F9C45D58F9449D58FD44952
:1016C000D58F944DD58FD44DD58FD451D58F94557A
:1016D000D58FD98F1CC1DC455CC19C411CC5DC4148
:1016E0005CC582801C4189C593E717001CC18280BC
:1016F00041677917F98FDDBF4CC1828048414205AF
:10170000418182809C4513F7070113F8F70001C758
:10171000D8413368E8008E2113F7F50F39C318411B
:101720008146854E3D4F930F800293028004214EE7
:101730003396DE00B3F8C5006311160393982600B4
:1017400033131F011343F3FF3377E300B31818017A
:1017500033E7E800639FF70550C98506E39AC6FDA5
:1017600018C11307F00F6375B70454412146854E25
:101770003D4F930F800293028004414EB398CE00F8
:1017800033F715016392E80213172600011733138C
:10179000EF001343F3FFB376D3003317E800D98E7D
:1017A000639DF701232A15010506E319C6FD54C1FF
:1017B0008280E39457FA10C94DB7E39757FE232868
:1017C0001501DDB7B7070140635A0504DC4F935696
:1017D0000501131805013707300013F6F6001358FA
:1017E0000801B376E50063500506639BE6029306A5
:1017F00006010D46B316D60093C6F6FFF58F99C9BC
:10180000135755011377F73F12073317E800D98FA5
:1018100063570504370701405CCF8280DC4345BF36
:101820001317B500635607008D46B396C600E9B797
:10183000135755011377F73F12073317E800134783
:10184000F7FFF98F6DBF6390E602370601405442FF
:10185000370700F17D17F98F758F58C2D5F137071B
:1018600001405CC382801317B500635C07008D469E
:10187000B396C60093C6F6FFFD8EB707000FD58F4F
:10188000F1BF1357550112073317E8001347F7FF4D
:101890007D8FB707000FD98FD1B723A8A18282808F
:1018A00003A70183894710216311F70214318D4783
:1018B00063EDD7003C219A0637E700E09607D58F05
:1018C00093F7F70F32972300F7405441054793579A
:1018D00056003317C70089CA938707048A07B7E6FB
:1018E00000E0B69798C3828093870706B7E600E0CA
:1018F0008A07B69798C30F1000008280B71602407F
:10190000DC4251777D17F98F5D8DC8C28280371711
:1019100002405C439146B18B6385D700A146638248
:10192000D706B7177A00938707201CC137160240E5
:101930005C4237070020130707019183BD8BBA97DC
:1019400094231C41B3D7D7005CC15442A1829D8A25
:10195000BA969422B3D6D70014C55442AD829D8A5C
:1019600036971823B3D7E7005CC55842398393767E
:1019700037001387C18036971823B3D7E7021CC9F5
:1019800082805C435843C166C983758FB7F6FF1FD9
:1019900083A6C670BD8B890713961601634806009F
:1019A000C54601466392D702C94739A88946638F65
:1019B000D702BD46638ED702C146638ED702C546A5
:1019C00001466393D700C1471DEF37470240032705
:1019D0000780418B05C737177A0013070720B30725
:1019E000F7021CC121D61C41858381B701466DBF1A
:1019F0000546B547D1BF0146BD47F9B737173D008A
:101A000013070790E9BFB7150240D8559316F700A2
:101A1000D85563DF060411833D8B930617003717F3
:101A20007A00130707203357D70218C1D455A18273
:101A3000BD8A8DE295463307D702058318C1371753
:101A40000240585714413D8B050733D7E60218C1B1
:101A5000184171B785456394B600E546E9BFBD45B9
:101A60006396B600D1463387E602C9BF8906E5BF53
:101A70003D8B9306170037177A001307072033575B
:101A8000D702F1B799C5371702405C4B5D8D48CB43
:101A90008280B7170240D84B1345F5FF798DC8CB2C
:101AA000828099C5371702401C4F5D8D08CF828018
:101AB000B7170240984F1345F5FF798D88CF828084
:101AC00099C5371702405C475D8D48C78280B717BC
:101AD0000240D8471345F5FF798DC8C7828037F794
:101AE000FF1F032747701E21914611833D8BC207BC
:101AF0007117C18363E6E60237370140930607C0DA
:101B0000630ED50013070740630AE500375701400D
:101B1000930607C06304D500631AE5000967D98FEF
:101B200037370140130707C06302E5043707004059
:101B3000630EE50213070740630AE502371700400A
:101B4000930607806304D502130707C06300E5020C
:101B50003737014013070740630AE5003757014054
:101B6000930607C06304D5006318E50093F7F7F800
:101B7000BA21C207C183D98F37170040630CE50033
:101B8000130707406308E50093F7F7CFFA21C20770
:101B9000C183D98F1EA1DE215EB59E211EB5B73748
:101BA0000140138707C0630EE50093870740630A6F
:101BB000F500B7570140138707C06304E5006314BD
:101BC000F5009C251EB985475EA982801E319221B1
:101BD00003D82500C207C183F99BC207C1831EB188
:101BE0001E3156211A2DC207C18342074183137744
:101BF000C7F8518F9225F59BC20633660601D18F37
:101C000037360140130806C0C182630E0501130672
:101C10000640630AC50037560140130806C0630436
:101C200005016310C502B225DD9B03D8E500D18F05
:101C3000D221ED9B93F6F6CFD18FD22533660601E4
:101C4000D18E56A11AADFA215AB91EB182801E3129
:101C500065771307F7CFC207C183BD9BC207C18356
:101C60001EB11E31562103D88500C2071396060106
:101C7000162DC18393F7F7FD758F96214182A20639
:101C8000558FB62142074183B3E606019206D58FF0
:101C9000B7360140C207138806C0C183630E050131
:101CA00093860640630AD500B7560140138806C0E4
:101CB00063040501631ED502B62593F7F7F703D831
:101CC000C5009206D58FD621C207C183920693F72D
:101CD000F7FBD58FFD769386F63FF18EF225C2078E
:101CE000C183336606010A06D18E1396060141822E
:101CF00052A11AADFA211ABD1EB182801A31FD77A8
:101D0000FD17F98F1EB10358050256215E2D657728
:101D10001396060196211307F7CF7D8FF977A20658
:101D2000FD17558FB3F70701B62103D88500420789
:101D30004182B3E60601B206D58FB7360140C2072D
:101D4000138806C04183C183630E05019386064054
:101D5000630AD500B7560140138806C06304050125
:101D6000631BD500F176FD16F18ED2251A06D18EB1
:101D700013960601418252A15AADFA212310E504BF
:101D80001EB18280BA219E21D98FDA21D98FFA2102
:101D9000D98F9A25D98FBA25D98FDA25D98F2312D1
:101DA000F50482801E2189C593E717001EA1828059
:101DB000C207C183F99BC207C183CDBF83574504C6
:101DC00091C52167D98F2312F5048280C607C58388
:101DD000DDBF1E2189C593E707081EA18280C207C7
:101DE000C18393F7F7F7C207C183C5BF1E2DC20792
:101DF000C183DD9BDD8D0EAD82805E21C207C18374
:101E000093F7F7F8C207C1835EA15E21DD8D4EA175
:101E100082804EB982800EBD82802310B5048280FC
:101E2000EFE20FBD1A29F577FD17F98FFA217971C5
:101E30002A84D98F1EA99A25DE2156252EC6D98F30
:101E4000BA25D98F7D771307379F758FD98F5EA5F8
:101E50005E29DA25C207C18393F7F7CFD98F5EA930
:101E60006808EFF0DFAAB747014093870780B245C3
:101E70006311F404A2576547B387E702984113063C
:101E800040060A07B3D7E702B3D6C702B3F7C702C3
:101E9000920613974700930727031307F063637CA9
:101EA000F70093870601C207C1831EA445616FE056
:101EB0006FB69257C9B7B3D7C702D58FEDB791C5E3
:101EC0005E250967D98F5EA582805A25F977FD17AF
:101ED000F98FD5BF13F7F50F85471583B395B70075
:101EE0006319F7009307C500984301CED98D8CC3C1
:101EF0008280894693074501E318D7FE93070501C1
:101F0000E5B793C5F5FFF98DDDB75E2901C6DD8D17
:101F10004EA9828093C5F5FFFD8DDDBF93F5F51FBA
:101F20004EA182800A216D8D3335A000828093C539
:101F3000F5FFC205C1810EA1828013F7F50F85461A
:101F40001583B397B6006311D7025A25F98F1A216A
:101F500001454207418381CB0545A181B315B500F9
:101F60006D8F3335E000828089466314D7001A29CB
:101F7000F1BF5A29E1BF83A7818037177A00130781
:101F80000720B3D7E70293F7F70F238BF1821307EC
:101F9000803EB387E702239AF1828280EFE24FA569
:101FA0002A89116579718545110502C602C8EFF0CD
:101FB0005FAF3714014093070020FC828D44E14756
:101FC0004C081305048026CC3ECEEFF0AFF3930708
:101FD0000040FC824C0891471305048026CC37440E
:101FE00001403ECEEFF00FF2B7070C000C101305C6
:101FF00004803ED44AD002D223160102153505468C
:102000009305404213050480F135930750337C86D5
:10201000680085473EC823070100EFF07F888545AB
:1020200013050480693D45616FE0CF9EEFE2AF9AF2
:10203000B7440140AE8932890144938404806345EA
:1020400024014A856FE06F9C930500042685D93DE5
:1020500065DDB38789008385070026850504C205F1
:10206000C1816D3DE9BF138701811C439386C192F5
:102070003E95636BD500B78600209386068063E5A6
:10208000A60008C33E858280FD57EDBFEFE24F9664
:1020900079711306C00281454800EFE06F988545CD
:1020A0000545EFF03F9E3704024013058405EFF02D
:1020B0002FC9B7440140938744803EC29387818EE5
:1020C0003EC4930700043EC8930700083ECC4C0072
:1020D0008567130584053ED402C602CA02CE02D02B
:1020E00002D202D6EFF08FDC130584058545EFF0B0
:1020F0006FDF05469305000413850480393545617B
:102100006FE04F91411126C4B7440140930540420E
:102110001385048022C6153539C5370402401305DE
:102120008405EFF0AFDD930700043385A740420537
:102130004181239CA18283D7448081451305840576
:10214000EFF04FDA1305840593050004EFF0CFDAC2
:102150009387818E130584055CC58545EFF08FD884
:102160000547A38BE18237440140A1451305048054
:10217000553B11C5130504805E21A1454D3B3244FA
:10218000A2444101730020305D71BEC206D622D444
:102190002EDA32DC36DEBAC0C2C4C6C6938771837B
:1021A00098231377F70F11E70145B250225461616C
:1021B000828023800700938781839A23420741838B
:1021C00065D79A239306F003E3E0E6FE9A232AC636
:1021D0009387818E37B50000BA971305C5C6238053
:1021E0000700EF20407FB24550181385818E32CE14
:1021F000EF30A06B054555BF397193D7450122DCFF
:102200004AD856D22A891394C50006DE26DA4ED65D
:1022100052D45AD05ECE13F5F77F318093DAF501B0
:10222000630B05109307F07F630BF514135AD90164
:102230000E0433648A00370A8000336A4401131B9A
:102240003900930415C00144814B13D846011399FA
:10225000C6001378F87FB2881359C90093D9F601E4
:10226000630E08089307F07F6300F8041357D60144
:102270000E0933692701130818C0B70780003367B8
:10228000F90093183600B38404418145BD4733C833
:102290003A0163E4871A979700009387A79D0A0481
:1022A0003E9410403E9602863367C90093841480A2
:1022B000631207101364240081488945C1BF1306C7
:1022C000F07F81470147B207F25062545206B18352
:1022D0007E08D18FB3E70701D2544259B259225A2E
:1022E000925A025BF24B3A85BE8521618280014899
:1022F0001306F07FB70708000147F1B73367C9003D
:102300004DC7630809304A8532C4EF10606F22461A
:10231000130755FFF547930685FF998F3319D900A9
:10232000B357F60033E72701B318D6002695930478
:10233000353F8145A1BF336A240163030A0636C6CF
:1023400032C46306042A2285EF10806B2246B2460F
:10235000AA84130755FF754A138B84FF330AEA409A
:1023600033146401335A4901336A8A00331B69010B
:102370001305D0C0B30495400144814BF9B5336ACD
:10238000240163180A002144014B9304F07F894B18
:102390006DBD228A4A8B31449304F07F8D4B75B515
:1023A0001144014B8144854B4DB5136414008148A1
:1023B0008545E9BD136434004A878D45C1BD630A74
:1023C000052E8547898F9306800363DDF63201462B
:1023D00081470147CDBDCE868947638DF53A8D474C
:1023E000E387F5F085473688E383F5FE1385F43FF0
:1023F000E357A0FC93F778006396072893D638003C
:102400009317770063D80700B70700FFFD177D8F8C
:10241000138504409307E07FE3C3A7EA1316D701AF
:1024200093179700B1833367D6001376F57F61BDAC
:10243000D6865287DA88DE8545B763614723630D08
:10244000EA20DA86FD145284014B9317870013D3D8
:1024500088013363F300935E0301B357D403131F62
:102460000301135F0F0193D50601139E8800337497
:10247000D4033307FF024204C18D63FBE5009A9544
:102480001386F7FF63EE652663FCE526F9179A9538
:10249000998D33D7D503C206C182B3F5D503330670
:1024A000EF02C205D58D63FBC5009A959306F7FF31
:1024B00063E6652463F4C52479179A95C2074164DD
:1024C0005D8F9307F4FF3375F70093580701935F0F
:1024D0000E01B377FE00B302F502B386C540B383A5
:1024E000F80293D502013386AF021E962E963385ED
:1024F000F803637376002295C168FD1893550601B1
:10250000337616014206B3F81201AA95469663E6A1
:10251000B6126382B6123306CB408D8E333BCB00AE
:10252000338B66411385F43F630C6317B358DB03A9
:1025300093550601337BDB03B3061F03420B33EBDA
:102540006501637BDB001A9B9385F8FF636D6B204D
:10255000637BDB20F9181A9B330BDB40B356DB039C
:1025600042064182337BDB03330FDF02420B3366CB
:102570006601637BE6011A969385F6FF6367661E24
:102580006375E61FF9161A96C208B3E8D80093954A
:10259000080193D20801C181B38EF5023306E641EA
:1025A000B385BF0293D60E01B387F202BE95AE96F5
:1025B000B38F5F0263F4F600C167BE9FC165FD156E
:1025C00093D70601ED8EC206B3FEBE00BE9FF696FF
:1025D000637FF6091A969387F8FF6369661A636842
:1025E000F619630FF61BBE8893E8180011B54A85EB
:1025F000EF10004113075501F145930405022246EF
:10260000B246E3DAE5D4130485FF331A8900014B9F
:1026100085B3328532C4EF10A03E13075501F14651
:10262000AA87224613050502E3D6E6CEE117331743
:10263000F6008148E5B9E370CBEE729B3335CB01F0
:102640001A95AA961305F7FF6378D30263E6B610CE
:102650006382D5102A87C1B5E3651BDF93551B0044
:102660009316FA0113541A00CD8E7E0BF9BBE31DAD
:10267000F6F7E38F06D6B9BFE31ED3FCE378CBFDB4
:102680002A8751BD93F7F8009146E389D7D693B7CF
:10269000C8FF9386480093C717008D823E978DB37D
:1026A00081468547E34CA0FEFD58E31C05D093040A
:1026B00010C085471385E441B316A70033D6F80050
:1026C0003395A800D18E3335A000C98E13F676005D
:1026D0003357F70001CE93F7F60011466388C70021
:1026E00093874600B3B6D7003697BE869317870008
:1026F00063D80704054681470147F1B636877DBB9D
:10270000B28779B3FD46E3D7F6FA0556098E9306EC
:1027100000023356C7006388D7009387E443B3179A
:10272000F700B3E8F800B3361001D18E13F6760047
:10273000814701CE93F7F60011460147E392C7FAAD
:10274000931797001316D701B18313D73600518F13
:10275000014695BEE370CBF0729B3335CB011A95E1
:102760007917AA964DBBAE88C5BBAE8631BD93170F
:102770001E0033BEC70172931A96F9183E8EE315F8
:10278000F6E7E307DEC693E818009DB1BE88E30ACA
:10279000F6FF99BD36881306F07F8147014725B6BD
:1027A000E367DEFCBE88E310DEFE99B139714AD8DA
:1027B00013D945014ED652D456D29399C50006DEA0
:1027C00022DC26DA5AD05ECE1379F97F2A8A93D991
:1027D000C90093DAF501630D090E9307F07F6306D4
:1027E000F9181354D5018E09B369340137048000F8
:1027F00033E4890093143500130919C08149814BD2
:1028000013D74601139AC6001377F77FB285135A80
:10281000CA0013DBF601630B07109307F07F630315
:10282000F7049357D6010E0A33EA4701130717C07E
:10283000B7078000B367FA00931536003A998148CC
:1028400033C76A01BD463A851308190063E8361795
:1028500017860000130606468A09B29983A6090066
:10286000B2968286B367CA001309F97F639907128B
:1028700093E9290081458948E1B701479307F07F33
:102880003704080081443204D20731807E075D8C12
:10289000598CA285F250625426854259D254B259BD
:1028A000225A925A025BF24B216182805A853E8401
:1028B000AE84C68B8947638DFB0E8D47E38FFBFA91
:1028C00085472A87639EFB3881470144814465BF61
:1028D00033E4A90061C036C632C4638C092A4E8530
:1028E000EF1000122246B246AA87130755FF75441F
:1028F000938487FF198CB399990033548A00336409
:102900003401B3149A0013D746011309D0C0139AA7
:10291000C6001377F77F3309F9408149814BB285AF
:10292000135ACA0013DBF601E31907EEB367CA00B6
:10293000B1C7630F0A22528532C4EF10600C2246E1
:102940002A87930655FFF547930587FF958F331A1E
:10295000BA00B357F600B3E74701B315B600330921
:10296000E9401309D9C08148E1BD33E4A90001EC75
:10297000A14981441309F07F894B59B593E91900A6
:102980008145854875BD4E84AA84B1491309F07FFD
:102990008D4BBDB5914981440149854B95B593E96E
:1029A0003900D2878D4869BD89475685E397FBF08A
:1029B0002A879307F07F01448144F1B5C16E1386E5
:1029C000FEFF93D6040113DE0501F18CF18D3386F1
:1029D00095023383B6029358060133059E021A9579
:1029E000AA98B382C60363F36800F692C16F13839B
:1029F000FFFF33F5670093D30701B3F76800C20701
:102A0000337366003E933306950293D80801B3876B
:102A1000A602135F0601B3849302BE94FA94B38EA8
:102A2000760263F3F400FE9E416A9307FAFF935F18
:102A30000401B376F400B3F9F4007D8EC1803384D1
:102A4000D502C209338FD401B299CE98B307DE0202
:102A5000935E0401B385BF02AE97BE9E330EFE03A4
:102A600063F3BE00529EC1679385F7FF33F6BE0045
:102A70006D8C4206229693DE0E01B305D502769E3A
:102A80003385AF0213D40501B386D302AA96A2966A
:102A9000B38FF30363F3A600BE9F41657D15B3F7C3
:102AA000A600C2076D8DAA97B3855800B3B935014A
:102AB000FA97B2953384370133B6C500B30EC4011B
:102AC0003385CE0033343401B3B7E701C18F33BE51
:102AD000CE0113D406013336C5003E943366CE00D2
:102AE0009394950032947E94B3E464002604935644
:102AF0007501B3349000DD8193179500CD8C558C12
:102B0000DD8C9317740063DB070093D7140085886E
:102B10009316F401DD8CD58C058042899307F93F2B
:102B20006359F00893F6740081CE93F6F4001146D1
:102B30006388C60093864400B3B496002694B68496
:102B40009316740063D80600B70700FFFD177D8C4D
:102B5000930709409306E07F63CFF60E93D63400C7
:102B60009314D4012604D58C318093F7F77F21BBD1
:102B7000328532C4EF00D06893065501F147130740
:102B800005022246E3D1D7DC6115B317A6008145C3
:102B9000F9B3EF00F06613075501F14593070502FD
:102BA0002246B246E3D5E5D461153314AA00814428
:102BB00099BB85469D8EB1E71309E941B39724017E
:102BC000B3D4D40033192401B337F000B3649900AF
:102BD000DD8C93F77400B356D40081CF93F7F400E3
:102BE00011466388C70093874400B3B49700A69644
:102BF000BE849397860063D80704854701448144C7
:102C000059B113068003E341D6CC7D46E356D6FA8C
:102C10000556B307F640930500023356F400638768
:102C2000B6001309E943B3172401DD8CB3349000D7
:102C3000D18C93F67400014499CA93F7F4001146BD
:102C40008146E392C7FA139496003180F6068D8090
:102C5000D58C81470DB99307F07F0144814425B19C
:102C600042896DBD411106C622C426C20DCD9357BF
:102C7000F541B3C4A7009D8C2A842685EF005058E7
:102C80009306E041898EA9477D8093F6F67F63CD58
:102C9000A7022D47098FB3D7E4005505B207B394B7
:102CA000A400B18329A00144814681478144B20731
:102CB000D206B1837E04D58FC18FB24022442685CF
:102CC000BE859244410182805515B397A400B20796
:102CD000B1838144E9BF4111370780007D1713D8C4
:102CE000750126C2935475013373A70093F4F40F52
:102CF000B376B7004AC01378F80F1359F50106C62A
:102D000022C4FD819A8726854A86131E3300939E2E
:102D10003600B3880441630AB90E6350100D630492
:102D200008149307F00F638BF414B7070004B3EE95
:102D3000FE00ED4763C1172993070002B3871741CF
:102D4000B397FE00B3D81E01B337F000B3E7F80025
:102D5000B307FE4013975700635E0718370400045B
:102D60007D147D8C2285EF00B0496D15B317A4004A
:102D70006348951A058D1304150013070002018F8F
:102D80003397E7003337E000B3D78700D98F81440A
:102D900013F7770019C713F7F70091466303D700BD
:102DA000910713975700635B071485041307F00F0F
:102DB0004A866383E4169A07A58313F5F40FB2409D
:102DC0002244A6079314750113D59700458D7E06FE
:102DD00092440249518D410182806399080A138708
:102DE00014001377E70F6317071463900422630D31
:102DF0000E1EE3860EFCB307DE41139757006350A7
:102E00000722B387CE412E8961B7635C100B630E36
:102E100008089307F00F6383F406B7070004B3EEC6
:102E2000FE00ED4763C9171F93070002B3871741E0
:102E3000B397FE00B3D81E01B337F000B3E7F80034
:102E4000F297139757006357070A85041307F00F8B
:102E50006384E40CB706007E13D71700FD16858B3C
:102E6000758FD98F35B7638D0E08FD18B307DE4116
:102E7000E38208EE9307F00FE39DF4EA630D030885
:102E800001461305F00FB707400015BF3307984000
:102E9000EDE863020E147D17630807189307F00F1F
:102EA0006319F80E2E893683D1BF638B0E04FD188B
:102EB000B307DE01E38708F89307F00FE393F4F616
:102EC00075BF63950808850413F7E40F63130712B1
:102ED00063170510630F0E14E3830EEEB307DE01D4
:102EE00013975700814463570700370700FC7D178D
:102EF000F98F854413F77700E31F07E813D33700F2
:102F00009307F00FE38CF4F693179300A58313F562
:102F1000F40F4A866DB54A861305F00F814745B513
:102F2000370700FC7D17F98F13F77700898CE314BE
:102F300007E6E9B73304DE419317540063C3070C77
:102F4000E31204E201460145814795BD33079840ED
:102F5000ADC49307F00FE308F8F4B7070004336E2D
:102F6000FE00ED4763CCE70C93070002998FB3177F
:102F7000FE003357EE00B337F000D98FF697C284C6
:102F8000C9B59307F00FE30FF8F0B7070004336EED
:102F9000FE00ED4763C3E70893060002998EB3165F
:102FA000DE00B357EE003337D000D98FB387FE4031
:102FB000C2842E8945B3854761BB630E0E067D171B
:102FC000B307DE01C284E30E07E69307F00FE31AAE
:102FD000F8F8368365B53683C2842E8915B7E304C5
:102FE0000EECE38D0EE869BD638D0E022E86B6876A
:102FF000F9B39307F00FE381F4F2B307DE018583A1
:10300000D5BD3384CE412E89B1BBE31C0EFCE389D0
:103010000EE62E8949BD854725B5854741BFE39B0F
:1030200007EC0146814761BBB387CE41C2842E893C
:1030300015B3B68769B33683C284D9B585473DBF1A
:1030400093567501B7078000FD1713D6750193F6E7
:10305000F60F1308F00FB3F8A7001357F501ED8F23
:103060001376F60FFD8163810603630C06018DE282
:1030700011E2B1C3638E08026305B70405451DE77D
:103080008280F5D779558280E39E08FE6309D602D7
:1030900011E2EDD7E314B7FEE342D6FE63C7C600E4
:1030A000E3EE17FD0145E3FDF8FC01E77D55828065
:1030B000F5DD054582800145E39208FC8280F9DB5D
:1030C000D1B78146E1BF93567501B7078000FD1760
:1030D00013D6750193F6F60F1308F00FB3F8A70097
:1030E0001357F501ED8F1376F60FFD816387060305
:1030F0006309060185EA11EA89EB0145639B080033
:1031000082800945F5FFE5DA31A8638C0802630087
:10311000B704054575D77D55828009456398080237
:103120006304D60211E2F5D7E315B7FEE343D6FEFA
:1031300063C7C600E3EF17FD0145E3F3F8FC19E3AD
:10314000D9BFF1D905458280E5D38280828081464E
:10315000C5B7797122D4135475014ECE52CC931950
:10316000950006D626D24AD056CA5AC81374F40F10
:1031700093D99900135AF50169C49307F00F6308B6
:10318000F40E9397390037070004B3E9E7001304FE
:1031900014F88144014B13D77501939A9500137766
:1031A000F70F93DA9A0013D9F50145CF9307F00F83
:1031B000630CF7028E0A130717F8B7070004B3EA87
:1031C000FA003A94014633452A01BD47AA86930581
:1031D000140063E09710178700001307A7B18A0453
:1031E000BA949C40BA9782871304F40F63960A0C32
:1031F00093E424000946C1BF01451307F00FB70748
:103200004000B2502254A6075E07A5837E05D98FE1
:1032100092540259F249624AD24A424B5D8D45614D
:103220008280CA86D689328B8947630FFB088D4717
:10323000E304FBFC854736856310FB1A0147814791
:10324000C9B7639D090413D77501939A9500137745
:10325000F70F91440144054B93DA9A0013D9F50115
:1032600031F7639D0A0093E414000546A9BF6392F9
:103270000902A1441304F00F094B31BF56854927B9
:103280009307B5FF098CB39AFA001304A4F801461A
:103290001DBFB1441304F00F0D4BF5BD4E852EC676
:1032A00085279307B5FF1304A0F8B399F900098C9B
:1032B0008144014BB245C5B593E434000D4621B7B6
:1032C0008947D286E315FBF636851307F00F814751
:1032D0000DBF41639306F3FF13D6090193D80A018A
:1032E000B3F7D900B3FADA0033885703B389F80289
:1032F00013570801B30A5603D6994E97330616039F
:10330000637357011A96C167FD17B376F7003378D8
:10331000F800C206C2969399660093570701B33925
:103320003001E982B2979A07B3E6D900B3E9D70032
:103330009397490063D9070013D7190093F7190031
:10334000B369F7002E841307F4076350E00493F782
:10335000790099C793F7F90091466383D7009109E3
:103360009397490063D90700B70700F8FD17B3F931
:10337000F900130704089307E00F63CBE704939762
:103380006900A5831377F70FADBD8547B386E74086
:1033900011C76D4601478147E345D6E61307E409A7
:1033A0003397E9003337E000B3D7D900D98F13F74B
:1033B000770019C713F7F70091466303D700910709
:1033C00013975700634C07009A07A583014715BD63
:1033D0001307F00F814735B52E84B5B705478147F0
:1033E0000DB53707800041117D179356750113D82D
:1033F0007501B377A70093F6F60F935EF501337668
:10340000B70026C24AC01378F80F06C622C41303B9
:10341000F00F3E8E3689F684139F3700FD81131519
:103420003600B38806416302681093C51500638CAB
:10343000BE106354100D631008106304051EFD18C0
:10344000B307AF40638608029307F00F6388F61650
:10345000ED4763C7172913070002330717413317D6
:10346000E500B35715013337E000D98FB307FF40AC
:10347000139757006351071A370400047D147D8C9D
:103480002285BD2B6D15B317A400634E251B330594
:1034900025411304150013070002018F3397E7003D
:1034A0003337E000B3D78700D98F014913F777008E
:1034B00019C713F7F70091466303D70091071397D5
:1034C0005700635E0714930619001307F00F93FE6D
:1034D00014006386E6169A07A58393F6F60FA607EF
:1034E000B240224413D59700DE069397FE01558D16
:1034F000924402495D8D410182806392080A1387DC
:1035000016001377E70F631B071463940622630208
:103510000F2071D5B307AF401397570063550722AB
:10352000B307E5410149AE8451B7E30005F0638A72
:10353000BE0AE35410FD9307F00F6381F608B70746
:1035400000045D8D31B7635E1009630108089307BD
:10355000F00F6385F606B70700045D8DED4763C085
:10356000171F13070002330717413317E500B3573E
:1035700015013337E000D98FFA9713975700635C32
:10358000070805091307F00F630BE90AB706007E69
:1035900013D71700FD16858B758FD98F01BF3307A1
:1035A000D84063950610630D0F147D176303071A47
:1035B0009307F00F6314F810AE84328E630F0E067B
:1035C000814E9306F00FB707400011BF39C9FD18AF
:1035D000B307AF00E38308FA9307F00FE390F6F820
:1035E000F1BF63990808138916001377E90F631672
:1035F0000712639B061063030F16E30205EEB30781
:10360000AF0013975700014963570700370700FCC5
:103610007D17F98F054913F77700E31C07E813DEE0
:1036200037009307F00FE30BF9F893179E00A5837B
:103630009376F90F93FE14005DB593FE1400930684
:10364000F00F814769BD370700FC7D17F98F13F72D
:1036500077003309A940E31E07E4D1B73304AF4034
:103660009317540063C3070CE31C04E0814E8146AA
:103670008147B5B53307D840B5C69307F00FE30EC1
:10368000F8F2B7070004336FFF00ED4763CDE70C96
:1036900093070002998FB317FF003357EF00B3373A
:1036A000F0005D8FB307A7004289C1BD9307F00FFB
:1036B000E304F8F0B7070004336FFF00ED4763C27F
:1036C000E70893070002998FB317FF003357EF0005
:1036D000B337F000D98FB307F5404289AE8449BBB8
:1036E000854769B3630E0F067D17B307AF004289A4
:1036F000E30507E89307F00FE319F8F8328E7DBD74
:10370000328E4289AE8431BFE3090FEAE30805EA4D
:1037100045BD0DCDAE8EB287D9B39307F00FE30050
:10372000F9F2B307AF008583FDB53304E541AE84FC
:1037300081BBE31D0FFCE30505E8AE84BDBD8547F5
:1037400025BD854749BF0149E39707EC814E814775
:1037500079B3B307E5414289AE8419BBB28741B35F
:10376000328E42897DBD054735BF13577501370637
:1037700080009307F6FF1377F70F9305E007B3F682
:10378000A7009357F501014563F4E50099C38280D2
:1037900082809307E0097D55E3EBE7FE930550092E
:1037A000B3E7C60063D7E5001307A7F63395E70034
:1037B0008280130560093307E54033D5E700828036
:1037C000411106C622C426C20DCD9357F54133C41C
:1037D000A7001D8CAA84228525249307E00933873E
:1037E000A74093076009FD8063CCE702A146937769
:1037F000F70F63D5A60061153314A40026042580B5
:1038000021A0814481470144260413559400B2400D
:103810002244DE07FE045D8D458D92444101828085
:103820009307900963DDE7009307B5019546B31749
:10383000F400898E3354D400B337F0005D8C954783
:1038400063D6A7009307B5FF3314F400B70600FC56
:10385000FD16937774003376D40085C39377F40014
:103860009145638CB70011069317560063D7070084
:103870009307F009758E3387A740131466002580DF
:103880009377F70F51B7411106C622C415CD2A848C
:10389000852A9307E0093387A7409307600963C02F
:1038A000E704A1469377F70F63D5A600611533149B
:1038B000A40026042580260413559400B240224417
:1038C000DE075D8D4101828001442604135594007A
:1038D000B24022448147DE075D8D4101828093071B
:1038E000900963DDE7009307B5019546B317F4002F
:1038F000898EB337F0003354D4005D8C954763D67E
:10390000A7009307B5FF3314F400B70600FCFD16BB
:10391000937774003376D40085C39377F400914590
:10392000638CB70011069317560063D707009307FF
:10393000F009758E3387A74013146600258026048E
:1039400013559400B24022449377F70FDE075D8D44
:1039500041018280135775011377F70F41119307C7
:10396000170022C426C21314950006C693F7E70F6A
:1039700025809354F50185C7935734001307073802
:103980007604B2075207B1831395F401D98FC98F1A
:10399000B240228522449244BE854101828005EBDB
:1039A00039C42285B128A94763C6A7042D47098FCA
:1039B000930755013357E4003314F4009317C700FD
:1039C00013079038098FB1831377F77F5DBF01CC60
:1039D00013573400B7070800D98FB2077604B183B4
:1039E0001307F07F79BF1307F07F814759BF014765
:1039F000814741BF130755FF3317E40001447DBFE2
:103A0000C167637CF5029307F00F1307000263EBB5
:103A1000A700977700009387E731AA97882333059B
:103A2000A74082802181977700009387A730AA97CB
:103A3000882361473305A7408280B7070001636D83
:103A4000F5006181977700009387C72EAA97882396
:103A500021473305A74082804181977700009387F3
:103A6000672DAA97882341473305A7408280797143
:103A700022D44AD052CC56CA5AC806D626D24ECEE6
:103A80003A8AAE8A32843689428B014763580600EF
:103A9000370700803344C7001307D00298A393F47C
:103AA000F8FD930760048D466388F4009307500483
:103AB00089466393F4000509DA879308C100130867
:103AC00081004A87D6852286EF20E00E9307700496
:103AD000AA896396F400137A1A00630A0A0493070A
:103AE0006004338A29016397F40203C7090093072E
:103AF0000003631EF700014681465685A285EF50FC
:103B0000D07711C585473389274123202B0183278F
:103B10000B003E9A014681465685A285EF50F0750E
:103B200011E152C613070003B24763E24703B247ED
:103B30004257B2502254B38737411CC34E8592542A
:103B40000259F249624AD24A424B456182809386C9
:103B5000170036C698A3C9BF10A113072500930705
:103B6000B00263D60500B305B0409307D0021CB184
:103B7000A54763DAB70441119307F100BE882948CD
:103B800013033006B3E605031386F7FF9386060397
:103B9000A38FD7FEB3C60503634DB3009386060318
:103BA000F917A30FD6FE63E917013305A7404101BA
:103BB0008280B287B685F9B7850783C6F7FF050708
:103BC000A30FD7FECDB793070003130745009385D6
:103BD00005033CA12CB13305A740828019713ACE70
:103BE00086DEA2DCA6DA2E84CAD8CED6D2D4B68996
:103BF000DAD0DECEE2CC3289D6D2E6CAEAC8EEC648
:103C0000AA84EF30C06E832B05005E85EF007062E2
:103C1000032B0400724702DC93760B102A8C034AB4
:103C200084011C43F1CA9386470014C39C430810C7
:103C300098433AD0D8433AD298473AD4DC473ED654
:103C4000EF60903B28C46CC4832CC4041777000039
:103C50001307471E832A8404032D0700832D470082
:103C600093971C0085836A86EE865685BE853ECE78
:103C7000EF60607141EDF2476A86EE865685BE853B
:103C8000EF5030716354A008014681465685E685A1
:103C9000EF503070635605009307D002A301F4047F
:103CA00093077004977A0000938A4A1963F64701D4
:103CB000977A0000938ACA18137BBBFF8D47232095
:103CC00064011CC8014B4E87CA867018A2852685E0
:103CD000F126FD5C631C95157D55F6506654D6544F
:103CE0004659B659265A965A065BF64B664CD64C40
:103CF000464DB64D096182809D07E19B9386870002
:103D000014C39843DC4338C47CC43DBF5686E68662
:103D10005685E685EF60206711CD93077004977A8A
:103D20000000938A2A12E3F947F9977A0000938AF0
:103D3000AA1159B75C407D57137DFA0D6393E708CC
:103D400099475CC0544013670B403C18D6853EC071
:103D500018C09307310302C2D28813084103668654
:103D60002685313393077004AA8AD255631BFD0060
:103D7000F55763C5F5005C4063D7B708791A137A25
:103D8000FA0F9307500663E54705FD1552861305A4
:103D900004052EDAD133625785462A8BB307A70074
:103DA0001CC863C5E6001840058B19C385071CC8ED
:103DB00083473103E38907F09307D002A301F4049A
:103DC00019B713077004E31FEDF6ADFF854795BFE4
:103DD00093076006631BFA025C40635BB0000CC88B
:103DE00081E71840058B09CF8507AE971CC809A845
:103DF00089E718408546058B19C39386270014C8A8
:103E00002CCC014B75B7130A7006E25763C9F50055
:103E10001C400CC8858BEDD793871500C1BF0547A3
:103E20006344B00009470D8FBA97C9B71C4013F718
:103E3000074015E314485686CA8526858299E30D06
:103E400095E91C40898B63960724F2574844E35652
:103E5000F5E83E8559B513075006637B471928449A
:103E60006C4401468146EF50504139E9854617764A
:103E700000001306A6FDCA8526858299E30E95E506
:103E80005257E2576345F7001C40858BDDDBE28625
:103E90005E86CA8526858299FD57E30FF5E2014AC1
:103EA000930AA4017D5BE257FD17E35CFAF88546AF
:103EB0005686CA8526858299E30065E3050AE5B73B
:103EC000D2576346F006854617760000130606F8BB
:103ED000CA8526858299E30195E1D2576257D98F29
:103EE00081E71C40858BB1DFE2865E86CA85268528
:103EF0008299FD57E302F5DE014A130BA401FD5B35
:103F0000D257B307F040634BFA00E2565686CA8593
:103F100026858299FD57E316F5F27DBB85465A86C4
:103F2000CA8526858299E30975DB050AD1BF3C4C19
:103F3000625A63D347013E8A635A4001D28656864D
:103F4000CA8526858299FD57E308F5D8814C130D63
:103F5000A401FD5D09A885466A86CA8526858299E1
:103F6000E30CB5D7850C032B8405D28763530A0075
:103F70008147B307FB40E3C0FCFE5257E257634D55
:103F8000F7021C40858B8DEBE2575257338AE7408E
:103F90006344EB00338A6741635B4001D28633861A
:103FA0006A01CA8526858299FD57E307F5D2814AC1
:103FB000130BA401FD5B15A0E2865E86CA852685EB
:103FC0008299FD57E312F5FC01BB85465A86CA85E6
:103FD00026858299E30275D1850A5257E257998F57
:103FE000528763530A000147998FE3C0FAFE91BDDF
:103FF000E25605476344D700858BB5C7854656868C
:10400000CA85268582997D5AE30845CDE2865E867B
:10401000CA8526858299E30145CD28446C44014632
:104020008146EF5090251DC9E25613861A00CA85B5
:10403000FD1626858299E30145CBDA861306040531
:10404000F9B585465686CA8526858299E30675C9DF
:10405000050AE257FD17E346FAFEC5B7014A930A7F
:10406000A401FD5BFDB785465686CA8526858299E3
:10407000E31595FD95B185465686CA8526858299B4
:10408000E30C65C5050A5C447257998FE345FAFE57
:104090006DBB014A930A94017D5BF5B7797156CAED
:1040A0009C49BA8A984522D426D24ECE52CC06D606
:1040B0004AD05AC85EC6AA892E84B284368A63D38F
:1040C000E700BA879CC00347340419C385079CC026
:1040D0001C4093F7070281C79C4089079CC00329B5
:1040E000040013796900631A0900130B9401FD5B46
:1040F0005C449840998F634CF9041C408346340417
:1041000093F70702B336D000A5EB13063404D2852B
:104110004E85829AFD576303F5041C401146984072
:10412000998B544481446397C700B384E64063D3BA
:10413000040081441C4418486354F700998FBE94CE
:10414000014969047D5B63982405014509A88546FA
:104150005A86D2854E85829A631E75017D55B2506E
:10416000225492540259F249624AD24A424BB24B0B
:10417000456182800509ADBF3307D40013060003F3
:10418000A301C7040347540493871600A297890626
:10419000A381E7049DBF85462286D2854E85829AFB
:1041A000E30E65FB050945B7797122D426D24AD0C2
:1041B0004ECE06D652CC56CA5AC8B689942D93070D
:1041C00090063289AA842E8413863504638DF60204
:1041D00063E2D706930780056386F61863EDD70080
:1041E000638E062093073004638FF60A930A240433
:1041F0002301D404D1A0930730066386F60A9307FF
:104200004006E395F6FE1C40084393F60708930525
:104210004500CDC61C410CC363D807001307D0026C
:10422000B307F040A301E40497760000938646C2EA
:1042300029476DA8930700076382F61663E5D70246
:104240009307E0066389F6189307F006E390F6FA01
:104250000C401C4313F80508138547006308080643
:1042600008C39C438DA893075007E383F6FE93078A
:1042700080076389F61293073007E399F6F61C432B
:10428000D04181459386470014C383AA0700568511
:10429000EF30001A01C53305554148C05C401CC8C9
:1042A000A301040461A81C43930A240493864700D5
:1042B0009C4314C32301F4048547D5B793F6070440
:1042C0001C410CC3B1DAC207C187B9B793F5050425
:1042D00008C3C1D99E231307F0066386E60E9776BE
:1042E00000009386E6B62947A30104044C400CC4A1
:1042F00063C5050008406D9908C099E3B28A89CD6D
:10430000B28AB3F5E702FD1AB6958C212380BA0074
:10431000B3D5E70263FFE70AA147631EF7001C401D
:10432000858B91CB58401C4863C7E7009307000377
:10433000A38FFAFEFD1A3306564110C84E87CA866F
:104340007000A2852685993B7D5A631D450B7D55DE
:10435000B250225492540259F249624AD24A424B14
:1043600045618280A382D50497760000938646AE8D
:104370000C40084313F805081C411105630D0802A1
:1043800008C313F7150001C793E505020CC04147A8
:10439000A1FF0C4093F5F5FD0CC0B9B79C4193E724
:1043A00007029CC193078007A302F40497760000DC
:1043B000938646AB75BF13F8050408C3E30308FCF6
:1043C000C207C1837DBF97760000938666A8214708
:1043D00021BFAE873DB794411C43CC4913F8060872
:1043E000138547006306080008C39C438CC339A0AB
:1043F00008C393F606049C43F5DA8EA32328040031
:10440000B28A2DBF14485686CA8526858299E30054
:1044100045F51C40898B8DE7B2474844E35AF5F2D5
:104420003E853DB785465686CA8526858299E30036
:1044300065F3050A5C443247998FE345FAFEE9BF0C
:10444000014A930A94017D5BF5B79C451D71A2CC8E
:10445000CEC6DAC066DA86CEB28CA6CACAC8D2C4C4
:10446000D6C25EDE62DC6AD86ED61386F7FF13070B
:10447000C015368BAA892E8481466377C700938640
:1044800037EA9307D0159CC51C40930AC401D68413
:1044900093E707781CC00149814D014C014A014D49
:1044A000814B13069004130800708548930E00405A
:1044B0000943130E50061D4F184415CB83A70C005B
:1044C0009C23638BC7126368F60C9305900363E427
:1044D000F50A9305100363FBB7149305D0026382BA
:1044E000B71663E3F5041307B002638CE7146306A1
:1044F0000D001C4093F7F7EF1CC0FD1D854763E9D5
:10450000B72163EC9A1E0549F64066444A85D644B5
:104510004649B649264A964A064BF25B625CD25C33
:10452000425DB25D256182809305E002638EB7141F
:1045300093050003E39DB7FA0C4013F505107DC504
:1045400093F5F5F70CC0050D81C60507FD1618C4D7
:104550001C44FD171CC41C4885071CC883A74C00BD
:10456000FD1723A2FC006355F01683A70C008507F6
:1045700023A0FC0091B7130750046381E7121307CF
:104580006004638AE70E13071004E392E7F6E390F2
:104590001DF7894D65A06383C7116361FE0413078E
:1045A0004005638EE70C6364F7021307E004E390B1
:1045B000E7F463900D0A63100D0A184093750770B5
:1045C000639B05091377F78718C0854D85A81307E6
:1045D00090056389E7041307100645BF1307E0063B
:1045E000E389E7FC6368F702130760066385E70861
:1045F00013079006E39DE7EE63180906E31B0DEE33
:10460000184093750770E39A05EF1377F78718C082
:1046100005492DA0130740076383E706130790079A
:10462000E397E7ECE315E9ED214909A833872D016C
:10463000E31F07EA18401377F7E718C09CA085042A
:1046400001BF184093750708E38305EA1377F7F76E
:10465000EDB7638D6D06630519011147E319E9E8AC
:1046600005091379F90FD9BF1307D9FF1377D70FAE
:10467000E31F07E6F5B7E31C69E60D49C1B7194723
:10468000E317E9E61D495DBF184093750720E380F5
:1046900005E61377F7D718C0EA8B4DB71840937526
:1046A00007506388D50193750740E38205E4E3066C
:1046B0000DE49375072081E5330A7D41268C13773D
:1046C000F7871367071818C0014D8DBF8D4DBDB713
:1046D00083270418E6854E8536C68297B2461306B0
:1046E0009004130800708548930E00400943130E90
:1046F00050061D4FE30205DCDDBBFD148327C41704
:104700008C2066864E8582971C48FD171CC8D5BB39
:104710009307F9FF19476366F7028947A68D63FF80
:104720002707330799401377F70F8D46B387ED00BE
:1047300093F7F70F63EBF60275191379F90FB3844A
:1047400024411C4013F7071051CF93F70740B1CB1A
:10475000E3FB9ADAFD148327C4178C2066864E8506
:1047600082971C48FD171CC8E5B7FD1D8327C41799
:1047700083C50D0066864E853AC682971C488D46D5
:104780003247FD171CC85DB7FD148327C4178C2062
:1047900066864E8582971C48FD171CC8E3E69AFE84
:1047A0009DB31C4883C5F4FF1389F4FFFD171CC893
:1047B000930750066382F50293075004638EF50059
:1047C0008327C41766864E8582971C4883C5E4FFFD
:1047D0001389E4FFFD171CC88327C41766864E851E
:1047E0008297CA8403290400137909016313090C11
:1047F000238004001C401307004093F70760639E6A
:10480000E7023386AB416396AB05D68501464E85FC
:10481000EF00D06E18402A8AAE8A9376270083274D
:104820000B00A9C6138747002320EB009C4388C3D5
:10483000CCC35C4485075CC4C1B9E3080AFC0146EB
:10484000A94693051C004E85EF10400033064541F4
:10485000E2849307F41663E4F4009304E416976586
:104860000000938565612685512245B793864700F0
:104870002320DB00118B844319CFAA8556860808B4
:10488000EF50F046D2466247F2474246D4C098C441
:1048900090C0DCC479BF2A86AE86EF50D02E09C501
:1048A00001453D2A88C071B75285D685EF50305EEC
:1048B000D5BF014991B939713EDA2ED232D436D6FC
:1048C0003AD842DC46DE9387418122CC804326CA17
:1048D00006CEAA8411C41C4C81E72285EF20001467
:1048E0000C4454102686228536C6EF301077F240ED
:1048F0006244D24421618280011126CA4AC806CE90
:1049000022CC4EC652C4AA842E8909C51C4D99E3F7
:10491000EF20C0109C4C804481E72685EF200010DA
:104920009767000093870767631CF402C0405E240A
:10493000A18BB9C71C48A9C7FD59294A1C44834506
:104940000900FD17A1ED1CC463D007082286A94504
:104950002685EF007076FD576309F50229453DA0D5
:1049600097670000938707656314F4008044C1B71C
:104970009767000093870760E31BF4FAC04445BFC4
:10498000A2852685EF00707F45D97D55F2406244AF
:10499000D2444249B249224A056182801CC40509B9
:1049A00063D70700184C63CAE700638845011C40C1
:1049B0001387170018C08CA351B722862685EF00F5
:1049C000B06FE31D35F7D1B71C401387170018C02F
:1049D000294798A361B793874181AA85884329BF56
:1049E000976700009387C7498843828035713ECB23
:1049F000B707008093C7F7FF3ECE3EC8C1779387C5
:104A0000872032C536C73AC942CD46CF3ECA9387C2
:104A100041812AC42ACC884334012E862C0086DEAC
:104A200036C2EF30E06EA24723800700F6500D61DA
:104A30008280AA87850703C7F7FF6DFF3385A740EC
:104A40007D158280011122CC2A872E843A85A28589
:104A500032C606CEEF30201732462A88AE8805C609
:104A600051801374F47F9307B006818F635DF0006B
:104A7000D2073707F03F01483E974286BA86EFD00B
:104A8000FFD22A88AE88F24062444285C68505611D
:104A9000828035714AC92A89368532D436C606CF16
:104AA00022CD26CB4EC7EAD8EED62E8D52C556C3A0
:104AB0005AC1DEDEE2DCE6DA82C8EF20F002AA8D1F
:104AC000084181440144B537B246AA89EAC6354651
:104AD0009305B0021305D00213080002A548B6479B
:104AE0009823636BE608637F170955C702C8364AE7
:104AF00093070003814A03470A00631BF7128347A9
:104B00001A00130780056388E70013068007130760
:104B100000036396C710C24736889808D408176602
:104B200000001306263CEC004A85EF20E011937943
:104B30007500AA8A6388090099476397F906050AF0
:104B4000D2C602C8A25781C7B64722571CC3C24764
:104B5000B9C7B7050080A18DFA406A4426854A4945
:104B6000DA44BA492A4A9A4A0A4BF65B665CD65C32
:104B7000465DB65D0D6182806309B7006303A702DD
:104B8000E31607F78507BEC699BF02C8138717004B
:104B9000BAC69C33A9FFA257EAC602C8D5F7A285B8
:104BA00065BF05473AC8DDB7464611CA93055003AD
:104BB000A808EF306025C6454A85EF20D01CFD19B6
:104BC000914763EE3701176700001307A72B8A0987
:104BD000BA9983A70900BA978287E644764493FA84
:104BE0008A00E3810AF6B70700805D8CA1BFF64515
:104BF0003704F0FF7D14B3F785005644E6441304F0
:104C000034439315440133E4B700D1BF3704F07F38
:104C1000F9B7B705008013C4F5FFFD54C9B7B6470F
:104C200093861700B6C69C33E38BE7FE81DF854A87
:104C3000B64C014A814B014CA546A145A9473645D2
:104C4000034B050013070BFD1376F70F63FDC60436
:104C500083A50D004E86EF4040323DC1DA87E28DDC
:104C60008146014B0145130750066387E700130790
:104C7000500481496395E71663960D00B3E756012A
:104C800099DB814D364D1307B00293071D00BEC658
:104C900083471D00638FE70C1307D0020148639020
:104CA000E70E0548C1A863C98501B38BFB02BA9B17
:104CB0000505050CAAC661B7330AFA023A9ACDBFB8
:104CC000364581464E95AAC61C21630B0C06014B46
:104CD000E28D138707FD25466375E602054561B73A
:104CE000B647850613861700B2C69C33E38AE7FEF3
:104CF0001387F7FC2146E366E61EB64C368B814DE2
:104D00008146938707FD1387160085C73A9B338535
:104D1000B6016E872148C14829466316A702850D52
:104D2000B69DA14663CEE6022947B38BEB0201474D
:104D3000BE9BB64793861700B6C69C33BA8651BF52
:104D40001307000365B7930517006346E800B38BAC
:104D5000CB022E87D9B7E3CEB8FE330ACA02D5BF3D
:104D6000C1460147E3C7B6FDA946330ADA023E9AB7
:104D7000C9B7014893072D00BEC683472D0013878E
:104D800007FD25466365E60C130700036385E70A04
:104D90001387F7FC214681496363E604B64813870D
:104DA00007FD2543294EB64713861700B2C69C332C
:104DB000938507FD93F5F50F6375B3089569330681
:104DC00016419389F9E1A148CE8563C6C800BA8926
:104DD00063D3E500AE8963040800B30930416396EC
:104DE0000D0CB3E6DA00E39F06D4E31605DA1307E9
:104DF000E0046389E706634FF70413079004E39C1C
:104E0000E7D8976500009385E50CE800EF20203394
:104E1000E30305D8B647976500009385E50BE800E6
:104E2000FD17BEC6EF20A03101E5B6478507BEC617
:104E30003704F07F01BBB64713861700B2C69C3318
:104E4000B1B73307C703BA97138707FDA9BFEAC6EF
:104E5000814971B713079006E385E7FA1307E00667
:104E6000E39BE7D29765000093858507E800EF2074
:104E7000002DE30205D2B6479823930780026313FF
:104E8000F702B0089765000093850507E800EF205A
:104E9000E02D95476318F500F6453704F07FE644AA
:104EA0004D8C4DB13704F8FF71B9B38A6941631372
:104EB0000C006E8CC1476E8D63D3B701414D5E858A
:104EC000EF50605CA547AA842E8463DCB703930788
:104ED0007DFF139737009767000093872713BA97D2
:104EE0009043D443EFD09F8C2A845285AE84EF50F8
:104EF00080592A86AE862285A685EF400045AA8481
:104F00002E84BD4763CDB709E38E0AC263545007B0
:104F10005947634357038E0A976700009387070F2B
:104F2000BE9A03A50A0083A54A002686A286EFD072
:104F3000FF87AA842E8439B1130750023307B74183
:104F4000634F5705B38DB741176900001309090C6A
:104F500093973D00CA978843CC43B38DBA412686C8
:104F6000A2868E0DEFD09F84CA9D03A60D0083A656
:104F70004D0075BFA95763C4FA02B3093B41139BA7
:104F800039009769000093896908DA9903A6090036
:104F900083A649002685A285EFD00FA659BF338D81
:104FA000AD41569D6357A0119377FD0099CF1767C8
:104FB00000001307A7058E07BA978843CC432686BF
:104FC000A286EFD0AFFEAA842E84137D0DFF630866
:104FD0000D0A9307401363D5A705014B814902C60B
:104FE000814B930720022320F9003704F07F81448E
:104FF000B247E38907B4C6454A85EF20C058DE852D
:105000004A85EF204058CE854A85EF20C057B245EB
:105010004A85EF204057DA854A85EF20C0561DB6F5
:10502000135D4D402685A2858147014A0548976852
:105030000000938828FB6346A80599C3AA842E84A0
:1050400017670000130707FA93173A00BA978843C7
:10505000CC433707B0FC22972686BA86EFD00FF5EF
:105060003704F07FB377B4003707A07CAA84E366E7
:10507000F7F63707907C637AF7027D14FD54014AF6
:10508000DDA813771D0011CF13173A004697104380
:105090005443EFD0AFF185470548976800009388E7
:1050A00068F4050A135D1D4079B7370450032E9448
:1050B000F9B7E3060DFC330DA0419377FD0099CFBE
:1050C00017670000130787F48E07BA979043D443FD
:1050D0002685A285EFD04F92AA842E84135D4D4081
:1050E000E30F0DF8FD4763DDA701014B814902C6BF
:1050F000814B93072002814401442320F900CDBD58
:10510000137A0D0163040A00130AA0062685A285FE
:1051100097670000938787DF014793761D0081CA58
:105120009043D4433EC6EFD06FE8B2470547135DC6
:105130001D40A107E3130DFE19C3AA842E84630545
:105140000A029357440113F7F77F9307B006998F2C
:10515000635CF0007D476354F722130740038144EA
:105160006359F72037047003014681462685A285DE
:10517000EF40B0103DD95E87EE866286E6854A85AF
:10518000EF20204E2AC6E30A05E493D7FA41B3097B
:105190003B41B3F7F9003ED056CE63D30A0002CEAE
:1051A000B247014B8149B1073ED8B7071000FD1740
:1051B0003ED6B2474A85CC43EF202034AA8BE30287
:1051C00005E2B247C2553105904B09060A06EF20A9
:1051D000A027B808D4082286A6854A8526CA22CCEC
:1051E000EF20102EAAC8E30E05DE85454A85EF2084
:1051F000805CAA89E30705DED64763C70718025714
:10520000724C338DE7006647B387474193066003CE
:10521000BA97FD17930D20C0998E63D6B7193387BF
:10522000FD407D46998E6346E616854DB397ED00A9
:105230003ED2814C369CB30DDD00529CEA8763D38D
:10524000AD01EE876353FC00E2876358F000B38D35
:10525000FD40330CFC40330DFD4082576358F00293
:10526000CE853E864A85EF20006BAA89E30B05D6E2
:105270004646AA854A85EF20C0552ADAE30305D6BB
:10528000C6454A85EF202030D257BEC8634FB011C3
:10529000635A50017246DE854A85EF20C067AA8BAB
:1052A000E30105D4635A8001DE8562864A85EF20DA
:1052B0006072AA8BE30705D2635AA001CE856A8685
:1052C0004A85EF202071AA89E30D05D0C6455E8688
:1052D0004A85EF2030002A8BE30505D0032CC5005A
:1052E000CE8523260500EF20C07B6359050C336C67
:1052F0009C0063110C129317C400639D0710B7073D
:10530000F07FE18F3707B0066376F71083274B01F4
:1053100091E703270B01854763DEE70EDA85054633
:105320004A85EF20206BCE852A8BEF208077635350
:10533000A00E630C0A10B707F07FE18F3707B006A5
:105340006345F71037077003E355F7DA0147B707EE
:1053500050392685A2853A86BE86EFD02FC52E8489
:10536000C98DAA84E39905C8930720022320F90078
:1053700059B181177D57B317F7007D8CF5B37D5771
:10538000B317F700FD8CCDB37247025D330CF740C5
:105390009DBD930C20BEB387FC40854CB39CFC00A4
:1053A00085473ED241BD814CE5BFC6456E864A85E4
:1053B000EF204062AAC8E31D05EC25B169E9370773
:1053C00010007D17B377E40063090C046399E704C8
:1053D0007D5763000A02B707F07FE18FB706A0068A
:1053E00063E9F600D1839306B006B387F64033171E
:1053F000F7006396E402B707F07FFD176315F4002A
:10540000FD57E380F4BEB705F07FE18D370410004F
:105410002E948144E31C0AF2F9BEC58F99DB6382A6
:105420000C04B3FC8C00E3870CFE52862685A28513
:10543000630F0C02EFF00FE12A86AE865245E2457B
:10544000EF30B070AA842E84F1B7B705F07FE18DFC
:105450003704F0FFA295370410007D144D8CFD54E5
:1054600055BF9257B3FD9700E3860DFA7DBFEFF06D
:105470006FDD2A86AE865245E245EF40E07C01466C
:105480008146AA842E84EF40405F49F59DB1CE85C8
:105490005A85EF20301097670000938727A190432B
:1054A000D4432A8DAE8DEF40C06E6342A0106301DD
:1054B0000C0A814D370DF03F0147B707F03FB706A3
:1054C000F07FB37CD400B706E07F639FDC166AD21E
:1054D000370DB0FC229D2685EA853EDE3ADC6EDA89
:1054E000EF20606ED25812582A86AE864685C28555
:1054F000EFD0CFAB2686EA86EF303065AA84370539
:10550000F07F3376B500B706A07C6257F25763652B
:10551000D60C62479307F5FF6396E7005247FD57A5
:10552000E381E7ACB707F07F1384F7FFFD54C6456E
:105530004A85EF204005DE854A85EF20C004CE85F0
:105540004A85EF204004DA854A85EF20C00395B1F3
:10555000B1E0B257E18FA1E7976700009387879486
:105560009043D4436A85EE85EF40A062634D050207
:1055700097670000938787929043D4436A85EE85AE
:10558000EFD0CFA22A87AE87370D0080BA8D334D7A
:10559000FD0035B785476394F400E30C04B4814DF6
:1055A000370DF0BF11BF0147B707E03FF1BF976765
:1055B00000009387A78E9043D4436A85EE85EFD091
:1055C000EF9E2A87AE872E8D63160C00370D008064
:1055D000334DBD00AA8DE5B5370450032E94E31872
:1055E0000AF4B706F07FE18EE393DCF4BE853A85DA
:1055F0003A8DBE8CEF40F05CEFD0CFE62A86AE86C7
:105600006A85E685EF404064B2572A8DAE8DE18F02
:10561000C58F33EC8701630B0C0A976700009387F3
:10562000E7899043D443EF40C056E346059C976713
:105630000000938727899043D4436A85EE85EF4025
:10564000604AE356A0EE45BA630D0A04B706A00609
:1056500063E99605976600009386C6859042D4421A
:105660003A85BE853ADA3ED2EF40A0529257525761
:105670006344A0023A85BE85EF40305B11E10545E9
:10568000EF4070602A87AE872E8D63160C00370DB1
:105690000080334DBD00AA8DB705B0062E9D330D99
:1056A0009D415245E2453EDA3AD2EF20C0512A866A
:1056B000AE866E85EA85EFD06F8F5246E246EF30B8
:1056C000D048AA842E84D257125711BF9757000092
:1056D0009387C77F9043D443EF40A04BE35905E441
:1056E00019BA130750066387E700130750040545EE
:1056F0006399E7EE014B05456FF04FD893874181E1
:105700009C43945389E697B6FF1F9386A6976FF044
:105710004FB879714AD04ECE06D622D426D2AA8965
:105720002E899304190003C4F4FF3A8536C632C4A7
:105730002EC23AC0EF10703922951C3102479245B3
:10574000A18B2246B246D1E39307D0026311F4083D
:105750009C20054393042900E5C641476390E60277
:1057600013070003639CE7009C201307800593F751
:10577000F70D6392E70C9C30C1468904B70800809E
:105780006314030093C8F8FF33FFD80201480145B2
:10579000A54FE54EFD5233DED802138707FD63E3C4
:1057A000EF04BA8763DED704630D58007D58636A3F
:1057B000AE006314AE006346FF0005483385A602C1
:1057C0003E95850483C7F4FFC9BF268999BF930717
:1057D000B0026305F400A2870143BDBF9C2093047F
:1057E0002900DDBF1387F7FB63E5EE00938797FC85
:1057F00055BF1387F7F963E5EE00938797FA5DB716
:10580000FD57631FF8009307200223A0F900468587
:1058100019EEB250225492540259F24945618280E5
:10582000630403003305A0406DD66304080093852C
:10583000F4FF0CC2F9BF93070003A9F2A1463DBFD4
:1058400013070003E382E7F2A9460DBF9387418166
:105850009C43985309E717B7FF1F1307A78255BD4D
:10586000757122C5930740202A842E8506C732C64B
:1058700036C42312F1022ECC2ED4EFF08F9BA24619
:10588000324697370000938767672ACE2AD63EDED6
:105890002C08FD57228582C682D02313F102EF2007
:1058A000503BBA402A444961828093874181B28645
:1058B0002E86AA8588436DB7011122CC26CA4AC814
:1058C00006CE4EC6AA842E89328409C51C4D99E3A2
:1058D000EF10C014975700009387C76B6319F40645
:1058E000C0401C4C1CC45E24A18BD1C31C48C1C346
:1058F0001C4808409379F90F1379F90F1D8D5C4806
:105900006347F500A2852685EF00707F2DE51C44D6
:105910000505FD171CC41C401387170018C0238001
:1059200037015C486388A7005E24858B89CBA94733
:105930006317F900A2852685EF00707C0DEDF2401B
:1059400062444A85D2444249B249056182809757F0
:105950000000938727666314F400804459B7975773
:10596000000093872761E31EF4F6C0449DBFA28523
:105970002685212035DD7D59D9B741119387418195
:1059800026C2844322C44AC006C62A892E8491C4F2
:105990009C4C81E72685EF1060089757000093879D
:1059A000675F631BF402C0400317C400931707012D
:1059B000C18393F68700B5EA93F6070195EEA547F4
:1059C0002320F900136707045AA47D55B2402244EE
:1059D0009244024941018280975700009387875D76
:1059E0006314F4008044C9B7975700009387875821
:1059F000E31CF4FAC0444DBF918B85C74C5891C944
:105A0000930744046385F5004A85EF20004A232A62
:105A100004025E242322040093F7B7FD5EA41C4811
:105A20001CC05E2493E787005EA41C4881EF5E24BF
:105A30001307002093F707286386E700A2854A85AD
:105A4000EF10F0115E2413F717001DC35C482324E8
:105A50000400B307F0401CCC1C480145A5FB83178C
:105A6000C40013F707083DD393E707045EA4B1BF52
:105A7000898B014791E3584818C4F9BF011122CC22
:105A80001C49804906CE26CA4AC84EC652C456C2D0
:105A900063C187127D141318240093894501338A4A
:105AA0000901130945014A9883270A0003270800C2
:105AB0008507B354F7026366F706C1684E834A8EC2
:105AC000814E014FFD1811030326C3FF110E3377DA
:105AD0001601418233079702330696027697935652
:105AE0000701B3771701B307FF4036968326CEFF31
:105AF000935E06013376160133F71601BA97C18219
:105B000013D70741918EBA9613DF0641B3F71701F9
:105B1000C206D58F232EFEFEE3776AFA832708009C
:105B2000BDCBAA8AEF10F07763490504416685046E
:105B3000CA8501457D16910903A8C9FF98419105C1
:105B4000B376C800158DB376C700AA9693570701A0
:105B50001358080113D70641B3870741BA9713D5E5
:105B60000741F18EC207D58F23AEF5FEE3753AFDEE
:105B700093172400CA9798431DC72685F2406244B4
:105B8000D2444249B249224A924A0561828083271F
:105B9000080089E77D147118E36B09FF00C951B74C
:105BA000984309E77D14F117E36CF9FE23A88A00F6
:105BB000E9B70145E1B775713ED85C5122C526C3EE
:105BC0004AC1CEDED2DCE2D406C7D6DADAD8DED6D7
:105BD000E6D2EAD0EECE36C23AC646CAAA842E84AF
:105BE0003289C2892E8A328C89EF4145EF107000CC
:105BF000C8D02322050023240500232005002326E6
:105C00000500DC508C4389CDD84385472685B39762
:105C1000E7009CC5D8C1EF101017DC5023A0070087
:105C2000635309048547131C190023A0F900135C72
:105C30001C00B707F07F3377FC006314F706425768
:105C40008967320C9387F770135CCC001CC3336CEC
:105C50008C00E3000C32D24791EB975700009387FA
:105C600027313EC039A823A00900E1B797570000AB
:105C7000938707303EC0975700009387972F52476E
:105C80001CC3BA402A4402459A440A49F659665A46
:105C9000D65A465BB65B265C965C065DF64D49615E
:105CA0008280014681462285E28522CE62D4EF3091
:105CB000D05C05E1425785471CC397570000938786
:105CC000E7183EC0D247D5DF9757000093871718D3
:105CD0007DB7B800F4006286A285268513594C0171
:105CE000EF10107E1379F97FAA89A64A630D091077
:105CF000A2577245130919C09395C700B181B70720
:105D0000F03FDD8D02DC975700009387A722904378
:105D1000D443EF3070739757000093872722904346
:105D2000D443EFC0BFA8975700009387A7219043A3
:105D3000D443EF3080612A8B4A85AE8BEFC09FF24F
:105D400097570000938787209043D443EFC01FA646
:105D50002A86AE865A85DE85EF30205F2A8BAE8B91
:105D6000EF4020662A84014681465A85DE85EF3061
:105D70005062635B05002285EFC0DFEE5A86DE8647
:105D8000EF30B04F11C17D140547D9473AD663E3D0
:105D90008702131734009757000093872727BA9775
:105DA0009043D4437245A255EF30B05E6353050073
:105DB0007D1402D633892A41930BF9FF014B63D638
:105DC0000B00054B330B2B41814B634E0406A29B0A
:105DD00022CC814A1247A54763E5E7149547854CD5
:105DE00063D6E7009307C7FF3EC2814C12478D4739
:105DF000630EF71063CFE704894702C8630DF70607
:105E000085473EC88DA0364993070002569913076F
:105E1000294363D5E70213050004198D930729412F
:105E20003315AC003354F400418DEF40C065B70723
:105E300010FEBE9585477D193EDCF1B53385E74000
:105E40003315A400DDB7330B8B40B30A804002CC7E
:105E500051B712479147630EF70005473AC81247FA
:105E600095476306F70AFD573EC4FD5DC94702C664
:105E700019A885473EC8B2476348F00A85470547D9
:105E80003EC4854D3AC603A94402114723220900A6
:105E9000930647018325490063FCD7082685EF1048
:105EA000C065DC502320A9009C433EC0B94763E68F
:105EB000B71D63840C1C635E800A9377F40013970C
:105EC0003700935C44409757000093872714BA9794
:105ED00093F60C0198430949DC4385C697560000A8
:105EE0009386461090527245D452A2553AD03ED273
:105EF000EFC08FB00257925793FCFC002A8A2E8C79
:105F00000D49175D0000130DED0D89A802C8B247B9
:105F1000A2973EC4938D1700EE87E346B0F78547FE
:105F20009DB7854C02C2E9BDB2473EC4BE8DA1BF3C
:105F300085052322B9000607A1BF93F61C0081CE78
:105F400003260D0083264D003A85BE85EFC01F86CF
:105F500005092A87AE8793DC1C40210DE39F0CFCCA
:105F60003A86BE865285E285EFC00FA92A8A2E8C1A
:105F700081A0094915CCB30C804093F7FC0013971E
:105F800037009757000093876708BA979043D44328
:105F90007245A25593DC4C40175D0000130D8D0433
:105FA000EFC0DF802A8A2E8C8147639B0C12DDFFB5
:105FB000B25763860714175700001307A7EE104364
:105FC00054435285E28552D0EF30B03C63590512FC
:105FD000638A0D12A2476350F00A17570000130797
:105FE00067AA8257104354433E85E285EFC00FFCF9
:105FF000A247130DF4FF2A8A2E8C050962874A8571
:106000003EDE52DABA8C3AD0EFC0DFC552580257A2
:106010003709C0FC4286BA86EFC04FF99756000098
:10602000938646F39042D442528CEF300032F257BE
:106030002A8A2E99F9EB97570000938727F2525836
:1060400002579043D4434285BA85EF30F03F5286E1
:10605000CA862A8CAE8CEF30F0286346A054B7076E
:106060000080B3C727015286BE866285E685EF3081
:10607000503263470552724A225CB64763C3073009
:1060800039476340873013173400975700009387D0
:10609000E7F7BA9703AB070083AB4700B24763D17A
:1060A0000720634FB01F639D0D4E975700009387E5
:1060B000E7EA9043D4435A85DE85EFC02FEF52863E
:1060C000E286EF303022814A01496353054A824714
:1060D00002470504138A1700930710031CA369A93C
:1060E00013F71C0009CB03260D0083264D0005097C
:1060F000EFC0CFEB854793DC1C40210D7DB5228D91
:10610000EE87EDBD228D8147D5BD9386F7FF1396AF
:10611000360097560000938666EFB2968842CC42CE
:106120008246B6973EDAC247E9C397570000938785
:10613000E7D62A86AE868843CC434ADE52D0EFC0EB
:10614000AF8B02587257175900001309A993428662
:10615000BA86EF30702F024A2AD02ED2E6856285A9
:10616000EF4020262ADEEFC0FFAF2A86AE8662858A
:10617000E685EF30702DF2572A8CAE8C2A86AE86DB
:1061800002559255050A93870703A30FFAFEEF30D5
:1061900070156348A00E975700009387A7D08843D7
:1061A000CC436286E686EF30302A2A86AE860255D8
:1061B0009255EF3030136342A018D257E30DFAEA3C
:1061C000032609008326490002559255EFC00FDED1
:1061D00003260900832649002AD02ED26285E6854F
:1061E000EFC0CFDC2A8CAE8C95BF5286CA86EFC03A
:1061F000EFDB525A02492AD02ED2E6856285EF4063
:10620000401C2ADEEFC01FA62A86AE866285E68580
:10621000EF3090237257D257050913070703A30FD6
:10622000E9FE2A8CAE8C6312F90617590000130997
:10623000E9C6032609008326490002559255EF302E
:10624000C0102A86AE866285E685EF30B0096346C7
:10625000A00E025692560325090083254900EF300F
:10626000B01E2A86AE866285E685EF3090129307CF
:106270000003E35205E00347FAFF9306FAFF6304C5
:10628000F7006A8459A8368AFDB7974700009387BC
:10629000677F9043D443EFC06FD12A8CAE8CB1BFDF
:1062A000E287BE8C8247528C974A0000938A8A7D8F
:1062B00013891700BE9D5A86DE866285E685EFB09B
:1062C000BFF3EF4000102A8DEFC0DF995A86DE86BB
:1062D000EFC0CFCD2A86AE866285E685EF30D01638
:1062E00093070D03A30FF9FE2A86AE864A8A639BA5
:1062F0002D07EF3080055A86DE862A8CAE8CEF3073
:10630000607E634BA0025A86DE866285E685EF30AA
:10631000C07601E593771D0085E3CE852685EF10D5
:106320008026C25723000A00050480C3D247E38AAF
:10633000079423A04701B1B2228D1307900383462F
:10634000FAFF9307FAFF6399E6008246639AF60024
:1063500013070003050D98A29823050798A315B706
:106360003E8AF1BF03A60A0083A64A000509EFC0D2
:10637000EFC3014681462A8CAE8CEF30007005FDDC
:1063800069BF424763000710924605476345D70C33
:1063900062579387374309E7264793076003998F2E
:1063A000568DDA8C854526853E9BBE9BEF10A0401E
:1063B0002A89635E9001635C7001E68763D39B0169
:1063C000DE87330BFB40B38CFC40B38BFB40638018
:1063D0000A04C247C5CF6354A003CA856A862685CE
:1063E000EF1060534E86AA852A892685EF10603EFD
:1063F0002ACECE852685EF100019F247BE89338656
:10640000AA4111C6CE852685EF10E050AA898545A0
:106410002685EF10403AE247AA8A635BF0063E8683
:10642000AA852685EF10204F12478547AA8A014D7D
:1064300063C8E706014D63120A069317CC00528D1C
:10644000A9EFB705F07F337CBC0063080C04050B93
:10645000850B054D99A0138DFDFF63CAAA01338DED
:10646000AA4163DE0D00B30CBB41814725BFE24763
:10647000B30A5D41D6973ECCEA8A014DDDB7DA8C8E
:10648000EE870DB7568DDA8C014925B756869DBF2C
:1064900012478547014DE3DFE7F8E247054589CF1D
:1064A00083A70A018D078A07D697C843EF10A02556
:1064B000930700023385A7405E957D8951C19307FC
:1064C0000002898F1147635AF706F1473385A740C9
:1064D0002A9BAA9CAA9B63586001CE855A86268572
:1064E000EF10404FAA8963587001D6855E862685D5
:1064F000EF10404EAA8AB257B1C7D6854E85EF102D
:10650000405A63510504CE85814629462685EF1001
:10651000C00BC2477D14AA89638B0726CA858146B2
:1065200029462685EF10600AA2472A896345F008AC
:106530001247894763D1E70829A8E38EE7F83E852B
:10654000710579B76345B0071247894763D1E706FC
:106550006EC4A24791EFD685814615462685EF1079
:10656000C006AA8AAA854E85EF10A053E341A0B6C3
:10657000B247024A13C4F7FF014BD6852685EF10B8
:106580008000E30C09D863080B0063062B01DA8551
:106590002685EF00507FCA852685EF00D07EB5BBEB
:1065A000814A0149F1B76A84814A01490DB6C2475F
:1065B0006EC46385071E63589001CA85668626856A
:1065C000EF1040412A894A8563060D028325490060
:1065D0002685EF009072032609012A8B9305C900D6
:1065E00009060A063105EF0030660546DA8526857C
:1065F000EF10403E824722474A8B138C1700BA9710
:106600003EC693771A002A893EC4D6854E85EFF0A0
:10661000EFC6DA852A8D930D05034E85EF1060488D
:106620004A86AA8BD6852685EF10C04A5045930C22
:10663000FCFF2A8A054711E6AA854E85EF106046C1
:106640002A87D28526853AC8EF00F07392474247E1
:10665000628AB3E6E700A247DD8E81EE130790035E
:106660006388ED0463547001930D1D032380BC0106
:1066700029B763CA0B009247B3EB7701A247B3EB8C
:10668000FB0063950B04E353E0FECE8505462685AB
:10669000EF104034D685AA89EF10A0406346A000D1
:1066A00071F513F71D0079D313079003E39EEDFAFC
:1066B000930790032380FC00930690038347FAFF1F
:1066C0001307FAFF638CD708850745A0635BE000DA
:1066D00013079003E38EEDFC93871D002380FC00DD
:1066E00069BDB247A30FBCFF63818705CE85814694
:1066F00029462685EF00706DAA8981462946DA85EC
:10670000268563182B01EF00506C2A8B2A89050C13
:10671000EDBDEF00906BCA852A8B81462946268500
:10672000EF00B06A2A89E5B7014BCE85054626857C
:10673000EF10402AD685AA89EF10A036E34EA0F6C6
:1067400001E593F71D00ADFB930700030347FAFF34
:106750009306FAFFE313F7E2368ACDBF82476398C8
:10676000E70002470504930710031CA339B53A8AD2
:10677000B1B75247974700009387C77E3EC09747FF
:1067800000009387A77E631C07CE6FF08FCFA247D0
:106790006346F00012478947E3CDE7DA024AD6851F
:1067A0004E85EFF0AFAD8247050A930D0503330721
:1067B000FA40A247A30FBAFFE358F7F6CE85814609
:1067C00029462685EF007060AA89D1BFDE25011118
:1067D00022CC26CA06CE4AC84EC613F78700AA8422
:1067E0002E8461EFD841634DE000B841634AE00078
:1067F0000145F2406244D2444249B2490561828077
:1068000058547DD703A904009396370123A00400B0
:1068100063DC060670485E24918B99C75C401D8E30
:106820005C5899C33C401D8E5C540C5081462685B3
:106830008297FD575A24631DF5009440F54763E99C
:10684000D706B70740208507B3D7D700858BADC3E0
:106850001C48232204001CC09317370163D807008B
:10686000FD576314F5009C4091E368C84C5823A081
:106870002401BDDD930744046385F5002685EF10F0
:10688000C062232A0402ADB70C5001468546268516
:106890000297FD572A86E310F5F89C40ADDF754757
:1068A0006385E70059476393E70423A0240189B770
:1068B000136707045AA47D552DBF83A90501E389F9
:1068C00009F203A905008D8B23A035013309394155
:1068D000014791E3D84918C4E35C20F11C540C50E3
:1068E000CA864E86268582976347A0005E2493E77A
:1068F00007045EA4C9B7AA993309A940F1BF9C490E
:10690000A5C3011122CC06CE2A8411C51C4D81E7F6
:106910002EC62922B245974700009387A767639C3C
:10692000F5004C408397C5009DC722856244F24024
:1069300005616FF0BFE9974700009387A7676394ED
:10694000F5000C44C5B7974700009387A762E39B07
:10695000F5FC4C44C1BFF2406244014505618280B0
:1069600001458280411122C406C62A844EA572A523
:1069700023200500232205002324050023220506E9
:1069800023280500232A0500232C050021468145E4
:106990001305C505EF90DF889727000093874753BD
:1069A0005CD0972700009387A7551CD49727000039
:1069B000938787595CD4972700009387E75B00D0C3
:1069C0001CD8B24022444101828097050000938583
:1069D00045F399AA411126C2130680069384F5FF58
:1069E000B384C4024AC02E8922C406C693854407D4
:1069F000EF1020562A8401CD2320050023222501F3
:106A0000310508C4138684068145EF907F81228575
:106A1000B240224492440249410182801C4DA5E7C4
:106A2000411106C622C497070000938747FA1CD578
:106A3000938781819C43232405042326050423286E
:106A400005046314F50085471CCD2A84352848C009
:106A500022851D2808C42285052848C448400146CF
:106A60009145EFF03FF008440546A545EFF09FEF54
:106A700048440946C945EFF0FFEE85471CCCB240BB
:106A8000224441018280828041119387818126C204
:106A900084434AC006C69C4C22C42A8981E72685C5
:106AA000EFF0DFF7938484048044DC40FD1763D665
:106AB00007009C40B9CF8440C5BF0317C40039E725
:106AC000C177850723220406232004002322040023
:106AD000232404005CC423280400232A0400232C5C
:106AE0000400214681451305C405EF906FF3232A66
:106AF0000402232C040223240404232604042285F4
:106B0000B240224492440249410182801304840627
:106B100071BF91454A85EFF0FFEB88C049FDB14751
:106B20002320F9000144E1BF797122D44AD052CC2C
:106B300056CA5AC85EC606D626D24ECE2A8AAE8A13
:106B4000130485040149054BFD5B09ECB250225446
:106B50004A8592540259F249624AD24A424BB24B98
:106B600045618280044483294400FD1963D40900EF
:106B70000040E1BFDE24637BFB008397E400638772
:106B80007701A6855285829A3369A9009384840689
:106B9000E9BF10499306450113D75540B6876356A0
:106BA000C7020A060A07FD8936963697B9C913083F
:106BB00047001843130300023303B3403357B700B1
:106BC000636EC80098C311C391073387D740098704
:106BD00018C96394D700232A0500828083280800FF
:106BE00091071108B398680033E7E80023AEE7FE89
:106BF0000327C8FFE1B711078325C7FF910723AE1D
:106C0000B7FEE36AC7FED1B7930705FD93F7F70F09
:106C100025476367F70001159377F50F3E8582805E
:106C20009307F5F993F7F70F954663E5F60013051B
:106C300095FBDDB71307F5FB1377F70F8147E3EFFC
:106C4000E6FC130595FDC9BF1D71D6C2AA8A42850F
:106C500036C63AC286CECAC8D2C4DAC05EDE3E8B21
:106C60006ED63289AE8DA2CCA6CACEC662DC66DAFA
:106C70006AD89D2D832B05005E85EFD09FDBB387FF
:106C8000AB0083A60D0083C7F7FF7957158F3EC869
:106C90002A8A93872600930600033306F700BE84F2
:106CA000850703C5F7FF32C4E309D5FEEFF0DFF532
:106CB000631E05105286DE852685EF20002C631C9E
:106CC0000510338C440103450C00EFF0FFF363051E
:106CD0000510E284930700038820630BF500EFF0B2
:106CE000BFF2854793391500E28C3EC4268C21A063
:106CF0008504DDB7050C03450C00EFF0FFF07DF9CE
:106D00005286DE856285EF20402711E9639C0C00E6
:106D1000529CE28C03450C00EFF01FEF5DE901444B
:106D200063850C0033848C410A0483470C001307ED
:106D300000056387E70013060007E28C6390C7062F
:106D400083471C001307B002638BE7081307D002C8
:106D5000638BE708930C1C00014D03C50C00EFF09A
:106D6000BFEA9307F5FF93F7F70FE14563E4F508F2
:106D7000930705FF850C03C50C003ECAEFF0DFE862
:106D80009305F5FF93F5F50F6148D247A948637E57
:106D9000B80463040D00B307F0403E9423A09D01A6
:106DA000638C0904A247814491E39944F640664408
:106DB00026854649D644B649264A964A064BF25B92
:106DC000625CD25C425DB25D256182808149814C0A
:106DD00031BF050C81B7268C01448549B9B7014DF7
:106DE000930C2C009DBF054DE5BFB3871703AA97F1
:106DF000C11749B7E28C5DB7B3079C40FD178145C9
:106E00001D476344F70A5685CD2D05469309450174
:106E1000B3074641AA8D4E8D8148814C3ECA63E935
:106E2000840913054D0033053541098523209D0153
:106E300023A8AD00931455006685EF00D00C832B7A
:106E40000900898C63D89B0CB3847441A6856E8538
:106E5000EF00F07E2A8A05C91386F4FF9356564048
:106E60008A06CE96944205473317C700758F054AA8
:106E700019CB6359CA009385E4FF6E85EF00307C1F
:106E80000D4A11E1094AA6856E85EFF09FD0269440
:106E900003278900635F8708EE855685ED259247B5
:106EA0009304300A23A0070011B78505858791BF99
:106EB0009307FCFF3EC40346FCFFC2476309F6028A
:106EC000930700026397F80023209D018148110D6C
:106ED000814C0345FCFF46CCEFF01FD3E2483D89CF
:106EE000224333151501B3ECAC00910815A05247AD
:106EF0009307FCFF3383E700E36493FC1A85528613
:106F0000DE8546CE1ACCEF2040076243F2484DF9A9
:106F10001A8C31B7014AE3DD74F7B3849B40EE85E8
:106F200026865685EF00102BAA8D058C9309450106
:106F300085B7032749006355E40E33048740634552
:106F400074070327C9008946630AD7048D46630A7C
:106F5000D7048546631BD70263998B026391EB02CA
:106F600003274900B2479304200698C30547924778
:106F700023A8ED0023A0E90023A0B70105BD938558
:106F8000FBFF6E85EF00B06B61FDEE855685E52B4E
:106F900092479304000523A0070009BDE3170BFEE9
:106FA000C1B7E31F0BFAD5B79304F4FF63180A06C1
:106FB00091C4A6856E85EF0090682A8A13D7544045
:106FC0000A074E9718438545B3959500F98D99C1E9
:106FD000136A2A00A2856E85B38B8B40EFF07FBBCE
:106FE000032449008944630B0A080327C900894622
:106FF000630AD7028D46630AD7028546631DD70010
:1070000013772A0009CB03A70900336AEA00137A31
:107010001A00631E0A0093E404018DA0054A79BF9B
:107020008544D1B70547330B6741E3060BFE83A9BF
:107030000D0113874D01FD55139A290033064701B1
:1070400014436383B604850614C3894613874D0130
:107050006393D40883260900FD16639F760193D6B7
:107060005B408A06369718438546B39B7601B3FB8F
:10707000EB0063830B00854493E40402924723A052
:10708000B701B24780C31DB31107232E07FEE36982
:10709000C7FA03A78D0063C4E90283A54D00568596
:1070A0008505A12903A60D019385CD002A8B09062C
:1070B0000A063105512EEE855685F121DA8D03A79A
:1070C0000D019306170011070A0723A8DD006E972C
:1070D000854654C39DBF83A60D0163DCD900854559
:1070E0006E85EFF01FAB032789000504E35587F891
:1070F00065B393FBFB018544E3800BF852970325AE
:10710000C7FF112513070002B30B7741E34975FD53
:10711000A5B7A1473386C7400A0693060002918EA1
:107120005C41184111053398D70033670701B3D785
:10713000C700232EE5FE1CC1E364B5FE82801C411E
:107140006548850503C6F5FF850701E61CC10545B1
:10715000828098239306F7FB93F6F60F6364D800BA
:1071600013070702E30FC7FC014582805D7152DC03
:1071700003AA0500A6C24EDE93545A405AD88A0488
:1071800086C6A2C4CAC056DA5ED662D466D26AD0B7
:107190006ECE137AFA012A8BB289B29463030A0085
:1071A000910483270B001389C4FF23AE04FECA8D0C
:1071B0004A840146814A814B214C930C00021D4DAB
:1071C0009433138717003AC0B1CA368532C63EC41D
:1071D00036C2EFF07FA3324659E59246A24763E8F4
:1071E000DC0263D47A036378B4016346CD00EE8594
:1071F0002285EFF01FF2214663F98900930DC4FF49
:10720000232E04FEDE8A6E840146824755BF930515
:107210009002639CB60889072320FB0063870B0854
:107220006379B4019D4763C6C700EE852285EFF000
:107230005FEE63FA8904CE8711040327C4FF910728
:1072400023AEE7FEE37A89FE910723AE07FEE37DD6
:10725000F9FE8327090091E7631739058547232045
:10726000F9001545A1A00506850B6358CC00E3FE87
:1072700089F8232E04FE054671141C403D899207AF
:10728000C98F1CC059B7E3060AFC93070002B387F5
:1072900047417D5AB357FA0003AAC4FF337AFA0074
:1072A00023AE44FF7DB771196DB71145B640264432
:1072B00096440649F259625AD25A425BB25B225C4A
:1072C000925C025DF24D616182800325C50E828071
:1072D000938741819C439C5389E79797FF1F93872E
:1072E00067DA03A5C70E82801305050F8280938796
:1072F00041819C43885309E51795FF1F130585D8E5
:107300001305050F82801971A6DAAE848395E50016
:10731000A2DC86DE328463DB0500DE2423A00600C7
:1073200093F7070885E7930700401DA0300836C68D
:10733000EF10306BB246E34205FE7247BD67F98F2E
:107340007977BA9793B717009CC2F1BF93070004EF
:107350001CC0F6506654D654014509618280DE2572
:10736000011122CC06CE26CA4AC8898B2E8489CF29
:10737000930774041CC01CC885475CC8F240624473
:10738000D24442490561828074003000AA84EFF043
:107390009FF7A2452A892685EF00B03B19E983179C
:1073A000C40013F7072079FBF19B93E727005EA445
:1073B000C1B797F7FFFF938787619CD45E2408C00D
:1073C00008C893E707085EA4A2475CC8B24781CF0C
:1073D0008315E4002685EF10906311C55E24F19BB0
:1073E00093E717005EA45E243369F9002316240195
:1073F00071B793874181AA8588436F00903591EDDD
:1074000041116C00014501CA795591C61C229CC1ED
:1074100008223335A00041018280014509CA79550F
:1074200099C61C229CC108223335A000828082802C
:1074300093F5F50F2A966314C500014582801C213F
:10744000E38EB7FE0505C5BFB3C7A5008D8B330717
:10745000C50081E78D4763EDC700AA87637EE50815
:10746000942185078505A38FD7FEE3EBE7FE828095
:1074700093763500AA8789CA942185078505A38F4D
:10748000D7FE93F63700C5BF9376C7FF138606FE77
:1074900063F0C70683A3050083A2450083AF850080
:1074A00003AFC50083AE050103AE450103A385010B
:1074B00083A8C5019385450223A0770003A8C5FFD3
:1074C00023A2570023A4F70123A6E70123A8D7018D
:1074D00023AAC70123AC670023AE17019387470295
:1074E00023AE07FF75B790419107910523AEC7FE04
:1074F000E3EBD7FEE3E6E7F682805C51411122C45C
:107500004AC006C626C22A842E8989EF4145EFF07B
:107510005FEE48D023220500232405002320050028
:10752000232605004450DC449DC75850931729007A
:107530005847BA97884329E18544B39424011386B8
:1075400054000A0685452285EF00D01319CD232269
:10755000250104C525A01306100291452285EF00E0
:1075600070125C50C8C4DC47E9F30145B2402244C4
:107570009244024941018280184198C323280500A2
:1075800023260500E5B75C51011122CC06CE2A84E2
:1075900099EF41452EC6EFF0DFE5B24548D02322F2
:1075A000050023240500232005002326050091C99A
:1075B0005450DC4113972700DC46BA97984398C192
:1075C0008CC3F24062440561828079714ECEAA89F3
:1075D000416522D426D22E84844906D64AD0D105CC
:1075E00001487D159C419105050833F7A700330735
:1075F000C702C183B387C702369793560701698FC5
:10760000B69793D60701C207BA9723AEF5FEE34BB0
:1076100098FCA1C21C4463C7F4024C404E8536C698
:107620008505EFF09FED10489305C4002A890906EF
:107630000A063105EFF05FE1A2854E85EFF0BFF459
:10764000B2464A84938744008A07A297D4C385042C
:1076500004C82285B250225492540259F24945611D
:10766000828079719387860052CC368AA54622D4CF
:1076700026D24ECE2E84B3C7D70206D64AD056CADB
:10768000AA89B2848546814563CCF6044E853AC604
:10769000EFF0BFE6324785471CC958C9A54763D4F8
:1076A0009704930A94005689269405098346F9FFA6
:1076B000AA852946938606FD4E85EFF01FF1E31655
:1076C00089FE138484FF5694268963414903B2508E
:1076D000225492540259F249624AD24A4561828048
:1076E0008606850555B72904A544F9BFB307994017
:1076F000A2979423AA852946938606FD4E85EFF02E
:10770000DFEC0509D9B74177698FAA87014519E3ED
:10771000C2074145370700FF7D8F19E32105A20706
:10772000370700F07D8F19E311059207370700C076
:107730007D8F19E309058A0763C9070013971700AE
:107740000505634407001305000282801C4113F7FE
:1077500077000DC393F61700014799E613F727004A
:1077600011C785831CC105473A85828089831CC166
:107770000947DDBF93960701C182014799E2C183A2
:10778000414793F6F70F99E22107A18393F6F7009B
:1077900099E21107918393F6370099E209078983EB
:1077A00093F6170081E68583050799C31CC16DBF59
:1077B0001307000255BF411122C42E84854506C619
:1077C000EFF0BFD340C9B2402244054718C9410178
:1077D000828098491C4A797126D206D622D44AD092
:1077E0004ECEAE846354F700B2842E8683A9040182
:1077F000032906019C44CC403384290163D38700CC
:10780000850532C6EFF07FCF3246130845011313CA
:1078100024004293C28763ED6702938544019398E5
:1078200029005106131E2900C166AE98329EFD162E
:107830006364C60363568000711383270300F1CB92
:1078400000C9B250225492540259F24945618280D3
:1078500023A007009107C1B7832F0600B3FFDF0005
:10786000638A0F04428FAE82814403A70200832300
:107870000F00110FB37ED700B38EFE03B3F7D30012
:1078800093D303019102BE9E93570701B387F70379
:10789000A69E13D70E01B3FEDE009E97BA9793D42F
:1078A0000701C207B3E7D701232EFFFEE3EF12FB68
:1078B00023209F0083522600638A02048327080046
:1078C000C28E2E8F814F03270F0083D32E00F58F9A
:1078D000758F33075702910E110F1E977E97931FD6
:1078E0000701B3E7FF0023AEFEFE8357EFFF83AF30
:1078F0000E004183B3875702B3FFDF00FE97BA97AC
:1079000093DF0701E3611FFD23A0FE0011061108AC
:1079100005B77D1405B7011126CA4AC84EC606CE62
:1079200022CC52C4937736002A89B284AE8989CF9B
:10793000FD17173700001307E7798A07BA979043B6
:107940008146EFF09FC8AA898984A5CC8327490284
:1079500091EF4145EFF0FFA92322A9022322050060
:10796000232405002320050023260500032A4902BD
:1079700003248A0019E8930510274A85EFF0BFE336
:107980002324AA002A842320050093F7140081CF22
:10799000CE8522864A85EFF0DFE32A8ACE854A85A6
:1079A000EFF07FBED289858489CC084009E9228620
:1079B000A2854A85EFF0FFE108C0232005002A8454
:1079C000E9B7F24062444E85D2444249B249224A64
:1079D00005618280797126D2AE844ECE83A90401DE
:1079E00022D4CC41135456409C44A2994AD056CA42
:1079F00006D652CCAA8A1389190063C42709568572
:107A000032C6EFF09FAF3246930745012A8ABE8601
:107A100001479106634A8706635304000144944872
:107A20000A04338787008A06938744017D8ABE96BD
:107A300025C2130800023308C84081458843110756
:107A400091073315C500C98D232EB7FE83A5C7FF47
:107A5000B3D50501E3E4D7FE0CC399C1138929000E
:107A60007D1923282A015685A685EFF0DFB1B25093
:107A70002254528592540259F249624AD24A4561CF
:107A800082808505860795BF23AE06FE050751B7A0
:107A9000910703A6C7FF1107232EC7FEE3EAD7FE0F
:107AA000C1B71C499849998F8DE30A075105D10543
:107AB000B306E500BA95F116F115904298416308B6
:107AC000E600FD576363E60085473E858280E364F8
:107AD000D5FEE5BF011126CAAE844EC6B285AA897D
:107AE000268522CC06CE4AC83284EFF09FFB05E102
:107AF00081454E85EFF07FA085471CC9232A0500EC
:107B0000F2406244D2444249B2490561828005494B
:107B100063460500A28701492684BE844C404E85F9
:107B2000EFF0BF9D0323040183A804011306440161
:107B3000131E2300138844018A08C16E23262501E1
:107B4000329EC29893064501014FFD1E1842832FB5
:107B500008009106B375D701B3F7DF01FA959D8D43
:107B600093DF0F0193570701B387F74113D70541FF
:107B7000BA9713DF0741B3F5D501C207CD8F1108BE
:107B800023AEF6FE1106E36318FDC165FD156368BB
:107B9000C601F1169C4295C72328650095B71C4283
:107BA0009106110633F7B7007A9713580741C1833E
:107BB000C29713DF07416D8FC207D98F23AEF6FE40
:107BC000F9B77D13F9B7B707F07FFD8DB707C0FC94
:107BD000BE956355B00081473E858280B305B040B5
:107BE00093D745414D476347F700B7050800B3D524
:107BF000F540D5B71387C7FEF94681458547E3CDE4
:107C0000E6FCB7070080B3D7E700F9B7797126D251
:107C100004494ECE930945018A04CE9422D403A48C
:107C2000C4FF4AD02EC6228506D6EFF0DFADB2459E
:107C300093070002898F9CC1A9471389C4FF63CDB4
:107C4000A702AD47898F3707F03FB356F400D98EAE
:107C5000014763F4290103A784FF55053315A400E8
:107C6000B357F700C98FB250225492540259F249C7
:107C70003E85B68545618280814763F6290183A7E9
:107C800084FF138984FF551505C9130700023306C5
:107C9000A74033D7C7003314A400598CB706F03F70
:107CA000C18E014763F429010327C9FFB397A700D9
:107CB0003357C700D98F45BFB706F03FC18E65B7B0
:107CC000797122D42E84854526D24AD0B2844ECEF4
:107CD00052CC3A8906D6368AEFF03F823707100039
:107CE0009307F7FFE58FD18093F4F47FAA89B5E07D
:107CF0003EC62DC4280022C4EFF05FA5A24621CDC8
:107D0000324793070002898FB317F700D58F335797
:107D1000A70023AAF9003AC6324423AC89003334C1
:107D20008000050423A88900B9C49384D4BCAA9414
:107D30009307500323209A003385A7402320A900EE
:107D4000B25022544E8592540259F249624A45611A
:107D50008280D98F71BF23AAD9007DBF6800EFF060
:107D6000FF9EB24713050502054423AAF900854783
:107D700023A8F90055BF931724001305E5BCCE973F
:107D80002320AA00884B1604EFF0FF97098C2320CC
:107D900089007DB779714AD02E892C0006D622D46D
:107DA00026D24ECE52CC2A8AEFF05FE6AA89AE8464
:107DB0002E844A856C00EFF07FE5832709010327B5
:107DC0000A01A2461D8FB24716079D8EB307D70042
:107DD0006355F002D2072E86338497003287A2853E
:107DE0002A86BA864E85EFA02FC1B25022549254F3
:107DF0000259F249624A456182803707F0FFB38732
:107E0000E7023386B700D9BF9387F5FF184A9587F5
:107E100085078A07930646010A07AA97369763E5FE
:107E2000E600636AF5008280910603A6C6FF11058D
:107E3000232EC5FEEDB71105232E05FEDDB714492F
:107E400093D755401307450163C7F60263DFD70098
:107E5000FD8981CD93962700BA9690420545B35689
:107E6000B600B395B600631EB6008A07BA9763667C
:107E7000F70001458280B687CDBFF1179443E5DA5C
:107E8000054582803386C502011122CC06CEB2851B
:107E900032C6C1202A8409C532468145EF804FB8D9
:107EA0002285F240624405618280DDC183A7C5FF5F
:107EB000411122C406C626C21384C5FF63D307003E
:107EC0003E94AA84EF10803E9387C1839C4381EF48
:107ED0002322040023AE81822244B24026859244AC
:107EE00041016F10C03C637EF40014403307D4009E
:107EF0006396E7009843DC43369718C05CC0D9BF4F
:107F0000BA87D84319C3E37DE4FE94433386D70090
:107F1000631F86001040B29694C33386D700E31DDA
:107F2000C7FA10435843B29694C3D8C375B7637564
:107F3000C400B1479CC04DB71040B306C4006316DF
:107F4000D70014435843B29614C058C0C0C369B791
:107F50008280011126CA93843500F19806CE22CC86
:107F60004AC84EC6A104B14763F5F404B14463E4C2
:107F7000B4042A89EF1080339387C18398433A84ED
:107F800029E4938701849C4399E781454A85EF0062
:107F9000306923A0A184A6854A85EF007068FD5949
:107FA00063193507B1472320F9004A85EF102030C7
:107FB00029A0E3DE04FAB1471CC10145F240624446
:107FC000D2444249B249056182801C40858F63CF0B
:107FD0000702AD4663F6F6001CC03E9404C031A013
:107FE0005C406313870223AEF1824A85EF10202C98
:107FF0001305B4009307440061993307F5405DDF32
:108000003A94898F1CC05DBF5CC3C5B722874040CE
:1080100085BF130435007198E30285FCB305A440C5
:108020004A85EF00F05FE31B35FBADBF01114AC885
:1080300003A9850022CC52C45AC006CE26CA4EC619
:1080400056C22E84328B368A63E92609DE2513F761
:10805000074851C304408C495848AA8AB389B440A0
:108060008D44B384E4020947B3C4E40213871600C5
:108070004E9763F3E400BA8493F70740BDCFA6851B
:108080005685EFF01FED2A891DE1B14723A0FA00C4
:108090005E247D5593E707045EA4F2406244D24417
:1080A0004249B249224A924A024B056182800C48F9
:1080B0004E86EFF06FB95E2493F7F7B793E70708A2
:1080C0005EA42328240144C84E99B384344123205C
:1080D000240104C4528963732A01528908404A86E4
:1080E000DA85EF1040181C440145B38727411CC4B2
:1080F0001C403E99232024014DB726865685EF105B
:10810000201B2A895DFD0C485685EFF01FDAB5BFAC
:10811000DE25717126D34AD14ECF06D722D552CD56
:1081200056CB5AC95EC762C566C393F70708AA89CA
:108130002E89B284B9C39C49A9E39305000436C6CD
:10814000EFF03FE12320A9002328A900B24615E162
:10815000B14723A0F9007D55BA502A549A540A59C0
:10816000FA496A4ADA4A4A4BBA4B2A4C9A4C4D6150
:10817000828093070004232AF90093070002A30CCE
:10818000F1029307000302DA230DF10236CE930BBE
:108190005002973A0000938AAAF4054C294B268492
:1081A0001C2099C363997709B30C9440638E0C002B
:1081B000E6862686CA854E85EFF05FE7FD576309A0
:1081C000F518D256E69636DA1C2063830718FD5759
:1081D0009304140002D002D63ED202D4A3010106B9
:1081E00082DC8C2015465685EFF08FA41384140092
:1081F000825721E513F7070109C713070002A301FE
:10820000E10613F7870009C71307B002A301E106CF
:1082100094201307A002638AE602B257268481469F
:108220002546182093051400130707FD6372E60620
:108230008DC63ED61DA00504A5B73305554133159F
:10824000AC00C98F3ED0A28469BF72479306470035
:10825000184336CE634707023AD618209307E00248
:10826000631DF70418309307A002631BF702F2475F
:108270000904138747009C433ACE63C107023ED2EC
:108280002DA83307E04093E727003AD63ED0F1B758
:10829000B387670385462E84BA9761B7FD57C5B784
:1082A000050402D281468147254618209305140013
:1082B000130707FD6376E606F9F20C200D46173525
:1082C0000000130565E2EFF0AF9611CD973700007F
:1082D000938787E11D8D93070004B397A70002558C
:1082E00005045D8D2AD00C201946173500001305B2
:1082F000E5DF93041400230CB102EFF06F9335C156
:1083000097C7FFFF9387C78D95E70257F24713770B
:10831000071009CF91073ECED257D2973EDA41B52A
:10832000B387670385462E84BA9741B79D07E19BC3
:10833000A107D5B7780897060000938666CF4A86CE
:108340000C104E85EFB09F89FD572A8AE316F5FC85
:108350008357C9007D5593F70704E39F07DE525505
:10836000E5BB780897060000938686CC4A860C10F9
:108370004E85EFB07FE3C9BF411106C622C426C2B5
:108380004AC0FD57639AF500FD54B2402244268549
:1083900002499244410182805E2613F9F50F93F45D
:1083A000F50F93F7F7FD5EA65C5A584285C71C5E31
:1083B0003284635CF7001C401387F7FF18C0A38F5B
:1083C00027FF5C4085075CC0C9B7B285EF00D0517C
:1083D0007DD15DBF144A1C4281CE63FBF60083C68B
:1083E000F7FF63979600FD1705071CC258C271BFBF
:1083F0005CDE930746045CDA8D471CDE9307660457
:108400001CC2854738C2230326055CC2BDBF41118B
:1084100022C42E84CC5906C69DC1930744046384AC
:10842000F500EFF09FA83C40232A04025CC081CBFA
:108430005C5C01451CC0B2402244410182801C4862
:10844000232204007D551CC05E2493E707025EA42E
:10845000DDB7130101D297070000938727F2232687
:10846000312D232CF1289309C10197070000938730
:1084700047FA232C812C232A912C2328212D2324D5
:10848000412D2322512D2320612D232E712B232CAE
:10849000812B232E112C232A912B2328A12B232639
:1084A000B12BAA842E84232401122326011223280F
:1084B0003113232EF12836CC130A5002130BA002DD
:1084C000A54B2949973A0000938A0AC217CCFFFFAF
:1084D000130CECF71C2232C663890730EFE05FDF34
:1084E0003246834D0600930C16006E951C31A18B0D
:1084F000A1C35C406357F002EFE09FDD1C4098236E
:108500003A951831218B19E36686E9B70327C11222
:1085100085071CC005072326E11258407D1758C067
:10852000C9BF8327C129A2852685829771D5E9BF56
:1085300063974D1723220112232E01101C326397DB
:108540006701C147232EF110930C260083C50C0050
:10855000668D850C938705FD63F0FB060D465685F9
:10856000EFE01FED01CD330555418547B397A700D7
:108570000325C111668D5D8D232EA11083470D004B
:1085800013077006930C1D006366F7081307500667
:1085900063FBE71A13077004636AF70213075004BA
:1085A00063F3E71A63880712638B470F8D47232A0B
:1085B000F1122320211361A083274112B307F9028E
:1085C000938707FDAE972322F11249B71307B00531
:1085D0006380E7126365F70213078005E398E7FC01
:1085E0000327C11113670720232EE11041472320E1
:1085F000E1121307E006B337F7008D073DA8130714
:1086000030066383E71013074006E391E7FA23205F
:108610002113C5B7130700076380E70C6363F706F0
:108620001307E006638BE70E636FF70A13079006E4
:10863000E39EE7F6232001128D47232AF1125C40C6
:108640006355F0108327C11193F7070491EBEFE016
:108650003FC81C4098233A951831218B631F070EA1
:10866000832741130947634FF710340822866C0AA9
:10867000268595298547630AF5168947E316F5E8A7
:10868000B9A013075007E384E7F813078007E389CD
:10869000E7F413073007E39BE7F0894779BF5C40B5
:1086A0006351F0021C4098236311B71585075840A9
:1086B0001CC08327C1127D1758C085072326F112DD
:1086C000A1B58327C129A2852685829761DD03256F
:1086D000811279E97D55E9A80327C11113670702C3
:1086E000232EE110F5BDA1472320F1129147B1B728
:1086F000E6854E85992F8327C111AA8C93E707043D
:10870000232EF110854715BF8327C111232A01129B
:1087100093E70704232EF1101DB78327C11113F728
:108720000701E31307DE624793F517008326C112A2
:108730001306470089C532CC1C4396A3F1B332CC53
:108740001C4394C3D1B39547CDBD8327C129A285CE
:1087500026858297E30805EE9DBF0327C112050712
:108760002326E11258407D1758C06355E000850765
:108770001CC0F1BD8327C129A28526858297E30805
:1087800005ECB1B711476348F700340822866C0A3C
:1087900026851D29C5B5E3090CD6340822866C0A46
:1087A0002685EFB09FCAF9B55E2493F707049DF3C1
:1087B0008320C12D0324812D8324412D0329012DE4
:1087C0008329C12C032A812C832A412C032B012CC1
:1087D000832BC12B032C812B832C412B032D012BAD
:1087E000832DC12A1301012E828003258112C9B76E
:1087F0001C46FD171CC663DA0700184E63C5E70068
:10880000A9476394F5006FD02F8B1C422E851387E8
:10881000170018C28CA38280011122CC26CA4AC834
:108820004EC652C406CE2A89AE893284B304D6001D
:108830007D5A63149400014509A80C204E864A8590
:10884000EFF01FFB0504E31645FFF2406244D244FB
:108850004249B249224A05618280357122CD26CB38
:108860004AC94EC706CF52C556C35AC1DEDEE2DC46
:10887000E6DAAA89AE843289368409C51C4D99E3AB
:10888000EFE0CF99972700009387C7706399F40CA6
:1088900083A44900DE24A18BEDC79C48FDC3930748
:1088A0000002A304F1029307000302D22305F102A0
:1088B00022C6930B5002973A0000938A6A82054CB5
:1088C000294B4A841C2099C36390770FB30C244131
:1088D000638E0C00E6864A86A6854E85EFF0DFF3B0
:1088E000FD576300F51E9256E69636D21C20638A29
:1088F000071CFD571309140002C802CE3ECA02CC61
:10890000A309010482D48345090015465685EFE08A
:108910003FB213041900C24751E913F7070109C711
:1089200013070002A309E10413F7870009C713071F
:10893000B002A309E104834609001307A002638F74
:10894000E606F2474A84814625461820930514001E
:10895000130707FD6377E60AB5CA3ECE85A89727B9
:108960000000938727656395F40083A489001DB7F1
:108970009727000093870760E39EF4F083A4C90063
:1089800011BFA6854E85EFC05FFF11D97D55FA4016
:108990006A44DA444A49BA492A4A9A4A0A4BF65B77
:1089A000665CD65C0D618280050429BF33055541A4
:1089B0003315AC00C98F3EC82289B1B73247930640
:1089C0004700184336C6634707023ACE182093077C
:1089D000E002631DF70418309307A002631BF7023F
:1089E000B2470904138747009C433AC663C1070294
:1089F0003ECA2DA83307E04093E727003ACE3EC891
:108A0000F1B7B387670385462E84BA973DBFFD57FC
:108A1000C5B7050402CA814681472546182093053B
:108A20001400130707FD6376E606F9F20C200D46E5
:108A3000172500001305456BEFE09F9F11CD972789
:108A400000009387676A1D8D93070004B397A70002
:108A5000424505045D8D2AC80C20194617250000E3
:108A60001305C568130914002304B102EFE05F9CED
:108A700025C197B7FFFF9387A71695E74247B247EF
:108A80001377071009CF91073EC69257D2973ED26F
:108A90000DBDB387670385462E84BA9741B79D07FE
:108AA000E19BA107D5B7780097060000938606D70B
:108AB00026860C084E85EFB06F92FD572A8AE31682
:108AC000F5FCDE2493F70704E39207EC1255C1B5D9
:108AD000780097060000938666D426860C084E859B
:108AE000EFB08FECD9BF9C45011122CC26CA52C4ED
:108AF00006CE4AC84EC656C25AC02A8A2E84B284AE
:108B000091E7984D854711C3FD571CC41C40C18B8C
:108B100099E79C421387470098C283A9070001493F
:108B2000854A094B084C0DC5631F55079C40982387
:108B30005C48BA979C2389EF63170904F2406244AA
:108B4000D2444249B249224A924A024B056182808C
:108B50001C400509C18B91E79C4085099C23A38F8C
:108B6000F9FE9840DC40050798C01844FD17DCC0AA
:108B70007D1718C409CBE347F0FA83270418A685AC
:108B80005285829745D11C40C18B81EB5C4485079F
:108B90005CC41C4C99C3238009001C4801453E99C4
:108BA0002328240161BF631A6501EFE06FF29C4046
:108BB0009C233E951C31A18BC1DFE31609FC084CB8
:108BC0008547E312F5FC9DBF5D71972700009387F1
:108BD000A753CAC03EC23689972700009387075320
:108BE000944D3EC49727000093878752A2C44EDE5F
:108BF0005AD86ECE3EC686C6A6C252DC56DA5ED6BD
:108C000062D466D26AD08D47AA892E84B28D170BA2
:108C10000000130B4B4C6396F60017DBFFFF130BA2
:108C20002BC31C449306C015014A1386F7FF63F754
:108C3000C600138A37EA9307D0151CC41C4085660A
:108C4000938606D09304C401D58F1CC0130C410039
:108C5000A68A814B930C002083A70D0003250C00EE
:108C600009468C23EFE0CFFC39CD8547639EFB0C92
:108C70005C4099E71C40214758C093E707201CC07F
:108C80001C4093F7F7AF1CC01C441386F7FF10C4B9
:108C90009DCB03A60D00138D1A009307160023A089
:108CA000FD0010222380CA0003A64D00EA8A7D162B
:108CB00023A2CD006349C00003260418EE854E852B
:108CC000029663180510850B8D47110CE396FBF88F
:108CD0005C4099E3A9475CC05C4048489725000088
:108CE000938545429D8DFD7B056C568DB92A814A41
:108CF000930C0003938BFB6F130C0C8014441040F7
:108D0000BDCE03A50D004C4803480500C2958C213B
:108D1000BDC563189805B3758601A1C5850A6305AD
:108D20000A0085067D1A14C483A64D00FD1623A2F1
:108D3000DD006350D00483A60D00850623A0DD006E
:108D40001444FD1614C45DBF8947E39FFBF21C4029
:108D500013F60760E31996F7414758C093E70710E9
:108D60001DB73376760110C01421050DA30FDDFE6B
:108D700065BF83260418EE854E85829671D1144016
:108D800093F6061085C263FCA4018345FDFF83268C
:108D9000C417130AFDFF6E864E858296528D0545D7
:108DA000630E9D041840418B39E323000D005440AD
:108DB0000146A6854E85029B14400327090013F641
:108DC000060211CA930647002320D900184308C39E
:108DD00021A8814A6DB793F516001306470095CD7B
:108DE0002320C90018430AA35844050758C41C4847
:108DF000B3049D40D694BE9404C80145B6402644B1
:108E000096440649F259625AD25A425BB25B225CDE
:108E1000925C025DF24D616182802320C9007DB7C2
:108E2000411122C42A842E8523A4019206C6EF9004
:108E30008FA3FD576317F500938781929C4391C3DD
:108E40001CC0B2402244410182809C211307E005EE
:108E50006386E704138715008146014693050010D9
:108E60003308C5002300D8000506E31BB6FE130631
:108E7000F7FF9DC393C616009308D0021308D005D0
:108E80003306F50014A20C231306170063831503A1
:108E90006384050189E93A8632858280138725003B
:108EA0009C3185465DBFAE873287D9BF9307D0021C
:108EB000E5BF0C33E38C05FFE3CAF5FE0907850720
:108EC0003306F50014A2E3CCB7FE75BF411122C4EE
:108ED0002E848395E50006C60529634905007C4874
:108EE000AA977CC8B2402244410182805E247D77EB
:108EF0007D17F98F5EA4FDB701458280DE25011143
:108F000022CC26CA4AC84EC606CE93F70710AA84BA
:108F10002E843289B68991C78395E500894601463A
:108F2000212E5E247D777D17F98F5EA48315E400E2
:108F30006244F240CE864A86B24942492685D244EE
:108F40000561A1A4411122C42E848395E50006C6C3
:108F5000E524FD575A24631AF500FD77FD17F98FB4
:108F60005EA4B2402244410182808567D98F5EA40D
:108F700068C8C5BF8395E50081A415C27D16014769
:108F8000B307E500B386E5009C2394226396D700DF
:108F90006304C7000507EDF73385D740828001459C
:108FA000828079714AD04ECE06D622D426D2AA89A2
:108FB0002E899304190003C4F4FF3A8536C632C4DF
:108FC0002EC23AC0EFE06FB022951C3102479245A5
:108FD000A18B2246B246A5EF9307D002631BF4068D
:108FE0009C20054393042900F9CE41476390E60293
:108FF00013070003639CE7009C201307800593F789
:10900000F70D639DE70A9C30C14689047D57335EA6
:10901000D70201480145254FE54EB378D7021387A3
:1090200007FD6363EF04BA8763D0D706634C080477
:109030007D58636AAE006314AE0063C6F80005484D
:109040003385A6023E95850483C7F4FFC9BF2689F0
:109050008DB79307B0026305F400A287014369B797
:109060009C2093042900DDBF1387F7FB63E5EE0026
:10907000938797FC55BF1387F7F963E7EE00938753
:1090800097FA5DB77D58C1B7635F08009307200268
:1090900023A0F9007D5519EEB25022549254025982
:1090A000F24945618280630403003305A0406DD618
:1090B000630408009385F4FF0CC2F9BF9307000313
:1090C000B1F6A146A1B713070003E387E7F2A9466B
:1090D00035BF938741819C43985309E71777FF1F5A
:1090E000130747FA6FF0FFEB011122CC2E84CC5905
:1090F00006CE26CA4AC84EC652C493074404639299
:10910000F50493050040EFE0DFE411E97D55F240FE
:109110006244D2444249B249224A0561828093079F
:1091200000401CDC8347640448D81305D53F3CA1AC
:10913000834754041CB1834744041CA108C0014563
:10914000F9B703298403931919004E869522AA843E
:1091500055DD330A2501AA854A865285EFE0CFAE58
:109160002320440144D8232C3403D1BF89CD930755
:10917000F00F63F7C7009307A0081CC17D558280DC
:1091800090A10545828001458280411122C42A8434
:109190002E85B285368623A4019206C6EF801FE98C
:1091A000FD576317F500938781929C4391C31CC0C0
:1091B000B240224441018280411122C42A842E857A
:1091C00023A4019206C6EF101005FD576317F500A2
:1091D000938781929C4391C31CC0B24022444101B9
:1091E0008280411122C42A842E85B28523A4019253
:1091F00006C6EF101003FD576317F50093878192A1
:109200009C4391C31CC0B240224441018280411161
:1092100022C42A842E8523A4019206C6EF103001B1
:10922000FD576317F500938781929C4391C31CC03F
:10923000B240224441018280411122C42A842E85F9
:10924000B285368623A4019206C6EF10007FFD5733
:109250006317F500938781929C4391C31CC0B24071
:1092600022444101828063F1A504B386C500637D79
:10927000D5029345F6FF8147FD176393F500828081
:109280003387F600034807003387C7002A97230077
:109290000701DDB73387F50014233307F500850791
:1092A00014A3E319F6FE82808147E5BF82808280A5
:1092B00081E5B2856FE0FFC9011122CC06CE26CA36
:1092C0004AC84EC6328401EEEFE03FBE0149F2408B
:1092D00062444A85D2444249B24905618280AE84E3
:1092E000AA8991282689E37485FEA2854E85EFE040
:1092F0005FC62A8969DDA6852286EFE0EF94A68500
:109300004E85EFE09FBAE1B7411122C42A842E8531
:10931000B285368623A4019206C6EF10C072FD57AF
:109320006317F500938781929C4391C31CC0B240A0
:1093300022444101828083A7C5FF1385C7FF63D5FF
:109340000700AA959C413E958280370810000111C4
:109350007D183377B80026CA3378D80093D44501F6
:1093600013D34601131E37004EC61357D5010E08FE
:109370009357D60193F4F47F1373F37F06CE22CC78
:109380004AC893D9F50193DEF6013367C701131F6D
:10939000350033E80701931F3600338E6440638045
:1093A000D9196356C0136304031CB70680009307E2
:1093B000F07F3368D800638FF4369307800363C06F
:1093C000C735FD4763CDC747130500023305C541C7
:1093D000B3D7CF01B316A8003399AF00DD8E333970
:1093E0002001B357C80133E926011D8F33092F41EE
:1093F000B3372F013306F7409317860063D4072451
:10940000370780007D173374E600630C042C228537
:10941000EFA00FDF130785FF93070002998FB35763
:10942000F9003316E400D18F3319E9006341972A1C
:1094300033059740130615007D47634DC738130762
:109440000002118FB356C9003319E9003397E700C2
:10945000558F333920013369270133D6C700814442
:109460009377790081CF1377F90091476308F7006C
:1094700013074900333927014A963A899317860022
:1094800063D6071C138514009307F07FCE85630411
:10949000F520B70780FFFD17F18F9398D701135977
:1094A0003900A607B3E82801B1831375F57F9396B9
:1094B000C7005205F2406244B182FE05C98ECD8ECE
:1094C000D2444249B2494685B68505618280631E11
:1094D0000E0A138314001373E37F63170322B36729
:1094E000E701B368F801639D041A63870740638648
:1094F00008443309FF41B307074133362F01338650
:10950000C7409317860063D6074C3389EF41B307F2
:10951000E84033B62F013386C740F68991B76350D0
:10952000C00F6300030CB70680009307F07F336819
:10953000D800638AF43A9307800363CBC713FD47CF
:1095400063DFC73513090EFE93070002B3562801E7
:10955000630AFE00130900043309C94133192801C5
:10956000B3EF2F013339F0013369D90031A2B3676A
:10957000F801638A071C9307FEFF638C0738930684
:10958000F07F6309DE1A3E8E0DBDB30593406391F3
:109590000422B367E701638707329387F5FF63818E
:1095A00007449306F07F638CD520BE859307800324
:1095B00063CCB72AFD4763CFB73C930700028D8F7A
:1095C0003319F700B356BF00B317FF003369D90052
:1095D000B337F0003357B7003369F9003308E84078
:1095E00041ACB367F801638007349307FEFF638AD9
:1095F00007209306F07F6308DE2E3E8E2DBF631E8C
:109600000E149386140093F7E67F63910734B367D3
:10961000E7016395042C6380073EB367F801638E0E
:1096200007303309FF01B3070701333FE9013386F0
:10963000E7019317860063D70700B70780FFFD1780
:109640007D8E854493777900E39F07E09317D601D9
:1096500093583900B3E8F800935736001307F07FAA
:10966000638DE404B207B18313F5F47FCE8581B531
:109670003369F801333920017A99B337E901338628
:10968000E70093178600E3DF07FA85049307F07F6E
:109690006396F418CE851305F07F8147814801BD9C
:1096A000C1EB6384083A931636009317D8018D8274
:1096B000B3E8D700F68993573800B3E7F800F9DB31
:1096C00081451305F07FB70708008148CDB3370601
:1096D00080FF7D167D8E93777900998CE39507D86E
:1096E000B5B74A85EFA0CFB113078501FD47E3D594
:1096F000E7D2130685FFB317C900014905BB3369DB
:10970000F80133392001DDB13309FF413306074148
:1097100033342F01330486409317840063CD07242C
:10972000B3688900E39308CE8147814981441DBF16
:10973000E39808F80E059317D7010D81B3E8A70049
:10974000935737009DBF0E059317D7010D81B3E8DE
:10975000A700F2849357370011B733059340638213
:109760000412B70680009307F07F558F630DF32E28
:109770009307800363CBA720FD4763C3A72A930702
:109780000002898F3319F700B356AF00B317FF00FB
:109790003369D900B337F0003357A7003369F900B4
:1097A0003A987E99B337F901338607019A84D1BD7F
:1097B000B70680009307F07F558FE319F3DE931708
:1097C00036008D839318D801B3E81701F6899357B3
:1097D0003800E5B5130715FE9306000233D7E700FE
:1097E000630AD600930600043386C6403396C7004A
:1097F0003369C900333920013369E90001468144E6
:1098000091B53309FF01B30707013336E9013E96ED
:10981000931786008544E3D707E28944B70780FFA2
:10982000FD17F18F135719001379190033692701B8
:109830009398F70133E9280113D6170015B11309DE
:109840000EFE93070002B3562801630AFE001309B7
:1098500000043309C94133192801B3EF2F0133390B
:10986000F0013369D90059B63369E7013339200172
:1098700033892F41B3B72F013306F8409A84F68914
:10988000A5BEB367E701638207189307F5FF6384FA
:10989000071C9306F07F6304D5123E85D1BD930764
:1098A0000002B387C741B316F8003399FF0033D6DF
:1098B000CF01D18E33392001B357C80133E92601D6
:1098C0003E975DBB931736008D839318D801B3E89C
:1098D0001701AE8493573800F68949B3EDC3336955
:1098E000F801E31F09DC0E059317D7010D81B3685A
:1098F000F50093573700D1B36381080E93163600F5
:109900009317D8018D82B3E8D700F68993573800B2
:1099100091BB3309FF41B3070741333F2F01338622
:10992000E7418544D1BC0E059317D7010D81B3687B
:10993000F500F2849357370015B30E059317D7013E
:109940000D81B3E8A7009357370029BB9307F07F39
:10995000E382F6D43309FF013336E901B307070187
:10996000B2979398F7011359190033E9280113D6D8
:109970001700B684C1B93389EF413307E84033B6E5
:109980002F013304C740F68949B43369E7013339FD
:10999000200101BD938705FE93060002B357F7002F
:1099A000638AD50093060004B385B6403317B70029
:1099B000336FEF003339E0013369F90055BD931778
:1099C00036008D839318D801B3E8170193573800F8
:1099D000EDB1B368C900E39708C68147814959B121
:1099E0003389EF41B307E84033B62F013386C740D0
:1099F000F689854411B4931636009317D8018D82E9
:109A0000B3E8D70093573800B1B9931636009317CF
:109A1000D8018D82B3E8D700AA84935738003DB9A6
:109A2000930705FE93060002B357F700630AD500BB
:109A3000930600043385A6403317A700336FEF0069
:109A40003339E0013369F900A9BB81451305F07F83
:109A5000B7070800A9BC3309FF01B3070701333674
:109A6000F9013E9675B3931636009317D8018D828F
:109A7000B3E8D7009357380089B113D74501B7072A
:109A80001000FD1713D846011377F77F9308F07F76
:109A900033FEB700AA8EF58FFD81328F1378F87FE1
:109AA000FD82630B17010543630618016314070168
:109AB000630DFE001A858280B368AE000543E39B08
:109AC00008FEE319E8FED18FF5F70543E394EEFFB6
:109AD0000143E381D5FE054371FF3365AE003333A7
:109AE000A000C9BF13D74501B7071000FD1713D851
:109AF00046011377F77F9308F07F33F3B7002A8E80
:109B0000F58FFD81B28E1378F87FFD82630817030D
:109B1000630018030DEBB368A300631408005D8EA7
:109B200029CA638508046388D502054595ED8280BE
:109B3000B3E8C700E38008FE795582803365A3004F
:109B400065FD630CE802631408005D8E79DEE39E18
:109B5000D5FCE34CE8FC63480701E3E867FC6303DA
:109B6000F302637FF30081E57D558280F5DE0545D4
:109B700082800145E39B08FA82805D8E69DA6DBFC1
:109B800001458280E3E3CEFB0145E372DEFBE5F1B4
:109B9000E1BF13D74501B7071000FD1713D84601E1
:109BA0001377F77F9308F07F33FEB700AA8EF58F07
:109BB000FD81328F1378F87FFD82630E1703630DEA
:109BC000180129E3B368AE00631F08005D8E01EE43
:109BD0000143638C080421A8B3E8C70009436396D6
:109BE00008046DD305A0638408046385D50205438A
:109BF0008DCD7D531DA8B368AE000943639708025D
:109C0000630AE802631408005D8E75D2E391D5FE05
:109C1000E34FE8FC63490701E3EBC7FD630FFE0078
:109C200001436374FE00F1D505431A858280EDFE81
:109C30007D53E5BF5D8E79DACDBFE36ADFFB01437B
:109C4000E3F5EEFFF5F175B7370710007D17011149
:109C50003373B70093D84601758F935ED60122CC3B
:109C600026CA0E0393D445019357D5010E0706CE9D
:109C70004AC84EC693F8F87F130EF07F33E7EE0024
:109C800093F4F47F13D4F50133E36700131F350019
:109C9000FD82931E36006380C81993C61600B385F3
:109CA00014416305D4126351B018638B081AB707C7
:109CB00080005D8F6381C4599307800363C4B73408
:109CC000FD4763C5B748930700028D8FB3D9BE0027
:109CD0003318F700B39EFE00336838013357B700DE
:109CE000B339D001336838013303E340B3090F417E
:109CF000B3373F013306F3409317860063D307243D
:109D0000370980007D1933792601630F092C4A85B4
:109D1000EF901FCF130785FF93070002998FB3D7EA
:109D2000F9003316E900D18FB399E9006344972A0B
:109D3000058F13061700FD4663C5C63A13070002D8
:109D4000118FB3D6C9003398E9003397E700558FD8
:109D500033380001B369070133D6C700814493F754
:109D6000790081CF93F6F90091476388F6009386D6
:109D7000490033B836014296B6899317860063D6F8
:109D8000071C138714009307F07F05886306F720EC
:109D9000B70780FFFD17F18F1398D70193D93900CA
:109DA000A60733683801B1831377F77F9396C7000E
:109DB0005207B1827E04D98EC18EF2406244D244F1
:109DC0004249B2494285B685056182806356B00A30
:109DD000638A0812B70780005D8F6387C42D9307DD
:109DE000800363C7B718FD4763D2B73C138805FEED
:109DF00093070002B3590701638AF5009307000433
:109E0000B385B7403317B700B3EEEE003338D00157
:109E10003368380195A2B367D7019385148099E31D
:109E200093C61600630AD404D1E19387140093F714
:109E3000E77F6399071EB367E3013368D701639235
:109E400004166382073C6316084213183500931604
:109E5000D3011358380033E806019357330019A291
:109E6000B367D7016385071A9387F5FF638B073ABA
:109E7000638CC523BE8589B56399051C9386140040
:109E800093F7E67FC1EFB367E30163900436638D18
:109E90000744B367D701639407460E051318D3012F
:109EA0000D813368A800935733006DA8B38598409F
:109EB00063970420B367E301638D07309387F5FF51
:109EC000638907401305F07F6383A520BE85930750
:109ED000800363C2B72AFD4763C8B73C93070002FB
:109EE0008D8F3318F3003356BF00B317FF0033686C
:109EF000C800B339F0003353B30033683801330777
:109F00006740B5ACB367D701638307109387F5FF4C
:109F1000638F071E6380C52FBE85D1B59307F07F81
:109F2000638BF606FA9E33B6EE01B307E300B297F1
:109F30001398F70193DE1E00B369D80113D61700FA
:109F4000B68493F77900E39F07E09317D60113D8FF
:109F500039003368F800A685935736001307F07F61
:109F60006380E506B207B18313F7F57F05883DBD31
:109F70003367D7013338E000B309E801B3B7E9012B
:109F80003386670093178600E3DD07FA850493079D
:109F9000F07F639CF41805881307F07F8147014820
:109FA00031B5639107106301083C1318360093170D
:109FB000D701135838003368F800368493573700B8
:109FC000B367F800E9DB01441307F07FB707080027
:109FD0000148E9BB370680FF7D167D8E93F7790037
:109FE000998CE39107D895B74E85EF907FA1130721
:109FF0008501FD47E3D2E7D2130685FFB397C90079
:10A0000081492DB33368D70133380001C5B1131826
:10A0100035009317D301135838003368F80093576D
:10A0200033002DBFB309DF413309E34033363F012D
:10A030003309C9409317890063CA072033E829010F
:10A04000E31508CC8147014431BFB3859840638153
:10A050000414B70680009307F07F3363D300638155
:10A06000F8209307800363CCB722FD4763C9B72C60
:10A07000930700028D8F3318F300B356BF00B31758
:10A08000FF003368D800B339F0003353B3003368AE
:10A0900038011A97B309D801B3B7D9013386E7005D
:10A0A000C684CDB5E31108F2131835009317D30118
:10A0B000135838003368F8009357330011B7370549
:10A0C00080009307F07F3363A300E392F8E00E066D
:10A0D0001318D7010D823368C800935737003684B0
:10A0E000C5B505179306000233D7E700630AD6000B
:10A0F000930600043386C6403396C700B3E9C9000F
:10A1000033383001B369E800014681441DBDB3090D
:10A11000DF01B307E30033BFE9013386E70193179B
:10A1200086008544E3DF07E08944B70780FFFD1719
:10A13000F18F13D7190013F81900336807019399A9
:10A14000F701B3E9090113D6170011B9138805FE09
:10A1500093070002B3590701638AF50093070004CF
:10A16000B385B7403317B700B3EEEE003338D001F4
:10A1700033683801A5BE3363E30133386000B38927
:10A180000E41B3B73E013306F740C6843684ADB600
:10A19000B367E301638707189387F5FF638C071C98
:10A1A0009306F07F638ED50ABE8565BD93070002D6
:10A1B0008D8FB3D9BE003318F700B39EFE0033680D
:10A1C00038013357B700B339D001336838013A93B7
:10A1D00065B3131836009317D7011358380033E8C6
:10A1E000070136849357370095BBBDCB3367D70142
:10A1F000E31B07DC0E051318D3010D813368A8009B
:10A200009357330075BBE30F08E21318360093171A
:10A21000D701135838003368F80036849357370055
:10A2200091B3B309DF41B307E340333F3F013386C6
:10A23000E7418544D1B4131835009316D301135860
:10A24000380033E80601935733009DBBB389EE41D4
:10A250003306674033B93E0133092641368475B46D
:10A260000E061318D7010D823368C80093573700C4
:10A2700081BBB309DF41B307E34033363F01338687
:10A28000C7409317860063D7070AB389EE41B30727
:10A290006740B3BE3E013386D7413684C9B43363C9
:10A2A000E30133386000FDB3138805FE9307000215
:10A2B000B3590301638AF50093070004B385B740DF
:10A2C0003313B300336F6F003338E0013368380164
:10A2D0007DB5B389EE41B3076740B3BE3E01338617
:10A2E000D7413684854409BC131836009317D7012B
:10A2F000135838003368F80093573700A5B1B309F5
:10A30000DF01B307E30033BFE9013386E7019317A9
:10A310008600E3D807C2B70780FFFD177D8E85440E
:10A320000DB10E061318D7010D823368C80093577C
:10A3300037002DB133E8C900E30608D019B11388FE
:10A3400005FE93070002B3590301638AF5009307E2
:10A350000004B385B7403313B300336F6F00333855
:10A36000E001336838013DB301441307F07FB707BC
:10A3700008002DBCB309DF01B307E300B3BED90168
:10A380003386D70169BB13D74501B7071000FD1706
:10A390001347F7FF13D84601FD8DF58F931657012C
:10A3A0001378F87F99CA1307F07F01456303E8002B
:10A3B0008280D18F3335F0008280C98D0545E5D587
:10A3C000828093D74501B70610001387F6FF93F7F5
:10A3D000F77F1306E03F6D8FFD81635CF600130687
:10A3E000D041635AF600370500801345F5FF2E95DE
:10A3F000828001458280130630431D8E7D48558F33
:10A40000635DC80093063041B387F640B357F70049
:10A410003305F040E5F13E8582809387D7BEB317C0
:10A42000F7003355C500C98FE5B793D74501B70687
:10A4300010001387F6FF93F7F77F1306E03F2A8893
:10A440006D8F0145FD816354F60099C18280828041
:10A450001306E0417D55E34BF6FE130530431D8D99
:10A460007D46558F634AA6009387D7BE3317F70002
:10A470003355A800598D828013053041B307F5404C
:10A480003355F70082801DCD411122C406C62A84AF
:10A49000EF900FD79306E041898EA94793F6F67F98
:10A4A00063DCA7025515B317A400B207B1830147B7
:10A4B000B2402244B207D206B183D58F3A85BE8519
:10A4C0004101828081478146B207D206B1830147AC
:10A4D000D58F3A85BE8582802D47098FB357E4001A
:10A4E000B207130755013317E400B183D1B793576F
:10A4F00046011317C60093F7F77F7971318393866E
:10A50000170022D426D206D64AD02EC83ACA02CE86
:10A5100002CC93F6E67F2A849354F601B9CA916679
:10A52000938606C0B69713D645009316C701C60793
:10A53000D18E1395C5011183C583014878863247B2
:10A54000C607B7050180C583FD15C2076D8FD98F7A
:10A5500086071396F4018583D18F48C02320040118
:10A5600014C45CC42285B2502254925402594561ED
:10A5700082803365B700BDE751CD55C33A85EF9072
:10A580002FC8130715031378F7011587631D080AF1
:10A59000100893162700B306D6408A8813182700A0
:10A5A000CC46B3870601F116CCC7E39BD8FE7D17D6
:10A5B0000A073297232007009306C7FF6309E600C6
:10A5C0003687232007009306C7FFE31BE6FE91674B
:10A5D0009387C7C0898FC60742485245E246B8866E
:10A5E000C583A9BF15C1A167135547009316C701BD
:10A5F0003367F50013D645004207D18E1395C50188
:10A600004183FD1701481DBFA1678146FD17014722
:10A6100001482DB7814681470147014805B72E857E
:10A620002E89EF90EFBD130715051378F701130579
:10A6300005021587E30E08F489476306F70009470A
:10A640001008B14835A8B306E0408A061008B106E4
:10A65000130E0002B29693182700330E0E4183A505
:10A66000C6FF9C4233831601B3D5C501B3970701DA
:10A67000DD8D2320B300F116E313D6FE42497D178A
:10A680001C10BE983319090123A828FF15B793D6CB
:10A6900045019397C50093F6F67FB18313861600A4
:10A6A0008E071357D5011376E67FFD815D8F9318D2
:10A6B000350035CE138806C89307E00F63DD070128
:10A6C0008147139597009306F00FDE062581FE055E
:10A6D000558D4D8D82806355000B931765000E07D5
:10A6E000B337F000D98F93D8D801B3E7170113F728
:10A6F00077006301071013F7F70091466303D70053
:10A700009107370700047D8F75C7130718001306DC
:10A71000F00F9376F70FE305C7FA9A07A583139511
:10A720009700DE062581FE05558D4D8D8280B3672D
:10A73000170199EE85CF95479A07A5831395970042
:10A7400093F6F60FDE062581FE05558D4D8D828030
:10A75000A5DBB7074000139597009306F00FDE06C0
:10A7600081452581FE05558D4D8D8280814713954C
:10A7700097008146DE062581FE05558D4D8D828030
:10A78000A5576348F804F94737068000B3870741A7
:10A790007D45598E6351F5047957330707411305F9
:10A7A00000023357E6006388A700938626CAB316D3
:10A7B000D600B3E8D800B3371001D98F13F777006C
:10A7C000014815FB139757008546E34807F4814677
:10A7D000A5B781468DB7938626C83397D8003337FF
:10A7E000E000B316D600B3D8F800B367D700B3E7DC
:10A7F000F800E9B7C28689B70328C500184154415B
:10A800000C4521659307F5FF13560801139E35008B
:10A810007D8E9358D70193D7D601131308018E0666
:10A820004111B3E7C701B3E6160113530301131E29
:10A830003700930816007915F5810E033EC436C221
:10A8400072C033F5A8001358F801B3E5650005C9D7
:10A850007177130707403A961307E07F635DC704DB
:10A860001306F07F014781473207520631837E0885
:10A87000518F336707013E85BA8541018280D58FAC
:10A88000CD8FB3E7C70105E2F1CB8147954693D55C
:10A890003600139797009396D701B3E7B60031833C
:10A8A0001376F67FD1B7CDDF01481306F07F370767
:10A8B0000800814755BF6346C00A9307C0FC634F39
:10A8C000F60E9307D0033386C74093575640370799
:10A8D0000800D98D139527000A8781462EC6B30834
:10A8E000A10011077D8AB3E6C60163091701032E93
:10A8F00007001107B3E6C601E31B17FF0D471D8FC5
:10A9000079CA93080101AA9883A808FF130E0002D0
:10A91000330ECE40B398C801B3E6160175CB0A07D3
:10A920000A95B30EE1008A880C4103234500910883
:10A93000B3D5C5003313C301B3E5650023AEB8FE3C
:10A940001105E3931EFF9145B387F540B245080812
:10A950002A97B3D5C5002328B7FE61A80146014751
:10A9600021B713974600139547003367C701F1825B
:10A97000F18392053337E000C98ECD8FD98E13F75E
:10A98000760011C713F7F6009145631CB70237072D
:10A9900080007D8FE30D07EE05061307F07FE301CE
:10A9A000E6EC370780FF7D177D8F9317D7018D82E7
:10A9B00026071376F67FD58F31837DB5854681478F
:10A9C000014613B7C6FF13471700BA973707800031
:10A9D00091067D8FC1B78A85B388A50083A808003A
:10A9E0009105050623AE15FFE358C7FE1147B307CF
:10A9F000F7408A078A97180823A007009107E39D6C
:10AA0000E7FE0247B336D0009247D98E014685BF94
:10AA1000854701472DBF9307800523A4F1927D55FB
:10AA200082809307800523A4F1927D55828093074D
:10AA3000800523A4F192014582809307800523A419
:10AA4000F1927D5582809307800523A4F1927D5574
:10AA5000828000003808843C8571813CAE3FD33A47
:10AA6000333353400000803F0050C347ACC5273705
:10AA700000401C4617B7D1380000204100000000FC
:10AA800000000000000024400000000000005940C9
:10AA900053797374656D436C6B3A25640D0A00003D
:10AAA0004368697049443A253038780D0A0000003F
:10AAB0004275636B2D426F6F7374204475616C2D0A
:10AAC0004C6F6F702053746172740D0050574D3A83
:10AAD00020706572696F643D25642044543D25648F
:10AAE000206D696E3D2564206D61783D25640D0AF9
:10AAF00000000000562D5049443A206B703D252E31
:10AB00003266206B693D252E316620663D252E304C
:10AB100066487A206C696D3D5B302C252E3166418C
:10AB20005D0D0A00492D5049443A206B703D252E99
:10AB30003266206B693D252E316620663D252E301C
:10AB400066487A206C696D3D5B25642C25645D0D3B
:10AB50000A0000004C6561643A2062303D252E33C6
:10AB6000662062313D252E33662061313D252E332E
:10AB70006620284255434B20706173737468726F6E
:10AB8000756768290D0A0000443A2056494E3D2554
:10AB90002E31665620564F55543D252E326656208E
:10ABA000494C3D252E32664120497265663D252E71
:10ABB00032664120445554593D252E3166252520C5
:10ABC0004D443D25730D0A0025375B5E3D5D3D25F7
:10ABD0006600000056524546000000004F4B2025FD
:10ABE000733D252E33660D0A00000000565F4B5062
:10ABF00000000000565F4B4900000000495F4B50C9
:10AC000000000000495F4B490000000045525220FF
:10AC1000756E6B6E6F776E3A2025730D0A0000001B
:10AC200058AC000060AC000068AC00000CFE8C4228
:10AC3000C1404D48E8ED2A3D99D5F842D5459C3FA5
:10AC4000198431BFDEF0F1BE34B6E14037061A4850
:10AC5000A3A50D3D6F5141444255434B00000000F8
:10AC6000424F4F5354000000424200000D000000CC
:10AC7000CA77FFFF4E76FFFF5E77FFFF6677FFFF25
:10AC80005E77FFFF7E76FFFF5E77FFFF6677FFFF51
:10AC90004E76FFFF4E76FFFF7E76FFFF6677FFFF63
:10ACA000C077FFFFC077FFFFC077FFFF7E76FFFF13
:10ACB0000C7DFFFFFE7BFFFFFE7BFFFFFC7BFFFFAA
:10ACC000047CFFFF047CFFFFCA7BFFFFFC7BFFFFD0
:10ACD000047CFFFFCA7BFFFF047CFFFFFC7BFFFFC0
:10ACE000F87CFFFFF87CFFFFF87CFFFFCA7BFFFFCB
:10ACF000E285FFFF3485FFFF3485FFFF3285FFFFCC
:10AD00003885FFFF3885FFFF0885FFFF3285FFFF8D
:10AD10003885FFFF0885FFFF3885FFFF3285FFFF7D
:10AD2000D085FFFFD085FFFFD085FFFF0885FFFF9F
:10AD300000010202030303030404040404040404E2
:10AD400005050505050505050505050505050505B3
:10AD50000606060606060606060606060606060693
:10AD60000606060606060606060606060606060683
:10AD70000707070707070707070707070707070763
:10AD80000707070707070707070707070707070753
:10AD90000707070707070707070707070707070743
:10ADA0000707070707070707070707070707070733
:10ADB0000808080808080808080808080808080813
:10ADC0000808080808080808080808080808080803
:10ADD00008080808080808080808080808080808F3
:10ADE00008080808080808080808080808080808E3
:10ADF00008080808080808080808080808080808D3
:10AE000008080808080808080808080808080808C2
:10AE100008080808080808080808080808080808B2
:10AE200008080808080808080808080808080808A2
:10AE3000FFFFFFFFFFFFEF7F494E4600696E660090
:10AE40004E414E006E616E003000000030313233F2
:10AE50003435363738394142434445460000000016
:10AE60003031323334353637383961626364656680
:10AE70000000000065256C64000000000000C07F39
:10AE80006E9DFFFF5A9DFFFF8C9DFFFF929DFFFF70
:10AE90006E9DFFFF00000000000000000000E03F8A
:10AEA000000000000000F03F000000000000004033
:10AEB0000000C0FFFFFFDF419535A094FFFFDF3F9B
:10AEC00035E5AF350000E03F9535A094FFFFCF3F5B
:10AED0006E660000696E697479000000616E0000A2
:10AEE00035000000CEFBFFFFCB0300000100000097
:10AEF0000000000034000000CEFBFFFFCB03000089
:10AF00000100000000000000BC89D897B2D29C3C30
:10AF100033A7A8D523F649393DA7F444FD0FA53240
:10AF20009D978CCF08BA5B25436FAC6428066811E7
:10AF3000000000000000F83F61436F63A787D23F25
:10AF4000B3C8608B288AC63FFB799F501344D33F18
:10AF50000000000000001C40000000000000144041
:10AF6000496E66696E697479000000004E614E009A
:10AF700000000000000000000000000000000000D1
:10AF800000000000000000000000000000000000C1
:10AF900000000000000000000000000000000000B1
:10AFA00000000000000000000000000000000000A1
:10AFB0000000000000000000000000000000000091
:10AFC0000000000000000000000000000000000081
:10AFD00043000000504F5349580000002E0000006D
:10AFE0000080E03779C34143176E05B5B5B8934685
:10AFF000F5F93FE9034F384D321D30F94877825A51
:10B000003CBF737FDD4F1575000000000000F03F6E
:10B010000000000000002440000000000000594033
:10B020000000000000408F40000000000088C34086
:10B0300000000000006AF8400000000080842E41FB
:10B0400000000000D01263410000000084D7974147
:10B050000000000065CDCD41000000205FA002424D
:10B06000000000E876483742000000A2941A6D42C2
:10B07000000040E59C30A2420000901EC4BCD642B5
:10B0800000003426F56B0C430080E03779C3414360
:10B0900000A0D8855734764300C84E676DC1AB43D6
:10B0A000003D9160E458E143408CB5781DAF1544F4
:10B0B00050EFE2D6E41A4B4492D54D06CFF08044CF
:10B0C000F64AE1C7022DB544B49DD9794378EA44E4
:10B0D00005000000190000007D000000232D302B2A
:10B0E00020000000686C4C0065666745464700001C
:10B0F000412D46612D66383930313233343536379B
:10B100005D0000002B2D000030300000785800005A
:10B110000020202020202020202028282828282027
:10B12000202020202020202020202020202020201F
:10B130002088101010101010101010101010101087
:10B140001004040404040404040404101010101077
:10B150001010414141414141010101010101010141
:10B160000101010101010101010101011010101093
:10B170001010424242424242020202020202020213
:10B180000202020202020202020202021010101067
:10B19000200000000000000000000000000000008F
:10B1A000000000000000000000000000000000009F
:10B1B000000000000000000000000000000000008F
:10B1C000000000000000000000000000000000007F
:10B1D000000000000000000000000000000000006F
:10B1E000000000000000000000000000000000005F
:10B1F000000000000000000000000000000000004F
:10B20000000000000000000000000000000000003E
:04B21000000000003A
:10B214000000000000000000010203040607080902
:10B2240000000000010203040102030406070809E8
:10B234000000000090AF0000B0AF000070AF00004D
:10B2440000000000000000000000000000000000FA
:10B2540000000000000000000000000000000000EA
:10B2640000000000000000000000000000000000DA
:10B2740000000000000000000000000000000000CA
:10B2840000000000000000000000000000000000BA
:10B294004300000000000000000000000000000067
:10B2A400000000000000000000000000000000009A
:10B2B4004300000000000000000000000000000047
:10B2C400000000000000000000000000000000007A
:10B2D4004300000000000000000000000000000027
:10B2E400000000000000000000000000000000005A
:10B2F4004300000000000000000000000000000007
:10B304000000000000000000000000000000000039
:10B3140043000000000000000000000000000000E6
:10B324000000000000000000000000000000000019
:10B3340043000000000000000000000000000000C6
:10B3440000000000000000000000000000000000F9
:10B3540043000000000000000000000000000000A6
:10B3640000000000000000000000000000000000D9
:10B374006C910000FE7300000000000010B100009A
:10B38400DCAF0000F0AA0000F0AA0000F0AA000060
:10B39400F0AA0000F0AA0000F0AA0000F0AA000041
:10B3A400F0AA0000F0AA0000FFFFFFFFFFFFFFFF6D
:10B3B400FFFFFFFFFFFF0000010041534349490025
:10B3C4000000000000000000000000000000000079
:10B3D4000000000000000000000041534349490000
:10B3E4000000000000000000000000000000000059
:10B3F4000000000000000000000000000000000049
:10B404000000003F0000A040004495080204060824
:10B414001C03002020000020200000200000000069
:00000001FF
